file_id,meta,left,node,right,freq,ttr,entropy,section
W_ENS_PTJ_XX1_029,ENS,time to study . On,the other hand,", there are some select",35,0.615,0.929,top
W_JPN_SMK_A2_0_037,JPN,"by smoking . But ,",the other hand,", some guests hate smoking",35,0.615,0.929,top
W_ENS_SMK_XX3_33,ENS,". Dangerous driving , on",the other hand,", is rightly illegal .",35,0.615,0.929,top
W_ENS_PTJ_XX1_063,ENS,part time job . On,the other hand,", a student who has",35,0.615,0.929,top
W_JPN_PTJ_B1_1_085,JPN,"high school , but on",the other hand,", the college student do",35,0.615,0.929,top
W_JPN_SMK_A2_0_068,JPN,smoking is harmful . On,the other hand,", there is an opinion",35,0.615,0.929,top
W_JPN_PTJ_B1_1_080,JPN,part time job . On,the other hand,", even if the latter",35,0.615,0.929,top
W_JPN_PTJ_B1_1_061,JPN,"on . But , on",the other hand,", there is a person",35,0.615,0.929,top
W_JPN_SMK_A2_0_012,JPN,cause their cancer . On,the other hand,", there are some people",35,0.615,0.929,top
W_ENS_PTJ_XX3_27,ENS,"of college students , on",the other hand,", it is probable that",35,0.615,0.929,top
W_JPN_SMK_B1_1_015,JPN,at the restaurant . On,the other hand,", it is not necessary",35,0.615,0.929,top
W_ENS_PTJ_XX1_090,ENS,be very helpful . On,the other hand,", a part time job",35,0.615,0.929,top
W_JPN_PTJ_B1_1_024,JPN,job is studying . On,the other hand,we are also post working,35,0.615,0.929,top
W_JPN_PTJ_B1_1_123,JPN,person fit me . On,the other hand,some students absent his class,35,0.615,0.929,top
W_JPN_SMK_A2_0_138,JPN,"right of smoking , on",the other hand,we have no right of,35,0.615,0.929,top
W_JPN_SMK_A2_0_091,JPN,"is direct violence , on",the other hand,", smoking is'indirect'violence . But",35,0.615,0.929,top
W_ENS_PTJ_XX1_047,ENS,and be polite . On,the other hand,", there are many people",35,0.615,0.929,top
W_ENS_SMK_XX1_058,ENS,family of four . On,the other hand,", when smokers go to",35,0.615,0.929,top
W_JPN_SMK_B1_1_123,JPN,his house too . On,the other hand,some people say we should,35,0.615,0.929,top
W_JPN_SMK_A2_0_087,JPN,all the restaurants . On,the other hand,", from the restaurants '",35,0.615,0.929,top
W_JPN_PTJ_B1_1_172,JPN,part time job . On,the other hand,", I think that college",35,0.615,0.929,top
W_JPN_PTJ_A2_0_153,JPN,be polite unconsciously . On,the other hand,", when you talk to",35,0.615,0.929,top
W_JPN_PTJ_B1_1_072,JPN,are very useful . On,the other hand,", some people may say",35,0.615,0.929,top
W_JPN_SMK_A2_0_093,JPN,injure only users . On,the other hand,tobaccos injure not only users,35,0.615,0.929,top
W_ENS_PTJ_XX1_039,ENS,such a pursuit . On,the other hand,", students who feel they",35,0.615,0.929,top
W_ENS_SMK_XX1_032,ENS,they were smokers . On,the other hand,", almost 90 % of",35,0.615,0.929,top
W_JPN_PTJ_B1_1_120,JPN,", if possible . On",the other hand,", some people may say",35,0.615,0.929,top
W_ENS_SMK_XX3_56,ENS,rights . The smokers on,the other hand,claim that it ignores theirs,35,0.615,0.929,top
W_JPN_SMK_B1_1_145,JPN,because of smoke . On,the other hand,", if they sit nonsmoking",35,0.615,0.929,top
W_JPN_SMK_B1_1_025,JPN,to these people . On,the other hand,", smokers who ban smoking",35,0.615,0.929,top
W_JPN_PTJ_B1_1_146,JPN,is absolutely needed . On,the other hand,", common sences is needed",35,0.615,0.929,top
W_JPN_PTJ_B1_2_39,JPN,older than us . On,the other hand,", we can do it",35,0.615,0.929,top
W_ENS_PTJ_XX2_25,ENS,the long term . On,the other hand,", if students are paying",35,0.615,0.929,top
W_JPN_PTJ_A2_0_041,JPN,to my taste . On,the other hand,", I think that it",35,0.615,0.929,top
W_JPN_SMK_A2_0_120,JPN,near to smoker . On,the other hand,", cigarette is a necessity",35,0.615,0.929,top
W_ENS_PTJ_XX1_048,ENS,ways . It has taken,a long time,for me to learn about,34,0.615,0.929,top
W_JPN_PTJ_B1_1_167,JPN,and have been working for,a long time,. You can lern so,34,0.615,0.929,top
W_ENS_SMK_XX3_35,ENS,it should have been done,a long time,ago . I think there,34,0.615,0.929,top
W_ENS_SMK_XX1_054,ENS,we have to work for,a long time,in the restaurant every day,34,0.615,0.929,top
W_JPN_SMK_A2_0_069,JPN,and enjoy their life for,a long time,. If a woman is,34,0.615,0.929,top
W_ENS_PTJ_XX1_048,ENS,"this , and has taken",a long time,for me to shake the,34,0.615,0.929,top
W_JPN_SMK_B1_2_16,JPN,is such a thing for,a long time,", non smoker may have",34,0.615,0.929,top
W_ENS_PTJ_XX1_012,ENS,been going to school for,a long time,or are pursuing an advanced,34,0.615,0.929,top
W_JPN_PTJ_B2_0_18,JPN,", some students work for",a long time,and it cut their time,34,0.615,0.929,top
W_JPN_SMK_B1_1_029,JPN,they do n't smoke for,a long time,. So it seems that,34,0.615,0.929,top
W_ENS_PTJ_XX1_041,ENS,a part time job for,a long time,. In my part time,34,0.615,0.929,top
W_JPN_PTJ_B2_0_18,JPN,of students to have such,a long time,to study and improve their,34,0.615,0.929,top
W_ENS_SMK_XX2_19,ENS,"Japanese , it may be",a long time,before smoking is banned at,34,0.615,0.929,top
W_JPN_PTJ_B1_1_145,JPN,And other friend that has,a long time,job has no time to,34,0.615,0.929,top
W_JPN_SMK_A2_0_001,JPN,should put up with smoking,a long time,". Today , divide the",34,0.615,0.929,top
W_ENS_PTJ_XX1_070,ENS,I have thought so for,a long time,". Therefore , I have",34,0.615,0.929,top
W_JPN_PTJ_A2_0_035,JPN,rely on our parents for,a long time,", we should independent .",34,0.615,0.929,top
W_JPN_SMK_A2_0_057,JPN,who have smoked heavily for,a long time,depend on cigarette heavily and,34,0.615,0.929,top
W_JPN_SMK_A2_0_150,JPN,smokes on the seat for,a long time,", the seat has bad",34,0.615,0.929,top
W_JPN_SMK_A2_0_056,JPN,the bad smell remains for,a long time,. The bad smell cling,34,0.615,0.929,top
W_JPN_PTJ_A2_0_069,JPN,", we no longer have",a long time,for learning unknown things or,34,0.615,0.929,top
W_JPN_SMK_A2_0_120,JPN,they do not smoke for,a long time,", they will feel irritate",34,0.615,0.929,top
W_JPN_SMK_B1_1_175,JPN,they are healthy to live,a long time,". Furthermore , smoking does",34,0.615,0.929,top
W_ENS_PTJ_XX1_077,ENS,part time job for quite,a long time,. When I graduate with,34,0.615,0.929,top
W_ENS_SMK_XX1_055,ENS,what we should 've done,a long time,ago throughout the entire world,34,0.615,0.929,top
W_ENS_PTJ_XX3_16,ENS,'ve been doing it for,a long time,. I 've been working,34,0.615,0.929,top
W_JPN_SMK_B1_1_029,JPN,people who have smoked for,a long time,are likely to get a,34,0.615,0.929,top
W_ENS_PTJ_XX1_005,ENS,for the first time in,a long time,", I have n't been",34,0.615,0.929,top
W_ENS_SMK_XX1_021,ENS,relatives have been smoking for,a long time,", and so for them",34,0.615,0.929,top
W_ENS_SMK_XX1_073,ENS,he had health problems for,a long time,. Once he moved out,34,0.615,0.929,top
W_ENS_SMK_XX1_012,ENS,in restaurants for kind of,a long time,", and I think this",34,0.615,0.929,top
W_ENS_SMK_XX1_050,ENS,was mad at me for,a long time,simply for having something that,34,0.615,0.929,top
W_ENS_SMK_XX1_005,ENS,This has been coming for,a long time,actually and there have been,34,0.615,0.929,top
W_ENS_SMK_XX1_070,ENS,some people that smoke for,a long time,"and have no cancer ,",34,0.615,0.929,top
W_ENS_PTJ_XX3_29,ENS,while trying to study at,the same time,. The marketplace is a,34,0.615,0.929,top
W_JPN_PTJ_B1_1_007,JPN,tired to have job at,the same time,. I need time to,34,0.615,0.929,top
W_ENS_PTJ_XX2_33,ENS,to work and study at,the same time,", without creating a negative",34,0.615,0.929,top
W_ENS_PTJ_XX3_19,ENS,themselves educationally and economically at,the same time,.,34,0.615,0.929,top
W_ENS_PTJ_XX1_027,ENS,the college community while at,the same time,receiving compensation for their services,34,0.615,0.929,top
W_JPN_SMK_A2_0_106,JPN,are to be protected at,the same time,". To achieve it ,",34,0.615,0.929,top
W_ENS_SMK_XX2_19,ENS,all public places . At,the same time,", I think it is",34,0.615,0.929,top
W_ENS_PTJ_XX1_058,ENS,and still attend classes at,the same time,. Part time work should,34,0.615,0.929,top
W_JPN_PTJ_B1_1_120,JPN,take part time jobs at,the same time,", if we take them",34,0.615,0.929,top
W_ENS_PTJ_XX3_48,ENS,to work and study at,the same time,. They may even be,34,0.615,0.929,top
W_JPN_SMK_A2_0_009,JPN,eating and relax . At,the same time,", however , a restaurant",34,0.615,0.929,top
W_JPN_PTJ_B1_1_069,JPN,many guest come bar at,the same time,", workers become very busy",34,0.615,0.929,top
W_ENS_PTJ_XX1_014,ENS,be doing schoolwork all at,the same time,. I think I was,34,0.615,0.929,top
W_JPN_PTJ_A2_0_059,JPN,. But we are at,the same time,expected to be responsible about,34,0.615,0.929,top
W_JPN_PTJ_A2_0_029,JPN,is always exciting but at,the same time,we are worry many things,34,0.615,0.929,top
W_JPN_PTJ_B1_1_056,JPN,very hard and painful at,the same time,". Therefore , having a",34,0.615,0.929,top
W_JPN_PTJ_B2_0_10,JPN,things than older people in,the same time,. If we have a,34,0.615,0.929,top
W_JPN_PTJ_B2_0_06,JPN,"too . But , at",the same time,", I think it is",34,0.615,0.929,top
W_ENS_PTJ_XX1_091,ENS,to work and study at,the same time,. This applies to young,34,0.615,0.929,top
W_ENS_PTJ_XX1_082,ENS,and social life all at,the same time,", has benefit me every",34,0.615,0.929,top
W_JPN_SMK_A2_0_105,JPN,else is smoking . At,the same time,", some people become displeased",34,0.615,0.929,top
W_JPN_PTJ_A2_0_093,JPN,will very happy . At,the same time,they will notice how hard,34,0.615,0.929,top
W_ENS_PTJ_XX1_029,ENS,their schoolwork while at of,the same time,finding a way to have,34,0.615,0.929,top
W_JPN_SMK_B1_1_076,JPN,people can go there at,the same time,". For example , they",34,0.615,0.929,top
W_JPN_SMK_B2_0_17,JPN,"smokers make , and at",the same time,the scent sticks with our,34,0.615,0.929,top
W_ENS_SMK_XX1_085,ENS,they tend to smoke at,the same time,", and just before we",34,0.615,0.929,top
W_JPN_PTJ_B1_1_102,JPN,your forever treasure . At,the same time,", you do not have",34,0.615,0.929,top
W_JPN_SMK_B1_1_106,JPN,feel smokes and dinner at,the same time,", interest to our dinner",34,0.615,0.929,top
W_JPN_SMK_B1_1_007,JPN,has right not smoking at,the same time,. But non smoker 's,34,0.615,0.929,top
W_ENS_PTJ_XX3_44,ENS,can work and study at,the same time,because they are getting the,34,0.615,0.929,top
W_ENS_PTJ_XX1_014,ENS,also make some money at,the same time,". For me , a",34,0.615,0.929,top
W_JPN_SMK_B1_1_067,JPN,"smoke . However , at",the same time,", you get harm your",34,0.615,0.929,top
W_ENS_PTJ_XX3_13,ENS,in work at study at,the same time,. Added to this is,34,0.615,0.929,top
W_ENS_PTJ_XX1_074,ENS,gain valuable work experience while,the same time,making some spending money and,34,0.615,0.929,top
W_ENS_SMK_XX1_070,ENS,logical perspective it would be,a good idea,to ban smoking at restaurants,30,0.615,0.929,top
W_JPN_SMK_B1_1_131,JPN,Japan . Indeed it is,a good idea,to avoid the smoke .,30,0.615,0.929,top
W_JPN_SMK_B2_0_04,JPN,headache . So it 's,a good idea,"to separate smoking zone ,",30,0.615,0.929,top
W_ENS_SMK_XX1_081,ENS,Banning smoking on airplanes was,a good idea,because the second hand smoke,30,0.615,0.929,top
W_ENS_SMK_XX1_018,ENS,Japan would appear to be,a good idea,.,30,0.615,0.929,top
W_ENS_SMK_XX1_004,ENS,usually think that it is,a good idea,to ask us ( the,30,0.615,0.929,top
W_JPN_PTJ_B2_0_10,JPN,", I think it is",a good idea,to have a short term,30,0.615,0.929,top
W_ENS_SMK_XX1_015,ENS,", I think it is",a good idea,to ban smoking at restaurants,30,0.615,0.929,top
W_JPN_SMK_B2_0_10,JPN,in the country is really,a good idea,.,30,0.615,0.929,top
W_ENS_SMK_XX1_004,ENS,it would n't be such,a good idea,to ban smoking because the,30,0.615,0.929,top
W_ENS_PTJ_XX3_27,ENS,"students , it is perhaps",a good idea,for them to work part,30,0.615,0.929,top
W_ENS_PTJ_XX1_044,ENS,of them think it is,a good idea,. Many of them tell,30,0.615,0.929,top
W_ENS_SMK_XX1_024,ENS,I think it would be,a good idea,to ban smoking at all,30,0.615,0.929,top
W_ENS_SMK_XX1_041,ENS,they think it would be,a good idea,to ban smoking especially in,30,0.615,0.929,top
W_ENS_PTJ_XX3_06,ENS,do think that it is,a good idea,for students to get jobs,30,0.615,0.929,top
W_JPN_SMK_B1_1_177,JPN,statement . I have heard,a good idea,about this problem . This,30,0.615,0.929,top
W_ENS_SMK_XX1_001,ENS,n't think that it is,a good idea,for the Japanese government to,30,0.615,0.929,top
W_ENS_SMK_XX1_004,ENS,think that it would be,a good idea,to ask them .,30,0.615,0.929,top
W_JPN_SMK_B1_1_160,JPN,smoking seat . This is,a good idea,separate customers . The matter,30,0.615,0.929,top
W_ENS_SMK_XX2_17,ENS,restaurants in Japan would be,a good idea,", I do not think",30,0.615,0.929,top
W_JPN_SMK_B1_2_39,JPN,I think that it is,a good idea,. This is because smoking,30,0.615,0.929,top
W_JPN_SMK_B1_1_172,JPN,I think that it is,a good idea,that tables of the restaurant,30,0.615,0.929,top
W_ENS_SMK_XX3_21,ENS,"however , it is absolutely",a good idea,to ban smoking in restaurants,30,0.615,0.929,top
W_ENS_PTJ_XX1_080,ENS,several reasons why this is,a good idea,". Firstly , a college",30,0.615,0.929,top
W_ENS_SMK_XX1_063,ENS,that in general it is,a good idea,to ban smoking at restaurants,30,0.615,0.929,top
W_JPN_SMK_B2_0_05,JPN,this is consider to be,a good idea,and seems to have been,30,0.615,0.929,top
W_JPN_PTJ_A2_0_055,JPN,"longer , and may have",a good idea,about their social life .,30,0.615,0.929,top
W_JPN_SMK_B1_2_39,JPN,I think that it is,a good idea,to set smoking room .,30,0.615,0.929,top
W_ENS_PTJ_XX2_40,ENS,in college is important and,a good idea,", if students need the",30,0.615,0.929,top
W_ENS_PTJ_XX1_061,ENS,do not think it is,a good idea,for students that do not,30,0.615,0.929,top
W_JPN_SMK_A2_0_053,JPN,that I think so .,The first reason,is because I do n't,26,0.615,0.929,top
W_JPN_PTJ_B1_2_38,JPN,for the following reasons .,The first reason,is that college students can,26,0.615,0.929,top
W_JPN_SMK_B1_1_175,JPN,I have ??? reasons .,The first reason,is that smoking does harm,26,0.615,0.929,top
W_JPN_SMK_A2_0_013,JPN,reasons that I thought .,The first reason,is that I think that,26,0.615,0.929,top
W_JPN_PTJ_B1_1_073,JPN,I have three reasons .,The first reason,is that we are able,26,0.615,0.929,top
W_JPN_SMK_B1_1_054,JPN,restaurants in the country .,The first reason,is that people should have,26,0.615,0.929,top
W_JPN_PTJ_B1_2_02,JPN,are two main reasons .,The first reason,is that students should study,26,0.615,0.929,top
W_JPN_PTJ_A2_0_107,JPN,are three main reasons .,The first reason,is that many college students,26,0.615,0.929,top
W_JPN_SMK_A2_0_022,JPN,I have two reasons .,The first reason,is that smoking is harmful,26,0.615,0.929,top
W_JPN_SMK_B1_2_07,JPN,show you three reasons .,The first reason,is that restaurants should be,26,0.615,0.929,top
W_JPN_SMK_A2_0_066,JPN,I have two reasons .,The first reason,is that I think smoker,26,0.615,0.929,top
W_JPN_SMK_B1_1_046,JPN,smoking should be forbidden .,The first reason,is that the smell of,26,0.615,0.929,top
W_ENS_PTJ_XX1_088,ENS,statement for various reasons .,The first reason,is because studying costs a,26,0.615,0.929,top
W_JPN_PTJ_A2_0_039,JPN,why I think so .,The first reason,is that a part time,26,0.615,0.929,top
W_JPN_PTJ_B1_2_30,JPN,have the two reasons .,The first reason,is that we need money,26,0.615,0.929,top
W_JPN_SMK_B1_1_024,JPN,reasons to agree this .,The first reason,is that tobacco smoke makes,26,0.615,0.929,top
W_JPN_SMK_B1_1_003,JPN,to support this opinion .,The first reason,is for health . Under,26,0.615,0.929,top
W_JPN_PTJ_B1_1_158,JPN,a part time job .,The first reason,is that I think a,26,0.615,0.929,top
W_JPN_PTJ_B1_1_114,JPN,many reasons about that .,The first reason,is that we college students,26,0.615,0.929,top
W_JPN_PTJ_B1_1_143,JPN,why I think so .,The first reason,is that we can earn,26,0.615,0.929,top
W_JPN_PTJ_A2_0_082,JPN,there is some reason .,The first reason,is that they have known,26,0.615,0.929,top
W_JPN_PTJ_B1_1_119,JPN,necessary for college students .,The first reason,is that what is more,26,0.615,0.929,top
W_JPN_PTJ_A2_0_066,JPN,a part time job .,The first reason,is that the students can,26,0.615,0.929,top
W_JPN_PTJ_B1_2_07,JPN,a part time job .,The first reason,is that college students should,26,0.615,0.929,top
W_JPN_SMK_A2_0_150,JPN,I have three reasons .,The first reason,is passive smoking . The,26,0.615,0.929,top
W_JPN_SMK_B1_1_145,JPN,reasons I think so .,The first reason,is that cigarette smoke is,26,0.615,0.929,top
W_ENS_PTJ_XX1_063,ENS,around 20 hours which is,the upper limit,"for part time work ,",1,0.615,0.929,random
W_ENS_PTJ_XX1_088,ENS,this . College should be,a special time,in our lives when we,1,0.615,0.929,random
W_ENS_PTJ_XX1_092,ENS,as understanding the academics is,an important stage,when attending college . I,1,0.615,0.929,random
W_ENS_SMK_XX1_046,ENS,"Therefore , I submit that",the Japanese populace,should be patient until the,2,0.615,0.929,random
W_JPN_SMK_A2_0_029,JPN,"pizza or salad , all",the delicious smell,and such a fresh green,2,0.615,0.929,random
W_ENS_PTJ_XX1_011,ENS,I think we should enjoy,the little time,we have before we 're,1,0.615,0.929,random
W_JPN_PTJ_B1_1_079,JPN,"job , we would be",a social member,smoothly . First impression is,1,0.615,0.929,random
W_JPN_SMK_B1_1_032,JPN,It is impossible . In,the same way,", it is impossible to",26,0.615,0.929,random
W_ENS_SMK_XX2_25,ENS,While all of us have,an ethical duty,to care for all our,1,0.615,0.929,random
W_ENS_SMK_XX1_055,ENS,world . Japan could be,the first country,in the world to make,1,0.615,0.929,random
W_JPN_PTJ_A2_0_111,JPN,Doing part time jobs is,the large part,of college students duty .,1,0.615,0.929,random
W_ENS_SMK_XX1_003,ENS,help the health situation in,the long run,. Too bad if the,3,0.615,0.929,random
W_ENS_PTJ_XX2_17,ENS,". Secondly , College is",an important time,in the social and sexual,1,0.615,0.929,random
W_ENS_PTJ_XX1_040,ENS,pain . This is also,a basic concept,"of psychology . Therefore ,",1,0.615,0.929,random
W_ENS_PTJ_XX2_08,ENS,"everything they have , without",any REAL knowledge,of the costs . Nor,1,0.615,0.929,random
W_JPN_PTJ_A2_0_035,JPN,", to earn myself is",a first step,to independent . After graduate,3,0.615,0.929,random
W_ENS_PTJ_XX1_055,ENS,so I think it is,a good thing,for college students to have,15,0.615,0.929,random
W_ENS_SMK_XX1_046,ENS,when it is discussed in,the American context,will also lend themselves to,1,0.615,0.929,random
W_ENS_SMK_XX1_076,ENS,it is enough to discourage,the average smoker,from lighting up in a,2,0.615,0.929,random
W_JPN_SMK_B1_1_071,JPN,It is unfavorable situation .,The other reason,why I think so is,5,0.615,0.929,random
W_JPN_SMK_A2_0_150,JPN,issued the non smoking in,the public space,. So many countries are,9,0.615,0.929,random
W_ENS_SMK_XX3_18,ENS,so long to apply such,an ordinary rule,? It is blatantly obvious,1,0.615,0.929,random
W_JPN_SMK_B1_1_140,JPN,but stink for nonsmokers .,The second reason,is that smokers make flow,25,0.615,0.929,random
W_ENS_SMK_XX2_13,ENS,government is moving a t,a glacial pace,on this issue then it,1,0.615,0.929,random
W_ENS_SMK_XX1_045,ENS,. I think this is,a bad thing,", because it gives the",5,0.615,0.929,random
W_JPN_PTJ_A2_0_052,JPN,we have to work in,a complex society,". Then , the more",1,0.615,0.929,random
W_JPN_PTJ_B1_1_001,JPN,", I would not have",any common knowledge,", sense and friend .",1,0.615,0.929,random
W_JPN_PTJ_B2_0_04,JPN,"teacher , say , is",a typical job,for college students . Those,1,0.615,0.929,random
W_ENS_SMK_XX3_56,ENS,that second hand smoke is,a possible cause,for a range of life,1,0.615,0.929,random
W_ENS_SMK_XX1_100,ENS,whingeing killjoy nearby objects to,the heavenly result,of lighting up a fat,1,0.615,0.929,random
W_JPN_SMK_A2_0_151,JPN,Even if only I have,the bad smell,"of smoking , I am",11,0.615,0.929,random
W_ENS_PTJ_XX1_028,ENS,goals . This is just,a quick way,to make money and a,1,0.615,0.929,random
W_ENS_PTJ_XX3_52,ENS,experience or were working in,a non-relevant field,prior to graduation . In,1,0.615,0.929,random
W_JPN_SMK_B1_1_116,JPN,. For nonsmoker there is,no such troublesome,thing like this . If,1,0.615,0.929,random
W_JPN_PTJ_A2_0_111,JPN,is the practice to be,a respectable member,of society . They will,1,0.615,0.929,random
W_JPN_SMK_B1_1_178,JPN,large for the owners of,the restauran t,", although customers who hate",2,0.615,0.929,random
W_ENS_PTJ_XX3_26,ENS,"example , if they have",a strenuous job,"that makes them tired ,",1,0.615,0.929,random
W_ENS_PTJ_XX1_061,ENS,"performance in classes , as",any advanced degree,student will tell you .,1,0.615,0.929,random
W_JPN_SMK_A2_0_081,JPN,that you must eat such,a favorite food,in the bathroom of the,1,0.615,0.929,random
W_JPN_PTJ_A2_0_139,JPN,850 yen . It was,a rare case,for high school students .,1,0.615,0.929,random
W_JPN_SMK_A2_0_106,JPN,"right of smoking , in",the same way,", those who do not",26,0.615,0.929,random
W_JPN_SMK_B1_1_009,JPN,smoking during eating is not,a good manner,. At least during eating,4,0.615,0.929,random
W_JPN_SMK_B1_1_137,JPN,that smoking is allowed at,the public space,. Smoking has a bud,9,0.615,0.929,random
W_JPN_SMK_A2_0_120,JPN,without smoking . Smoke have,a bad effect,"on people , especially pregnant",5,0.615,0.929,random
W_ENS_SMK_XX3_50,ENS,"Japan , I see nearly",the same thing,as far as space goes,9,0.615,0.929,random
W_ENS_PTJ_XX2_14,ENS,needs to be subsidized by,a third party,", namely the government and",1,0.615,0.929,random
W_ENS_SMK_XX1_004,ENS,the Japanese people might feel,the same way,? I do n't know,26,0.615,0.929,random
W_JPN_SMK_A2_0_150,JPN,in all the restaurants .,The second reason,is that bad smell remains,25,0.615,0.929,random
W_JPN_PTJ_B1_1_062,JPN,is the best practice for,a full time,"job . Third , we",16,0.615,0.929,random
W_ENS_SMK_XX2_40,ENS,Japan and the rest of,the free world,are taking steps to decrease,2,0.615,0.929,random
W_ENS_PTJ_XX1_073,ENS,I can . This is,a good skill,that I simply did not,1,0.615,0.929,random
W_JPN_SMK_B1_1_046,JPN,smoke . I think that,the last reason,is the most important reason,1,0.615,0.929,random
W_ENS_PTJ_XX1_068,ENS,a first time job at,a local restaurant,". At first , it",1,0.615,0.929,random
W_JPN_SMK_A2_0_018,JPN,spaces where we can feel,this unusual time,well . In this way,1,0.615,0.929,random
W_ENS_PTJ_XX1_022,ENS,we begin to learn about,the real world,and the important topic of,25,0.615,0.929,random
W_JPN_PTJ_B1_1_146,JPN,"angry , But thaught me",the correct form,of cooking kindly . On,1,0.615,0.929,random
W_JPN_PTJ_B2_0_15,JPN,for college students to know,the real world,. It becomes useful for,25,0.615,0.929,random
W_JPN_PTJ_A2_0_136,JPN,. I think that is,the first step,to independence from parents .,2,0.615,0.929,random
W_JPN_PTJ_A2_0_077,JPN,be pleased at getting such,a good present,and our sentiment on them,1,0.615,0.929,random
W_ENS_SMK_XX1_012,ENS,because they want to have,a good time,and eat some food that,23,0.615,0.929,random
W_ENS_SMK_XX1_016,ENS,think that this has been,a good move,for our state . I,4,0.615,0.929,random
W_JPN_SMK_B1_1_084,JPN,only a cigarette could cause,a big fire,. Everyday many people eat,1,0.615,0.929,random
W_ENS_SMK_XX1_005,ENS,the bans and simply have,a public display,of all the medical evidence,1,0.615,0.929,random
W_ENS_PTJ_XX1_001,ENS,my fellow students are in,the same boat,and feel the same way,1,0.615,0.929,random
W_ENS_SMK_XX1_057,ENS,family or friend go through,a terrible period,of hospitalization and a prolonged,1,0.615,0.929,random
W_JPN_SMK_B1_1_099,JPN,of the pension coming from,the aging society,". Third , smokers have",1,0.615,0.929,random
W_JPN_SMK_B1_2_44,JPN,"The second , smoking has",a bad influence,upon environment . If smoking,19,0.615,0.929,random
W_JPN_PTJ_B1_1_091,JPN,"Moreover , college students have",a long summer,vacation and in that time,1,0.615,0.929,random
W_ENS_SMK_XX1_100,ENS,and in the company of,a beautiful woman,", is one of the",1,0.615,0.929,random
W_ENS_SMK_XX1_089,ENS,When Walter Raleigh first introduced,this aromatic leaf,to customers in the Olde,1,0.615,0.929,random
W_ENS_PTJ_XX1_092,ENS,ideas by being part of,the same dorm,gives you a permanent bond,1,0.615,0.929,random
W_JPN_PTJ_A2_0_034,JPN,people in the circle .,The large scale,costs money for club activity,1,0.615,0.929,random
W_ENS_SMK_XX1_075,ENS,think it is not such,a big deal,and Japan should go ahead,2,0.615,0.929,random
W_ENS_SMK_XX1_057,ENS,ban in restaurants may have,the unexpected affect,that business will increase as,1,0.615,0.929,random
W_JPN_SMK_B1_1_018,JPN,should be completely banned at,all public place,.,1,0.615,0.929,random
W_ENS_PTJ_XX3_14,ENS,For,a great variety,"of reasons , it is",1,0.615,0.929,random
W_ENS_SMK_XX1_062,ENS,a restaurant can make .,Any high class,restaurant that allows smoking just,1,0.615,0.929,random
W_JPN_SMK_B1_1_011,JPN,smoking is banned . At,a official place,", they think other people",1,0.615,0.929,random
W_JPN_PTJ_B1_1_081,JPN,"study . But , in",a long term,", we can regard the",2,0.615,0.929,random
W_ENS_SMK_XX3_20,ENS,restaurants in Japan may be,a good move,for the Japanese populace as,4,0.615,0.929,random
W_JPN_PTJ_A2_0_033,JPN,make a effort to get,a good job,. For these difficult activities,12,0.615,0.929,random
W_ENS_SMK_XX3_39,ENS,things to everybody which is,an impossible way,to run a business and,1,0.615,0.929,random
W_JPN_PTJ_B1_1_135,JPN,think part time job is,a great experience,for us . I am,3,0.615,0.929,random
W_JPN_PTJ_B1_1_083,JPN,"anyway , so it becomes",a good practice,and a useful information for,2,0.615,0.929,random
W_JPN_SMK_B1_2_03,JPN,benefit even for smokers in,a long term,aspect . From those all,2,0.615,0.929,random
W_JPN_SMK_A2_0_126,JPN,. Tobacco smoke gives us,any bad influence,". These days , several",4,0.615,0.929,random
W_ENS_SMK_XX2_34,ENS,the smokers ) gulp down,a massive steak,dinner along with a few,1,0.615,0.929,random
W_ENS_PTJ_XX1_061,ENS,things into their schedules .,The small amount,of money you can make,1,0.615,0.929,random
W_ENS_SMK_XX1_092,ENS,feel nauseas . Smoking in,a closed area,even if the restaurant has,1,0.615,0.929,random
W_JPN_PTJ_B1_1_160,JPN,essential things for engineer or,any other job,. To get them we,1,0.615,0.929,random
W_ENS_PTJ_XX3_20,ENS,Part - time jobs are,a fantastic way,to introduce students to the,1,0.615,0.929,random
W_ENS_SMK_XX1_031,ENS,. Ever since I was,a little girl,", my parents of have",3,0.615,0.929,random
W_JPN_PTJ_B1_2_06,JPN,statement . Now I am,the third grade,student of university . When,2,0.615,0.929,random
W_ENS_PTJ_XX1_031,ENS,and I think that in,the same way,I was able to learn,26,0.615,0.929,random
W_ENS_SMK_XX3_45,ENS,that way if they meet,the standard health,regulations related to food and,1,0.615,0.929,random
W_ENS_PTJ_XX3_21,ENS,- you-can drink deals at,the local bar,) is essential in acquiring,1,0.615,0.929,random
W_ENS_SMK_XX3_45,ENS,? A restaurant is usually,a private concern,and should be left that,1,0.615,0.929,random
W_ENS_PTJ_XX1_077,ENS,asset to me . In,the same way,", other college students may",26,0.615,0.929,random
W_JPN_SMK_B1_1_028,JPN,should be completely banned at,the entire restaurant,in Japan .,8,0.615,0.929,random
W_JPN_PTJ_A2_0_113,JPN,time job aggressively will have,a good influence,on them . Because by,1,0.615,0.929,random
W_ENS_PTJ_XX1_058,ENS,work part time are doing,a great thing,for themselves . By working,2,0.615,0.929,random
W_ENS_PTJ_XX3_33,ENS,get a handle on what,the real world,of working is all about,25,0.615,0.929,random
W_JPN_SMK_B1_1_108,JPN,. So restaurants should have,the smoking area,to save the smokers ',1,0.615,0.929,random
W_ENS_SMK_XX3_25,ENS,Public smoking also set s,a poor example,for children and young people,1,0.615,0.929,random
W_ENS_SMK_XX1_070,ENS,easy to say that from,a logical perspective,it would be a good,1,0.615,0.929,random
W_JPN_SMK_B1_1_022,JPN,", in order to have",a nice time,for all people at restaurants,2,0.615,0.929,random
W_JPN_SMK_B1_1_022,JPN,quit smoking . This is,the second reason,. It is true that,4,0.615,0.929,random
W_JPN_PTJ_A2_0_019,JPN,there are three conditions of,a good part,time job . First is,3,0.615,0.929,random
W_JPN_SMK_B1_1_127,JPN,see a man smoking in,a public place,", I get angry very",7,0.615,0.929,random
W_JPN_SMK_A2_0_039,JPN,two reasons for that .,The first thing,is that people who like,2,0.615,0.929,random
W_JPN_SMK_B1_2_41,JPN,", it means to get",the harmful thing,from the tobacco 's smoke,1,0.615,0.929,random
W_JPN_PTJ_B1_1_090,JPN,and I learn them for,the first time,". Moreover , I ca",18,0.615,0.929,random
W_JPN_PTJ_A2_0_102,JPN,fail them test . In,the second place,", part time job make",1,0.615,0.929,random
W_ENS_PTJ_XX1_052,ENS,they can only make such,a little amount,of money at a part,2,0.615,0.929,random
W_ENS_SMK_XX3_37,ENS,relief to the economy in,a small way,. The upside being that,1,0.615,0.929,random
W_ENS_PTJ_XX1_082,ENS,"A part time job ,",a full time,job or any job for,16,0.615,0.929,random
W_ENS_PTJ_XX1_015,ENS,is very nice to make,a little bit,of extra money for going,22,0.615,0.929,random
W_JPN_PTJ_B1_1_001,JPN,was made by myself for,the first time,", I thought that I",18,0.615,0.929,random
W_ENS_PTJ_XX1_052,ENS,help or take advantage of,the financial aid,program that your school offers,1,0.615,0.929,random
W_ENS_PTJ_XX1_094,ENS,If a student takes on,a heavy load,the true determination of a,1,0.615,0.929,random
W_JPN_SMK_B1_1_164,JPN,people may be can live,a long life,.,1,0.615,0.929,random
W_JPN_PTJ_B1_1_103,JPN,part time . According to,a certain data,", higher than half of",1,0.615,0.929,random
W_ENS_SMK_XX1_096,ENS,them to survive will turn,a blind eye,to their customers smoking and,2,0.615,0.929,random
W_ENS_PTJ_XX1_057,ENS,have a huge advantage over,the other college,graduates who graduate with little,1,0.615,0.929,random
W_ENS_PTJ_XX1_099,ENS,people . I think that,any free time,that college students may have,2,0.615,0.929,random
W_ENS_PTJ_XX1_049,ENS,of if you only take,the small effort,to think about all the,1,0.615,0.929,random
W_ENS_SMK_XX1_080,ENS,deaths due to smoking is,a serious campaign,to educate people on the,1,0.615,0.929,random
W_ENS_PTJ_XX1_063,ENS,as they can say under,this upper limit,", they can probably balance",1,0.615,0.929,random
W_JPN_PTJ_A2_0_126,JPN,. Part time job is,a good experience,for to become a member,8,0.615,0.929,random
W_JPN_PTJ_A2_0_046,JPN,partners . I think it,a precious experience,to work hard to contribute,2,0.615,0.929,random
W_ENS_SMK_XX1_031,ENS,good enough job of explaining,the harmful side,"effects of their products ,",1,0.615,0.929,random
W_ENS_SMK_XX1_048,ENS,people too . By being,a bad role,"model , they are condemning",1,0.615,0.929,random
W_JPN_PTJ_A2_0_102,JPN,. You know it is,a little money,", but it is a",8,0.615,0.929,random
W_JPN_SMK_B1_1_083,JPN,"is completely ignore smokers ,",a large part,"of citizens . Second ,",3,0.615,0.929,random
W_ENS_PTJ_XX1_086,ENS,A part time job in,an unrelated field,of study could discover new,1,0.615,0.929,random
W_ENS_PTJ_XX1_057,ENS,"company , you 'll have",a huge advantage,over the other college graduates,1,0.615,0.929,random
W_ENS_SMK_XX3_18,ENS,smoking is killing people at,an alarming rate,yet is increasing year by,1,0.615,0.929,random
W_ENS_SMK_XX1_085,ENS,a distinct sauce mainly for,that particular dish,. After smoking a cigarette,1,0.615,0.929,random
W_ENS_SMK_XX1_007,ENS,be well separated and that,a good air,circulation system be in place,1,0.615,0.929,random
W_JPN_PTJ_B1_2_45,JPN,a part time job is,a first step,to achieve your dream and,3,0.615,0.929,random
W_ENS_PTJ_XX3_17,ENS,. It immediately demonstrates to,a potential employer,that the job candidate is,1,0.615,0.929,random
W_ENS_SMK_XX3_23,ENS,a special smoking room is,a small price,to pay to enjoy smoke,1,0.615,0.929,random
W_ENS_PTJ_XX1_042,ENS,"soon , and I have",an easy schedule,"this semester , so I",2,0.615,0.929,random
W_JPN_SMK_B1_1_137,JPN,because of smoking . In,the public space,", non smoker 's charge",9,0.615,0.929,random
W_JPN_PTJ_B1_1_093,JPN,"Thus , we can have",a social study,". And so , I",1,0.615,0.929,random
W_JPN_PTJ_B1_1_171,JPN,example . When I was,the first grade,"at university , I did",1,0.615,0.929,random
W_JPN_SMK_A2_0_042,JPN,hangs in the person in,the next seat,.,1,0.615,0.929,random
W_JPN_PTJ_B1_1_095,JPN,working in the future .,The second reason,is that we can know,25,0.615,0.929,random
W_JPN_SMK_B1_1_174,JPN,. Smoking does n't have,a bad influence,only smoking people . They,19,0.615,0.929,random
W_ENS_PTJ_XX3_11,ENS,"check level , it 's",a good thing,and might also serve to,15,0.615,0.929,random
W_ENS_SMK_XX1_042,ENS,"smoke , and it is",a good way,to meet new people and,8,0.615,0.929,random
W_ENS_SMK_XX1_006,ENS,nothing ruins the experience of,a good meal,with your friends or family,4,0.615,0.929,random
W_ENS_SMK_XX1_072,ENS,sure we do everything right,the first time,.,18,0.615,0.929,random
W_JPN_SMK_A2_0_077,JPN,. And smoking also spoils,a cheerful mood,of the meal . We,1,0.615,0.929,random
W_ENS_SMK_XX3_23,ENS,all restaurants in Japan .,The recent trend,worldwide is for smoking in,1,0.615,0.929,random
W_ENS_SMK_XX3_39,ENS,. Since restaurants are usually,a free enterprise,"entity , then they will",1,0.615,0.929,random
W_JPN_SMK_B1_2_13,JPN,make people feel bad .,The other day,", when I enjoyed having",5,0.615,0.929,random
W_JPN_PTJ_A2_0_117,JPN,someone who you meet for,the first time,", you can talk an",18,0.615,0.929,random
W_JPN_PTJ_B1_1_083,JPN,"example , when I was",a small childe,I wanted to become a,1,0.615,0.929,random
W_ENS_PTJ_XX1_034,ENS,bit of money and have,a little bit,"of fun . Hopefully ,",22,0.615,0.929,random
W_JPN_PTJ_B2_0_04,JPN,teaching . So it 's,a good chance,for college students to know,4,0.615,0.929,random
W_ENS_PTJ_XX2_33,ENS,"same time , without creating",a negative impact,on one or the other,4,0.615,0.929,random
W_ENS_PTJ_XX2_37,ENS,"education , it would provide",some financial relief,for them and also forge,1,0.615,0.929,random
W_JPN_SMK_B2_0_17,JPN,good aspects of smoking in,a public space,", the government of Japan",2,0.615,0.929,random
W_ENS_SMK_XX2_24,ENS,complete prohibition of smoking in,any public space,. How can one go,2,0.615,0.929,random
W_JPN_SMK_A2_0_129,JPN,especially for children . In,the small room,"like restaurant , there is",1,0.615,0.929,random
W_JPN_PTJ_A2_0_135,JPN,to lead a rough life,this weak point,is meaningless . So in,1,0.615,0.929,random
W_JPN_SMK_B1_1_063,JPN,smoker . So she is,a passive smoker,. She perhaps will get,2,0.615,0.929,random
W_ENS_PTJ_XX1_010,ENS,real part time job at,a real company,not affiliated with the school,2,0.615,0.929,random
W_JPN_SMK_B2_0_09,JPN,throat ace . That is,a bad thing,"for us . Second ,",5,0.615,0.929,random
W_ENS_PTJ_XX1_056,ENS,these people report that having,a fulltime job,while trying to attend classes,8,0.615,0.929,random
W_JPN_SMK_A2_0_036,JPN,". Thirdly , restaurant is",the public place,. In the public place,13,0.615,0.929,random
W_ENS_PTJ_XX1_014,ENS,"time job , and if",all other college,students can find such a,1,0.615,0.929,random
W_JPN_PTJ_B1_1_166,JPN,timer ( I work at,a Japanese bar,"as a waitress ) ,",1,0.615,0.929,random
W_ENS_SMK_XX2_36,ENS,not yet fully developed .,The consistent exposure,to secondhand smoke may lead,1,0.615,0.929,random
W_JPN_SMK_A2_0_075,JPN,of place to eat has,a great influence,on our appetite and feelings,1,0.615,0.929,random
W_JPN_SMK_B1_2_29,JPN,them of freedom of taking,a happy rest,"... For another reason ,",2,0.615,0.929,random
W_ENS_PTJ_XX2_27,ENS,cutthroat world out here in,the real world,and we need every edge,25,0.615,0.929,random
W_ENS_SMK_XX2_24,ENS,anyone enjoy the taste of,the delicious food,on their lips when it,2,0.615,0.929,random
W_ENS_PTJ_XX1_095,ENS,weighed very carefully especially in,this economic crisis,", against job possibilities for",1,0.615,0.929,random
W_ENS_SMK_XX3_27,ENS,it should be tasted .,The final reason,why I think smoking should,2,0.615,0.929,random
W_ENS_SMK_XX1_093,ENS,or work office is clearly,a different matter,and I agree that smoking,1,0.615,0.929,random
W_ENS_SMK_XX3_44,ENS,if Japan were to conduct,a comprehensive analysis,"of the economy , they",1,0.615,0.929,random
W_JPN_SMK_A2_0_019,JPN,"their faces . Second ,",the mental problem,is . Smokers often say,1,0.615,0.929,random
W_ENS_SMK_XX1_079,ENS,between livelihood or health .,A complete ban,on smoking at all restaurants,1,0.615,0.929,random
W_JPN_PTJ_B1_1_103,JPN,"Second , we can reduce",a financial burden,to depend on our parents,1,0.615,0.929,random
W_JPN_PTJ_B2_0_13,JPN,good effects . They lose,the true reason,to study at college .,1,0.615,0.929,random
W_ENS_PTJ_XX1_071,ENS,a year . More than,the actual knowledge,that they teach you in,1,0.615,0.929,random
W_JPN_PTJ_B1_2_33,JPN,"job , I know for",the first time,the difficulty of earning my,18,0.615,0.929,random
W_JPN_SMK_B1_1_175,JPN,a very good idea .,The third reason,is that the most people,9,0.615,0.929,random
W_JPN_PTJ_B1_2_03,JPN,a part time job is,an important chance,to experience the society .,1,0.615,0.929,random
W_JPN_PTJ_B1_2_43,JPN,"think so . Naturally ,",the first reason,is to get the money,5,0.615,0.929,random
W_ENS_SMK_XX3_23,ENS,"employees , it is also",a massive inconvenience,for non-smoking patrons of the,1,0.615,0.929,random
W_ENS_SMK_XX1_066,ENS,reason is that smoking is,a great way,to meet new people .,14,0.615,0.929,random
W_ENS_SMK_XX1_099,ENS,I am yet to see,any real evidence,linking the two together .,1,0.615,0.929,random
W_ENS_SMK_XX1_048,ENS,has simply lost some of,the cool factor,that it had back when,1,0.615,0.929,random
W_ENS_PTJ_XX1_053,ENS,. So it is probably,a good thing,that they have part time,15,0.615,0.929,random
W_ENS_SMK_XX3_26,ENS,they are eating will find,a different place,to eat given the choice,1,0.615,0.929,random
W_ENS_SMK_XX3_43,ENS,were to be banned .,Every little bit,helps and banning smoking in,1,0.615,0.929,random
W_ENS_SMK_XX3_27,ENS,useless . There may be,some low wall,"or an exhaust fan ,",1,0.615,0.929,random
W_ENS_SMK_XX1_051,ENS,most democratic societies also put,a strong emphasis,on freedom of speech and,1,0.615,0.929,random
W_JPN_PTJ_B2_0_13,JPN,them . This is because,the main thing,for college students is studying,2,0.615,0.929,random
W_JPN_SMK_B1_2_33,JPN,you would feel unpleasantness in,a smoky room,when you 're eating .,1,0.615,0.929,random
W_JPN_PTJ_A2_0_069,JPN,". Generally , it 's",a difficult task,that college students keep up,1,0.615,0.929,random
W_ENS_PTJ_XX3_41,ENS,all play our part in,the financial recovery,process and the students can,1,0.615,0.929,random
W_JPN_SMK_B1_2_23,JPN,"university building . So ,",the same thing,can do at all the,9,0.615,0.929,random
W_ENS_PTJ_XX2_31,ENS,are already in possession of,the correct mindset,and organisational skills or have,1,0.615,0.929,random
W_ENS_SMK_XX3_26,ENS,of business for restaurateurs .,A physical disadvantage,to allowing smoking inside of,1,0.615,0.929,random
W_ENS_SMK_XX3_47,ENS,is no guarantee whatsoever that,a small percentage,of cigarette fumes will not,2,0.615,0.929,random
W_JPN_PTJ_B1_1_093,JPN,"instance , we will acquire",a good manner,to be impolite to customers,4,0.615,0.929,random
W_ENS_SMK_XX1_090,ENS,recruitment would not necessarily constitute,a dubious hiring,practice . This would only,1,0.615,0.929,random
W_JPN_PTJ_B1_1_144,JPN,. And some people of,the same age,who do not go to,2,0.615,0.929,random
W_JPN_SMK_B2_0_03,JPN,area end up with receiving,the second hand,smoke . It is said,8,0.615,0.929,random
W_ENS_SMK_XX1_044,ENS,are you supposed to enjoy,a nice meal,when your eyes are watering,1,0.615,0.929,random
W_JPN_SMK_B1_1_053,JPN,should be completely banned at,the entire restaurant,in Japan . I have,8,0.615,0.929,random
W_JPN_SMK_A2_0_025,JPN,the top of tobacco with,a little fire,is very dangerous . Perhaps,1,0.615,0.929,random
W_ENS_SMK_XX1_039,ENS,"around them . Clearly ,",this second case,is much different from the,1,0.615,0.929,random
W_ENS_PTJ_XX1_069,ENS,work for me is probably,a comfortable amount,of work for someone else,1,0.615,0.929,random
W_ENS_PTJ_XX1_027,ENS,"for your country . """,The same idea,"applies to schools , and",1,0.615,0.929,random
W_ENS_PTJ_XX2_14,ENS,Attending tertiary educational institutes puts,a large expense,on the cost of the,1,0.615,0.929,random
W_JPN_PTJ_A2_0_062,JPN,and come to university for,a long way,. They are also expected,4,0.615,0.929,random
W_JPN_PTJ_B1_1_126,JPN,". For example , obeying",a vertical relationship,is more severely required in,1,0.615,0.929,random
W_ENS_PTJ_XX1_046,ENS,". For instance , although",a busy college,class schedule can teach time,1,0.615,0.929,random
W_JPN_PTJ_B1_1_024,JPN,on . We can have,a good time,every day only after we,23,0.615,0.929,random
W_JPN_PTJ_A2_0_076,JPN,. I have worked on,the chainese restaurant,", I had to keep",1,0.615,0.929,random
W_JPN_PTJ_A2_0_039,JPN,many companies put emphasis on,what new employee,did in their college life,1,0.615,0.929,random
W_ENS_SMK_XX1_064,ENS,to not begin smoking in,the first place,. Banning smoking at restaurants,16,0.615,0.929,random
W_JPN_PTJ_B1_2_40,JPN,people who I met for,the first time,. I think I could,18,0.615,0.929,random
W_ENS_SMK_XX3_45,ENS,and I was complying with,the standard food,"and beverage laws , why",1,0.615,0.929,random
W_ENS_PTJ_XX3_55,ENS,"more responsibility , gives them",some extra income,and allows them to get,1,0.615,0.929,random
W_ENS_PTJ_XX1_030,ENS,and I think it is,a good thing,if other students can figure,15,0.615,0.929,random
W_JPN_PTJ_B1_1_093,JPN,"thinking , we can understand",the standard level,of labor conditions . And,1,0.615,0.929,random
W_JPN_PTJ_B1_1_051,JPN,that we can not become,a sensible adult,if I do not experience,1,0.615,0.929,random
W_ENS_PTJ_XX1_094,ENS,good study . It is,the first time,in a young students life,18,0.615,0.929,random
W_ENS_PTJ_XX1_036,ENS,forced to start working at,a young age,in order to supplement the,2,0.615,0.929,random
W_ENS_PTJ_XX2_11,ENS,they are not applied to,the real world,? Some would say that,25,0.615,0.929,random
W_ENS_SMK_XX3_27,ENS,smoking ( or it is,an unwritten rule,) . Perhaps this can,1,0.615,0.929,random
W_JPN_SMK_A2_0_044,JPN,eat at a restaurant for,the same money,that smoking people pay .,1,0.615,0.929,random
W_ENS_PTJ_XX1_060,ENS,afraid of having to work,a little bit,hard or to do some,22,0.615,0.929,random
W_JPN_PTJ_A2_0_090,JPN,a part time job at,a fast food,restaurant this spring . During,4,0.615,0.929,random
W_ENS_PTJ_XX2_04,ENS,time on completing schoolwork to,a high degree,of quality .,1,0.615,0.929,random
W_ENS_SMK_XX3_26,ENS,time . Add to that,the possible loss,of business due to non-smokers,1,0.615,0.929,random
W_ENS_SMK_XX3_34,ENS,for both smokers and those,that inhale secondary,"smoke , it is incredulous",1,0.615,0.929,random
W_ENS_PTJ_XX3_23,ENS,applicant should try to make,a good impression,. He or she needs,1,0.615,0.929,random
W_JPN_PTJ_B1_2_32,JPN,that part time job plays,an important role,in that step . Through,3,0.615,0.929,random
W_ENS_SMK_XX2_27,ENS,"at worst , or being",a mild nuisance,at best . The smoke,1,0.615,0.929,random
W_JPN_PTJ_B1_1_107,JPN,"example , I work in",the private school,as a teacher . In,2,0.615,0.929,random
W_JPN_PTJ_B2_0_02,JPN,work hard that is not,a personal problem,. And if they have,2,0.615,0.929,random
W_JPN_PTJ_A2_0_127,JPN,chance to fly away into,the severe world,. So you should experience,1,0.615,0.929,random
W_ENS_SMK_XX1_084,ENS,smoke exposes the victim to,a wide range,of diseases resulting from nicotine,1,0.615,0.929,random
W_JPN_PTJ_A2_0_006,JPN,", we will can get",a good road,of our future life .,1,0.615,0.929,random
W_ENS_PTJ_XX1_040,ENS,to sometimes give younger people,a gentle push,in beneficial directions . This,1,0.615,0.929,random
W_ENS_SMK_XX1_053,ENS,"S. , it will set",a great example,for other countries . At,2,0.615,0.929,random
W_JPN_PTJ_B1_2_18,JPN,or could n't graduate .,Another bad effect,is that get much money,1,0.615,0.929,random
W_ENS_SMK_XX1_029,ENS,presented from both sides if,the same issue,comes under discussion in Japan,4,0.615,0.929,random
W_JPN_SMK_B1_2_26,JPN,begun to regard smoking as,a harmful item,to our health even by,1,0.615,0.929,random
W_ENS_SMK_XX1_038,ENS,themselves will get used to,this new way,of life in only a,1,0.615,0.929,random
W_ENS_PTJ_XX1_039,ENS,"to part time work ,",the simple fact,of the matter is that,2,0.615,0.929,random
W_ENS_SMK_XX1_093,ENS,any different ? Smoking in,a public place,like a bank or work,7,0.615,0.929,random
W_JPN_PTJ_B1_2_31,JPN,doing great efforts to be,a good colleague,of them . From these,1,0.615,0.929,random
W_JPN_PTJ_B1_1_139,JPN,incomes enable us to live,a rich life,without parent 's help .,1,0.615,0.929,random
W_JPN_SMK_A2_0_010,JPN,. Particularly the restaurants are,the main place,"of eating , so smoking",1,0.615,0.929,random
W_JPN_PTJ_B1_1_067,JPN,almost freedom . There is,no difficult relationship,. Of course you can,1,0.615,0.929,random
W_ENS_SMK_XX2_32,ENS,"or not . Also ,",the restaurant owner,has the freedom to install,1,0.615,0.929,random
W_JPN_SMK_A2_0_007,JPN,"However , I dislike only",a little smoke,and there are small children,1,0.615,0.929,random
W_ENS_PTJ_XX1_066,ENS,no life . This is,a bad image,"to have , and I",1,0.615,0.929,random
W_JPN_PTJ_B1_1_076,JPN,because they can actually know,the real job,", what to do and",1,0.615,0.929,random
W_ENS_SMK_XX1_090,ENS,should not affect others in,a detrimental manner,. There are ways to,1,0.615,0.929,random
W_JPN_SMK_B1_1_120,JPN,want the heavy to have,a good time,too not only at lunch,23,0.615,0.929,random
W_JPN_SMK_B2_0_17,JPN,is an annoying act in,a public space,. Smoke of cigarettes smells,2,0.615,0.929,random
W_JPN_SMK_A2_0_042,JPN,the entire restaurant though in,a fast food,and a major multiple store,4,0.615,0.929,random
W_JPN_PTJ_A2_0_062,JPN,People like them will have,a good time,with their colleagues and customers,23,0.615,0.929,random
W_ENS_PTJ_XX3_17,ENS,secure a great career and,a great future,. This is an opportunity,1,0.615,0.929,random
W_JPN_PTJ_A2_0_040,JPN,ago . However I earned,a little money,", I could bought things",8,0.615,0.929,random
W_JPN_PTJ_B2_0_12,JPN,"college , but it is",an important sense,throughout a person 's life,1,0.615,0.929,random
W_ENS_PTJ_XX1_046,ENS,be a working adult in,the modern society,. I know that when,3,0.615,0.929,random
W_ENS_PTJ_XX1_062,ENS,", but they might be",a little bit,better at controlling their bank,22,0.615,0.929,random
W_ENS_PTJ_XX1_016,ENS,a part time job is,a great way,to meet new friends outside,14,0.615,0.929,random
W_JPN_SMK_B1_1_101,JPN,stop smoking and to send,a healthy life,". Second , Smoking is",3,0.615,0.929,random
W_ENS_SMK_XX1_046,ENS,to being applied well in,the Japanese context,. I do not intend,1,0.615,0.929,random
W_JPN_PTJ_A2_0_071,JPN,should experience various things with,that free time,". For that reason ,",1,0.615,0.929,random
W_ENS_SMK_XX2_30,ENS,eating if vegetarian lobbies gain,the upper hand,in the burgeoning health -,2,0.615,0.929,random
W_JPN_SMK_B1_1_066,JPN,"smoke , a disease and",an obstacle occur,to the child who has,1,0.615,0.929,random
W_ENS_SMK_XX1_074,ENS,Whether or not it was,a good move,to ban smoking at the,4,0.615,0.929,random
W_JPN_SMK_B1_1_098,JPN,the restaurant stays still and,the fresh air,can not come into the,3,0.615,0.929,random
W_JPN_PTJ_B1_1_038,JPN,old . Many people of,the same age,as me work and earn,2,0.615,0.929,random
W_ENS_PTJ_XX1_034,ENS,hours per week to make,a little bit,of money and have a,22,0.615,0.929,random
W_ENS_PTJ_XX1_078,ENS,will help us in securing,a great job,and a great financial future,2,0.615,0.929,random
W_JPN_SMK_A2_0_148,JPN,troubles because it takes in,the second hand,"smoke and the smell ,",8,0.615,0.929,random
W_JPN_SMK_B1_1_057,JPN,smoke of the tobacco from,the next table,. I felt bad seeing,5,0.615,0.929,random
W_JPN_SMK_A2_0_148,JPN,for such a child in,no small way,as adult manners . Limiting,1,0.615,0.929,random
W_ENS_PTJ_XX1_001,ENS,the same boat and feel,the same way,that I do . We,26,0.615,0.929,random
W_ENS_SMK_XX1_032,ENS,smoke in your face .,The same thing,"is true at restaurants ,",2,0.615,0.929,random
W_ENS_SMK_XX1_074,ENS,it is hard to see,the good mom,and pop restaurants go under,1,0.615,0.929,random
W_ENS_PTJ_XX2_38,ENS,a short internship which is,a different story,because you usually do those,1,0.615,0.929,random
W_ENS_PTJ_XX1_047,ENS,and start to look for,a real career,". For example , I",4,0.615,0.929,random
W_ENS_PTJ_XX3_25,ENS,knowing that they were playing,an active role,in shaping their lives and,3,0.615,0.929,random
W_ENS_SMK_XX1_100,ENS,do with crushing or corralling,every little freedom,that remains . Passive smoking,1,0.615,0.929,random
W_JPN_SMK_B1_1_103,JPN,people surround him smoke in,a small place,as a restaurant . It,1,0.615,0.929,random
W_ENS_SMK_XX2_41,ENS,areas . Since Japan has,a high percentage,per capita of heavy smokers,2,0.615,0.929,random
W_ENS_SMK_XX1_057,ENS,the world . With such,a large economy,", it is easy to",1,0.615,0.929,random
W_ENS_SMK_XX1_077,ENS,my opinion that smoking is,a terrible habit,", and I try to",1,0.615,0.929,random
W_JPN_SMK_A2_0_081,JPN,not eat food deliciously in,the bad smell,. That is why if,11,0.615,0.929,random
W_ENS_SMK_XX3_17,ENS,I trust that there are,a large number,of sensible people in Japan,7,0.615,0.929,random
W_JPN_PTJ_B1_1_043,JPN,"circle 's activity , but",the part time,job is unique at the,2,0.615,0.929,random
W_JPN_PTJ_A2_0_105,JPN,the future . There are,a large number,of college students who can,7,0.615,0.929,random
W_ENS_PTJ_XX3_35,ENS,work experience they would have,a good chance,at getting some other kind,4,0.615,0.929,random
W_ENS_PTJ_XX1_074,ENS,they will need to find,a fulltime job,sooner as well .,8,0.615,0.929,random
W_ENS_PTJ_XX2_12,ENS,using time wisely . On,a personal note,", I worked on and",1,0.615,0.929,random
W_JPN_SMK_B1_1_119,JPN,I have heard that as,a sensible customer,", not smoking at table",1,0.615,0.929,random
W_ENS_PTJ_XX1_041,ENS,not ready to work at,a real company,"yet , and right now",2,0.615,0.929,random
W_JPN_PTJ_A2_0_131,JPN,", we have to select",a right job,. We should not have,1,0.615,0.929,random
W_ENS_SMK_XX1_039,ENS,", and I think that",the main difference,between these and tobacco comes,1,0.615,0.929,random
W_ENS_SMK_XX1_084,ENS,diseases resulting from nicotine .,A major part,of governments ' health budget,1,0.615,0.929,random
W_JPN_SMK_B1_1_084,JPN,went out the restaurant .,The other day,we went to another restaurant,5,0.615,0.929,random
W_ENS_PTJ_XX1_009,ENS,time job in college is,an easy way,to get used to working,1,0.615,0.929,random
W_JPN_SMK_B1_1_148,JPN,of a restaurant . In,the first place,", restaurants are not where",16,0.615,0.929,random
W_ENS_SMK_XX1_024,ENS,people have to deal with,the bad smell,and the negative impact upon,11,0.615,0.929,random
W_JPN_PTJ_A2_0_123,JPN,". Finally , I noticed",the real independence,of word ' Arigatou !!,1,0.615,0.929,random
W_ENS_SMK_XX3_25,ENS,"countries , and should initiate",a complete ban,on smoking in restaurants .,5,0.615,0.929,random
W_ENS_PTJ_XX3_53,ENS,as there many spokes in,the standard bicycle,"wheel , so too there",1,0.615,0.929,random
W_ENS_SMK_XX2_41,ENS,", a ban would go",a long way,towards discouraging smoking in general,4,0.615,0.929,random
W_JPN_PTJ_A2_0_042,JPN,can manage with experience .,The obtained one,is not only useful for,1,0.615,0.929,random
W_JPN_PTJ_B1_2_07,JPN,want to tell you for,the second reason,is that college student can,4,0.615,0.929,random
W_JPN_PTJ_B1_2_22,JPN,"increases , Japan will face",a serious shortage,of labor force . To,1,0.615,0.929,random
W_ENS_SMK_XX2_05,ENS,arrogant and rude and displays,a total disregard,for others . I would,1,0.615,0.929,random
W_JPN_PTJ_B1_1_008,JPN,I may not forget .,The main work,for students is not part,1,0.615,0.929,random
W_JPN_SMK_A2_0_120,JPN,have a dish and have,a good time,at restaurants . Thus smoking,23,0.615,0.929,random
W_ENS_PTJ_XX1_092,ENS,chemistry experiments or even creating,a new light,bulb . To work a,2,0.615,0.929,random
W_JPN_PTJ_B2_0_02,JPN,n't study hard that is,a personal problem,. But if employees do,2,0.615,0.929,random
W_JPN_PTJ_A2_0_135,JPN,real money . It is,a social experience,. This is not thing,1,0.615,0.929,random
W_ENS_PTJ_XX3_34,ENS,", they will also require",a certain amount,of problem solving skills and,1,0.615,0.929,random
W_JPN_PTJ_B1_2_22,JPN,Some of them already drive,a high class,car or rent an expensive,2,0.615,0.929,random
W_JPN_PTJ_B2_0_02,JPN,to working when they have,a full time,job as they have experiences,16,0.615,0.929,random
W_ENS_PTJ_XX1_038,ENS,'re setting yourself up for,a successful career,in the future . For,3,0.615,0.929,random
W_JPN_SMK_A2_0_066,JPN,smoke will be decrease .,The second reason,is that smoking affect not,25,0.615,0.929,random
W_JPN_PTJ_A2_0_019,JPN,a part time job is,a good chance,which we have a communication,4,0.615,0.929,random
W_ENS_SMK_XX1_030,ENS,"at restaurants in Japan ,",the Japanese tobacco,companies would probably be very,2,0.615,0.929,random
W_JPN_SMK_B1_1_082,JPN,thing at all . Therefore,the active voice,smoking people should think about,1,0.615,0.929,random
W_ENS_PTJ_XX3_38,ENS,students who fail to understand,the true power,of numbers in the dollar,1,0.615,0.929,random
W_ENS_PTJ_XX1_095,ENS,possibilities for other people in,the general economy,. There are many full,1,0.615,0.929,random
W_ENS_SMK_XX1_003,ENS,guess that there might be,a huge backlash,"at first , people would",1,0.615,0.929,random
W_ENS_PTJ_XX3_54,ENS,dealing with these additions in,a functional manner,", until they acquire the",1,0.615,0.929,random
W_JPN_PTJ_A2_0_020,JPN,But if you give them,a bad service,", they may be angry",1,0.615,0.929,random
W_JPN_SMK_B2_0_15,JPN,little away from you in,the same room,. You can look tobacco,6,0.615,0.929,random
W_JPN_PTJ_B1_1_102,JPN,your independence from now .,The first step,is part time job as,1,0.615,0.929,random
W_JPN_PTJ_B1_1_024,JPN,us and suit us .,The second reason,is that we need money,25,0.615,0.929,random
W_ENS_SMK_XX1_089,ENS,fumes from nearby tables create,a deadly nimbus,of toxic pollution above those,1,0.615,0.929,random
W_ENS_PTJ_XX1_065,ENS,can eventually make working at,a fulltime job,", so I think that",8,0.615,0.929,random
W_ENS_PTJ_XX2_16,ENS,a student is admitted to,that particular school,that is when the difficulties,1,0.615,0.929,random
W_ENS_SMK_XX3_53,ENS,"cancer , heart stroke or",some other disease,which they contracted from smoking,1,0.615,0.929,random
W_JPN_SMK_B2_0_17,JPN,I think that smoking is,an annoying act,in a public space .,1,0.615,0.929,random
W_ENS_SMK_XX3_26,ENS,non-smoking areas does not provide,a true shelter,from the smoke for non-smokers,1,0.615,0.929,random
W_JPN_SMK_B1_1_093,JPN,So people may smoke at,the private place,", but they should n't",2,0.615,0.929,random
W_JPN_SMK_B1_1_146,JPN,important thing is to understand,the other person,'s mind . Smoking effects,1,0.615,0.929,random
W_ENS_PTJ_XX2_27,ENS,loans decreased rather than face,a huge debt,as soon as I graduated,1,0.615,0.929,random
W_JPN_SMK_A2_0_022,JPN,So I am delighted in,the present economy,", in which tax of",1,0.615,0.929,random
W_ENS_PTJ_XX1_053,ENS,means that they are having,a good time,and that they are happy,23,0.615,0.929,random
W_ENS_SMK_XX3_28,ENS,designated - smoking areas .,The big problem,here is the fact that,1,0.615,0.929,random
W_JPN_PTJ_B1_1_103,JPN,. I want to have,a various experience,through a part time job,1,0.615,0.929,random
W_ENS_SMK_XX1_008,ENS,". Also , smoking is",a great way,to socialize and meet new,14,0.615,0.929,random
W_ENS_PTJ_XX1_037,ENS,what it needs to be,a responsible adult,", and I have learned",1,0.615,0.929,random
W_JPN_SMK_A2_0_041,JPN,area and nonsmoking area at,the same restaurant,. As smoke does n't,3,0.615,0.929,random
W_ENS_SMK_XX2_24,ENS,"Next , you are on",a long flight,and the child sitting behind,1,0.615,0.929,random
W_JPN_SMK_B1_1_127,JPN,", smoke of cigarette has",a bad influence,on people who do n't,19,0.615,0.929,random
W_JPN_PTJ_B1_2_05,JPN,earning money . It is,the first reason,. The second reason is,5,0.615,0.929,random
W_ENS_PTJ_XX3_05,ENS,time to studying which is,the sole reason,they are at college in,1,0.615,0.929,random
W_ENS_SMK_XX1_065,ENS,and non smokers can have,a good time,at any restaurants and not,23,0.615,0.929,random
W_JPN_PTJ_A2_0_045,JPN,now . And that is,the second job,in life . I get,1,0.615,0.929,random
W_JPN_SMK_B1_2_48,JPN,"this fact , smoke does",the same damage,"to secondary smoker , so",1,0.615,0.929,random
W_JPN_PTJ_A2_0_130,JPN,that part time job is,the first step,which he or she experiences,2,0.615,0.929,random
W_ENS_SMK_XX1_048,ENS,"Christians , and this is",a good thing,. If they have anything,15,0.615,0.929,random
W_ENS_SMK_XX2_26,ENS,addiction could hardly be considered,a positive thing,) . so we will,1,0.615,0.929,random
W_ENS_SMK_XX2_12,ENS,in cigarettes which would have,an immediate effect,and alleviate non-smoker concerns without,1,0.615,0.929,random
W_ENS_SMK_XX3_28,ENS,others . It is also,a big nuisance,to people who do not,1,0.615,0.929,random
W_ENS_PTJ_XX3_03,ENS,agree but unless students get,a reasonable wage,from their part - time,1,0.615,0.929,random
W_ENS_PTJ_XX1_086,ENS,"brighter future . Third ,",an appropriate part,time job could inspire students,1,0.615,0.929,random
W_JPN_SMK_A2_0_056,JPN,I think that it is,a minimum manner,. Tobacco gives not only,1,0.615,0.929,random
W_JPN_SMK_B1_1_178,JPN,"nonsmokers . For example ,",some designate time,to protect nonsmokers from smoke,1,0.615,0.929,random
W_ENS_PTJ_XX1_032,ENS,when we have to enter,the real world,and start working at companies,25,0.615,0.929,random
W_JPN_PTJ_A2_0_050,JPN,a part time job is,the simplest method,. Students work for the,1,0.615,0.929,random
W_JPN_PTJ_A2_0_117,JPN,an opportunity to learn about,the real world,. We have been studying,25,0.615,0.929,random
W_JPN_SMK_B1_2_49,JPN,"smoke , someone may be",a pregnant woman,who have to avoid cigarette,3,0.615,0.929,random
W_ENS_PTJ_XX1_046,ENS,is a great idea for,any college student,to have a part time,1,0.615,0.929,random
W_JPN_SMK_A2_0_085,JPN,The harm of smoking has,a negative effect,on people who do n't,1,0.615,0.929,random
W_JPN_PTJ_B1_1_136,JPN,and hardness of work .,The third reason,is to make friends at,9,0.615,0.929,random
W_ENS_PTJ_XX1_045,ENS,jobs will be applicable to,any other customer,service situation . It is,1,0.615,0.929,random
W_ENS_SMK_XX1_007,ENS,in Japan . Smoking is,a personal choice,and no one has the,7,0.615,0.929,random
W_JPN_SMK_B1_1_154,JPN,. Perhaps smoking people accept,some bad eff,"ects for their health ,",1,0.615,0.929,random
W_JPN_PTJ_B1_1_014,JPN,So I think it 's,a necessary step,to have a part time,2,0.615,0.929,random
W_ENS_PTJ_XX1_081,ENS,these days work ethics is,a big issue,. If college students had,1,0.615,0.929,random
W_JPN_PTJ_A2_0_150,JPN,"Third , they can predict",the roughly future,". For example , a",1,0.615,0.929,random
W_JPN_PTJ_B1_1_131,JPN,life . They must play,an important role,in experience of student 's,3,0.615,0.929,random
W_JPN_SMK_B1_1_088,JPN,n't allow smoking to make,a comfortable place,for everyone . A non,1,0.615,0.929,random
W_ENS_PTJ_XX3_38,ENS,is important and would go,a long way,towards improving student 's financial,4,0.615,0.929,random
W_ENS_SMK_XX1_036,ENS,have spent on smokes for,an entire year,and then see how much,1,0.615,0.929,random
W_JPN_SMK_B1_1_169,JPN,. So I am against,a complete ban,on smoking at all the,5,0.615,0.929,random
W_ENS_SMK_XX3_40,ENS,There is,an ongoing debate,in countries all over the,1,0.615,0.929,random
W_ENS_PTJ_XX1_036,ENS,. I think this is,a great lesson,in the way the real,1,0.615,0.929,random
W_JPN_SMK_B1_1_066,JPN,. This is serious for,a pregnant woman,. Though the pregnant woman,3,0.615,0.929,random
W_JPN_SMK_A2_0_056,JPN,by smoke . Because of,the bad smell,", most people who do",11,0.615,0.929,random
W_ENS_PTJ_XX1_080,ENS,or business . This puts,a significant amount,of strain on the family,1,0.615,0.929,random
W_ENS_PTJ_XX3_47,ENS,at university or college with,a fast food,cafeteria downstairs . But then,4,0.615,0.929,random
W_ENS_PTJ_XX2_29,ENS,It 's,a tough market,out there these days and,1,0.615,0.929,random
W_JPN_PTJ_B1_1_073,JPN,a sense of accomplishment .,The third reason,is that we are able,9,0.615,0.929,random
W_JPN_PTJ_A2_0_013,JPN,time job . This is,the third reason,". For example , greeting",4,0.615,0.929,random
W_ENS_PTJ_XX2_11,ENS,all add up to becoming,a responsible individual,. With freedom comes responsibility,1,0.615,0.929,random
W_ENS_SMK_XX3_46,ENS,"in Japan , I see",an awful lot,of Japanese people smoking too,3,0.615,0.929,random
W_JPN_PTJ_B1_1_036,JPN,learning . I can remember,the academic knowledge,to teach my students .,1,0.615,0.929,random
W_JPN_SMK_B1_1_126,JPN,"generally speaking , societies as",a whole tend,to reject smoking . For,1,0.615,0.929,random
W_ENS_PTJ_XX1_093,ENS,who think that working is,a great life,experience and that by working,1,0.615,0.929,random
W_JPN_PTJ_A2_0_083,JPN,the time which I am,a high school,student in . I learned,13,0.615,0.929,random
W_ENS_SMK_XX2_27,ENS,and pollution . Smoking is,a dirty habit,. The ash spreads easily,2,0.615,0.929,random
W_ENS_SMK_XX1_036,ENS,"Last , smoking can damage",the actual interior,"of a restaurant , as",1,0.615,0.929,random
W_ENS_PTJ_XX3_33,ENS,", fast food joint or",the local car,wash . Just so long,1,0.615,0.929,random
W_JPN_SMK_A2_0_145,JPN,". First , smoking in",the public space,is too danger . Because,9,0.615,0.929,random
W_ENS_SMK_XX1_079,ENS,"in restaurants , or in",any public space,"for that matter , is",2,0.615,0.929,random
W_JPN_PTJ_B1_1_102,JPN,other people . It is,a great benefit,and would be one of,1,0.615,0.929,random
W_ENS_SMK_XX3_46,ENS,do n't go there in,the first place,. I do n't believe,16,0.615,0.929,random
W_ENS_PTJ_XX2_19,ENS,"ask ourselves , what is",the ultimate purpose,: To make money ?,1,0.615,0.929,random
W_ENS_SMK_XX1_067,ENS,well . This seems like,an obvious thing,to do because it is,1,0.615,0.929,random
W_JPN_PTJ_A2_0_102,JPN,because two reason . In,the first place,", college students have to",16,0.615,0.929,random
W_JPN_PTJ_A2_0_135,JPN,are most likely to lead,a rough life,this weak point is meaningless,1,0.615,0.929,random
W_ENS_SMK_XX1_068,ENS,just like mine who feel,the same way,". Also , I do",26,0.615,0.929,random
W_ENS_PTJ_XX1_003,ENS,I am a student completing,a full time,degree and working a part,16,0.615,0.929,random
W_ENS_SMK_XX2_39,ENS,would be relying mostly on,the honour system,where the onus would be,1,0.615,0.929,random
W_ENS_PTJ_XX1_040,ENS,Part time work can play,an important role,in the development of any,3,0.615,0.929,random
W_ENS_PTJ_XX1_059,ENS,of the pleasures that having,a disposable income,may bring such as going,1,0.615,0.929,random
W_ENS_PTJ_XX1_048,ENS,", now that I have",a new perspective,", I think that it",2,0.615,0.929,random
W_JPN_SMK_B1_1_170,JPN,this opinion . I have,a strong opinion,for smoking . Generally speaking,1,0.615,0.929,random
W_ENS_PTJ_XX3_56,ENS,to be many of in,the last couple,of years . Why this,1,0.615,0.929,random
W_JPN_PTJ_B1_2_29,JPN,usually requires less responsibility than,a full time,"job . So , college",16,0.615,0.929,random
W_ENS_PTJ_XX1_046,ENS,to stay in school pursuing,an advanced degree,if I have not learned,2,0.615,0.929,random
W_ENS_SMK_XX1_006,ENS,so prevalent and accepted in,the Japanese culture,was one of the worst,1,0.615,0.929,random
W_JPN_PTJ_B1_2_05,JPN,students causes the rise of,the unemployed rate,. But it is said,2,0.615,0.929,random
W_ENS_PTJ_XX3_56,ENS,", money seems to be",the big problem,so if the families have,1,0.615,0.929,random
W_JPN_PTJ_A2_0_117,JPN,a part time job for,the first time,. I did a concert,18,0.615,0.929,random
W_ENS_SMK_XX1_092,ENS,a nice cooked meal in,a beautiful restaurant,or smoking a cigarette .,1,0.615,0.929,random
W_JPN_SMK_B1_1_012,JPN,wonderful atmosphere . By smoking,every delicious food,", good music and comfortable",1,0.615,0.929,random
W_ENS_SMK_XX1_077,ENS,this issue that would have,any real impact,". However , I am",1,0.615,0.929,random
W_ENS_SMK_XX1_092,ENS,hand smoke . Starbucks is,a good example,of a smoke free coffee,3,0.615,0.929,random
W_ENS_PTJ_XX1_091,ENS,". In this case ,",a large number,of hours are required for,7,0.615,0.929,random
W_ENS_PTJ_XX1_094,ENS,getting good grades and landing,a good job,in his / her field,12,0.615,0.929,random
W_JPN_PTJ_A2_0_126,JPN,efficiently to study and have,a good experience,. Using time efficiently is,8,0.615,0.929,random
W_ENS_PTJ_XX1_092,ENS,stage . They are entering,a new phase,of life and going to,1,0.615,0.929,random
W_JPN_SMK_B1_1_161,JPN,be permitted and banned at,the Japanese restaurant,.,1,0.615,0.929,random
W_JPN_PTJ_B1_1_145,JPN,other is a cook at,a Chinese restaurant,. And I want to,1,0.615,0.929,random
W_JPN_SMK_B1_1_108,JPN,. I think it is,a hard thing,for smokers . People usually,1,0.615,0.929,random
W_JPN_PTJ_A2_0_049,JPN,recognized earlier and can have,a big work,. And if we can,1,0.615,0.929,random
W_ENS_SMK_XX1_013,ENS,of coffee a satisfying after,a good desert,. I do n't understand,1,0.615,0.929,random
W_ENS_PTJ_XX3_33,ENS,would do well to gain,some real world,"experience before graduating , irrespective",1,0.615,0.929,random
W_ENS_PTJ_XX3_18,ENS,. The college years are,an ideal time,in one 's life to,1,0.615,0.929,random
W_JPN_PTJ_B1_1_083,JPN,I was given a pay,the first time,"in my life , I",18,0.615,0.929,random
W_JPN_PTJ_A2_0_034,JPN,club activity . Differing from,the high school,"student , the club activity",5,0.615,0.929,random
W_ENS_SMK_XX1_021,ENS,harmful effects of smoking upon,the human body,". Therefore , I do",2,0.615,0.929,random
W_ENS_SMK_XX1_088,ENS,? Not only is it,an unpleasant hobby,but it is also a,1,0.615,0.929,random
W_ENS_PTJ_XX1_049,ENS,of fitness . This is,the hidden benefit,that I was talking about,1,0.615,0.929,random
W_JPN_SMK_B2_0_03,JPN,. It is said that,the second hand,smoking is more harmful for,8,0.615,0.929,random
W_JPN_SMK_A2_0_059,JPN,because it has now been,a worldwide approach,of increasing and spreading non,1,0.615,0.929,random
W_ENS_PTJ_XX3_30,ENS,perhaps all be vying for,the same job,. It is critical that,2,0.615,0.929,random
W_ENS_PTJ_XX1_089,ENS,may have little concept of,the real value,of money . They are,4,0.615,0.929,random
W_ENS_PTJ_XX2_17,ENS,". Firstly , college is",an essential part,of the academically minded individual,2,0.615,0.929,random
W_ENS_SMK_XX1_068,ENS,it is nice to get,a nice breath,of fresh air while you,1,0.615,0.929,random
W_ENS_PTJ_XX2_41,ENS,these days and by having,some prior experience,", it will increase their",1,0.615,0.929,random
W_ENS_SMK_XX1_081,ENS,enjoy a cigarette were after,a nice dinner,at a restaurant and enjoying,2,0.615,0.929,random
W_ENS_SMK_XX2_27,ENS,proven many times to have,a large impact,on the health of people,1,0.615,0.929,random
W_JPN_SMK_B1_1_054,JPN,all smoking sheets . And,the third reason,is that smoking is harmful,4,0.615,0.929,random
W_ENS_SMK_XX3_31,ENS,to legal age purchasers at,any public convenience,store or public vending machine,1,0.615,0.929,random
W_ENS_PTJ_XX1_010,ENS,to start conditioning yourself for,a real career,.,4,0.615,0.929,random
W_ENS_PTJ_XX2_43,ENS,"them . For example ,",a simple search,of the Internet will reveal,1,0.615,0.929,random
W_ENS_PTJ_XX1_071,ENS,to work hard which is,a valuable asset,for a full time career,2,0.615,0.929,random
W_ENS_PTJ_XX1_077,ENS,a part time job is,a great way,for any student to expand,14,0.615,0.929,random
W_JPN_PTJ_B2_0_15,JPN,a job without knowing what,the real world,"is like , perhaps we",25,0.615,0.929,random
W_ENS_SMK_XX1_054,ENS,", I feel I have",a great perspective,to offer on this situation,1,0.615,0.929,random
W_ENS_PTJ_XX3_24,ENS,Princeton Review publish lists of,the top party,schools in the United States,1,0.615,0.929,random
W_JPN_SMK_B1_1_124,JPN,a very bad influence for,the human growth,. There is no goodness,1,0.615,0.929,random
W_ENS_PTJ_XX3_46,ENS,"therefore , it must be",the right course,of action for everyone .,1,0.615,0.929,random
W_JPN_PTJ_B1_1_152,JPN,a tutor teaches subject to,a high school,student or a junior high,13,0.615,0.929,random
W_ENS_SMK_XX1_057,ENS,I feel that this sends,a good message,about their country to the,1,0.615,0.929,random
W_ENS_SMK_XX3_33,ENS,case of restaurants run by,a single individual,"or couple , in the",1,0.615,0.929,random
W_ENS_PTJ_XX1_036,ENS,it to work out .,The bad part,of this is that it,1,0.615,0.929,random
W_JPN_SMK_A2_0_016,JPN,stop to smoke to make,a good mood,". Consequently , I agree",1,0.615,0.929,random
W_ENS_SMK_XX1_096,ENS,"Japan , it would have",a major impact,on many businesses which would,1,0.615,0.929,random
W_JPN_PTJ_A2_0_004,JPN,their job . It is,an important thing,when they work . As,2,0.615,0.929,random
W_ENS_PTJ_XX1_062,ENS,whether or not you are,a full adult,", but having a part",1,0.615,0.929,random
W_ENS_PTJ_XX2_08,ENS,pay for those things .,Another good life,- lesson that working provides,1,0.615,0.929,random
W_ENS_PTJ_XX1_026,ENS,a part time job given,a specific student,'s situation . Students who,1,0.615,0.929,random
W_JPN_SMK_B1_1_116,JPN,. And to smoke in,the public place,such as a restaurant also,13,0.615,0.929,random
W_JPN_PTJ_B1_1_140,JPN,to contact with others and,the basic attitude,on business . I think,1,0.615,0.929,random
W_ENS_PTJ_XX2_28,ENS,"work sooner , does suggest",that further research,is needed to pinpoint the,1,0.615,0.929,random
W_ENS_PTJ_XX1_006,ENS,from their studies and have,a negative impact,on their performance in classes,4,0.615,0.929,random
W_ENS_PTJ_XX1_082,ENS,a positive life experience for,any young college,student .,1,0.615,0.929,random
W_ENS_PTJ_XX1_060,ENS,a part time job is,a bad idea,is simply afraid of having,2,0.615,0.929,random
W_ENS_SMK_XX3_29,ENS,smoke smells terrible and even,a small whiff,of it can quickly spoil,1,0.615,0.929,random
W_JPN_PTJ_B1_1_022,JPN,they are really interested in,a certain kind,of job and it will,1,0.615,0.929,random
W_ENS_SMK_XX1_059,ENS,a motivation to give up,this filthy habit,. I think that is,1,0.615,0.929,random
W_JPN_PTJ_B1_1_153,JPN,"convenient , for example ,",a cellular phone,"or a computer , and",1,0.615,0.929,random
W_ENS_PTJ_XX1_061,ENS,I also realize that all,the hard work,I do is really what,1,0.615,0.929,random
W_JPN_SMK_B1_1_163,JPN,"example , restaurants set up",no smo king,areas and smokers use these,1,0.615,0.929,random
W_JPN_PTJ_A2_0_101,JPN,is mentally mature t han,the high school,student might obtain more .,5,0.615,0.929,random
W_ENS_PTJ_XX3_39,ENS,just that it is only,a small part,of our financial portfolios .,1,0.615,0.929,random
W_JPN_SMK_B1_1_082,JPN,", and there is not",a good thing,at all . Therefore the,15,0.615,0.929,random
W_JPN_PTJ_A2_0_059,JPN,take a step forward into,a social life,as an adult . Our,2,0.615,0.929,random
W_JPN_SMK_A2_0_065,JPN,"problems of passive smoking ,",the passive smoker,take in the toxic substances,1,0.615,0.929,random
W_JPN_PTJ_B1_1_031,JPN,have friends . We need,a little money,to communicate with them .,8,0.615,0.929,random
W_ENS_SMK_XX2_11,ENS,to a smoking restaurant in,the first place,". Even so , everybody",16,0.615,0.929,random
W_ENS_SMK_XX3_11,ENS,allow governments to intervene in,the private sector,"whenever they like , then",3,0.615,0.929,random
W_JPN_PTJ_B1_1_095,JPN,and appreciate their kindness .,The third reason,is that we can develop,9,0.615,0.929,random
W_ENS_PTJ_XX1_080,ENS,savings onto the customer .,This final point,is most important to me,1,0.615,0.929,random
W_JPN_SMK_A2_0_138,JPN,can not regard it as,a good practice,. But smoking is not,2,0.615,0.929,random
W_ENS_SMK_XX1_069,ENS,an in depth study on,the human body,in a lab class during,2,0.615,0.929,random
W_ENS_PTJ_XX1_100,ENS,"higher learning , one embraces",an obscene perversion,of all that is holy,1,0.615,0.929,random
W_ENS_PTJ_XX3_47,ENS,to go to work .,The big thing,for me when I was,1,0.615,0.929,random
W_ENS_SMK_XX2_28,ENS,"Firstly , a restaurant is",a public place,. People go there at,7,0.615,0.929,random
W_ENS_PTJ_XX3_56,ENS,couple of years . Why,this sudden change,". Well , I guess",1,0.615,0.929,random
W_ENS_PTJ_XX1_007,ENS,students must accomplish more in,the same amount,of time as they would,1,0.615,0.929,random
W_ENS_SMK_XX3_54,ENS,banned in restaurants . In,the ideal world,", restaurants and customers would",1,0.615,0.929,random
W_ENS_SMK_XX3_37,ENS,believe that there would be,some initial resistance,to the ban . It,1,0.615,0.929,random
W_ENS_PTJ_XX3_33,ENS,"work on time , go",the extra mile,for free and generally provide,1,0.615,0.929,random
W_ENS_SMK_XX2_40,ENS,Apart from,the extraordinary number,of health risks to smokers,1,0.615,0.929,random
W_ENS_PTJ_XX2_25,ENS,"helps build character , lightens",the financial burden,of those paying and teaches,2,0.615,0.929,random
W_JPN_SMK_B1_1_079,JPN,It is better to find,an alternative way,of relaxation . Nobody benefits,1,0.615,0.929,random
W_JPN_PTJ_A2_0_109,JPN,we need to learn .,The first thing,is what we can become,2,0.615,0.929,random
W_ENS_PTJ_XX3_01,ENS,tremendous and now it is,a good time,for students to start working,23,0.615,0.929,random
W_ENS_SMK_XX1_072,ENS,dining experience to skillfully choose,a good tobacco,to have after the meal,1,0.615,0.929,random
W_JPN_SMK_B1_1_083,JPN,I think it 's,a bad way,. There are two reasons,1,0.615,0.929,random
W_ENS_PTJ_XX1_019,ENS,job . I worked at,a small ice,cream store that was very,1,0.615,0.929,random
W_JPN_PTJ_B1_1_108,JPN,are some reasons . For,the first reason,", college students need money",5,0.615,0.929,random
W_ENS_SMK_XX2_19,ENS,of smokers forever tainted by,that terrible smell,", it also increases litter",1,0.615,0.929,random
W_JPN_PTJ_A2_0_034,JPN,the part time job becomes,a main theme,at the student life .,1,0.615,0.929,random
W_JPN_SMK_A2_0_052,JPN,smoking is a flow of,the modern society,. It becomes natural on,3,0.615,0.929,random
W_JPN_PTJ_B1_1_104,JPN,"Anyway , it will be",a good experience,to have a job outside,8,0.615,0.929,random
W_ENS_SMK_XX2_20,ENS,in a healthy environment is,a basic right,". Secondly , children should",3,0.615,0.929,random
W_JPN_SMK_B1_1_105,JPN,I think the smoke spoil,some delicious food,. And I think some,2,0.615,0.929,random
W_JPN_SMK_B2_0_11,JPN,each other . It is,an important manner,to stop smoking in public,1,0.615,0.929,random
W_ENS_PTJ_XX2_34,ENS,return in the Fall or,the next year,", but that did n't",1,0.615,0.929,random
W_JPN_SMK_A2_0_019,JPN,"n't smoke . Third ,",the financial problem,is . The price of,1,0.615,0.929,random
W_JPN_SMK_A2_0_125,JPN,", you can not have",a nice time,in the restaurants . Above,2,0.615,0.929,random
W_JPN_SMK_B1_2_33,JPN,years . They have assumed,a severe attitude,toward Japanese smokers . So,1,0.615,0.929,random
W_ENS_PTJ_XX2_18,ENS,in their courses should be,the primary goal,during this critical period of,1,0.615,0.929,random
W_JPN_SMK_B1_1_117,JPN,think that the smell is,a big point,for cooking . If smokers,1,0.615,0.929,random
W_JPN_PTJ_A2_0_078,JPN,. If they work in,a first food,"restaurant and so on ,",1,0.615,0.929,random
W_JPN_SMK_B1_1_099,JPN,hard for them to find,the good place,for smoking because many rules,2,0.615,0.929,random
W_ENS_PTJ_XX1_019,ENS,people can say . In,the same way,"as me , I am",26,0.615,0.929,random
W_ENS_PTJ_XX3_25,ENS,their professional development by instilling,a responsible work,ethic in that they have,1,0.615,0.929,random
W_JPN_SMK_B1_1_083,JPN,I wonder the feeling of,a heavy smoker,having meal without smoking is,3,0.615,0.929,random
W_JPN_PTJ_B1_2_06,JPN,And also you can experience,the first stage,of social workers . When,1,0.615,0.929,random
W_ENS_PTJ_XX3_41,ENS,are in . Thanks to,the global recession,", are lot of people",1,0.615,0.929,random
W_ENS_PTJ_XX2_22,ENS,"Furthermore , student life is",the last chance,a person may have to,3,0.615,0.929,random
W_JPN_SMK_A2_0_079,JPN,"train . For example ,",the loudly talk,", the leak o f",1,0.615,0.929,random
W_ENS_PTJ_XX2_25,ENS,To,a certain extent,I agree . By that,1,0.615,0.929,random
W_ENS_SMK_XX1_094,ENS,the businesses . This is,a free country,and the choice of smoking,1,0.615,0.929,random
W_ENS_PTJ_XX2_18,ENS,be the primary goal during,this critical period,of their education . Therefore,1,0.615,0.929,random
W_JPN_SMK_B1_1_168,JPN,", they have to choose",a proper place,to smoke . For example,1,0.615,0.929,random
W_JPN_SMK_B1_1_088,JPN,restaurants . Smoking also has,a big problem,in our health . It,1,0.615,0.929,random
W_JPN_SMK_B1_1_170,JPN,fish at sushi restaurant !,The fresh fish,changes bad one at the,1,0.615,0.929,random
W_JPN_SMK_B1_1_001,JPN,sometime begins smoking . If,all restaurant ban,"smoking , I will be",2,0.615,0.929,random
W_ENS_PTJ_XX1_097,ENS,". Currently , there is",a nationwide boom,with Texas Hold 'Em Poker,1,0.615,0.929,random
W_ENS_SMK_XX2_23,ENS,"owned , are opened to",the general public,. In the case of,2,0.615,0.929,random
W_JPN_SMK_A2_0_018,JPN,of harming innocent people in,the public space,; in this case it,9,0.615,0.929,random
W_JPN_SMK_B2_0_08,JPN,eat wo n't give you,a fatal effect,", unless you go and",1,0.615,0.929,random
W_JPN_SMK_B1_2_26,JPN,The nonsmokers are exposed to,the unhealthy smoke,and forced to ' swallow,1,0.615,0.929,random
W_ENS_SMK_XX1_081,ENS,and owners less control is,the main concern,I have . I believe,1,0.615,0.929,random
W_ENS_SMK_XX2_39,ENS,"Wales , Australia , only",a small percentage,of restaurants reported a decrease,2,0.615,0.929,random
W_ENS_SMK_XX2_42,ENS,cities and it only takes,a short drive,downtown through any popular nightspot,1,0.615,0.929,random
W_ENS_PTJ_XX1_009,ENS,graduate and are looking for,a real job,or a real career .,3,0.615,0.929,random
W_ENS_SMK_XX3_31,ENS,"and hypocritical , to introduce",a complete ban,on restaurant smoking when they,5,0.615,0.929,random
W_JPN_SMK_A2_0_111,JPN,business . I think that,the worldwide tobacco,boom has ended . So,1,0.615,0.929,random
W_JPN_SMK_B1_1_107,JPN,luxury item seems to have,a relaxed frame,of mind . I think,1,0.615,0.929,random
W_ENS_SMK_XX1_063,ENS,"worst cases , and just",a nasty smoker,'s cough in other cases,1,0.615,0.929,random
W_JPN_PTJ_A2_0_112,JPN,a part time job tutoring,a high school,student who is my friend,13,0.615,0.929,random
W_ENS_SMK_XX2_29,ENS,going to a restaurant is,a personal choice,", as is the freedom",7,0.615,0.929,random
W_ENS_PTJ_XX1_059,ENS,might want to work at,a full time,position . As long as,16,0.615,0.929,random
W_JPN_PTJ_A2_0_059,JPN,for us to go into,the actual life,of workings . And so,1,0.615,0.929,random
W_ENS_SMK_XX1_078,ENS,banned at restaurants due to,the numerous health,concerns that accompany smoking in,2,0.615,0.929,random
W_ENS_SMK_XX3_19,ENS,ban and enforce it to,the full letter,of the law . If,1,0.615,0.929,random
W_ENS_SMK_XX1_051,ENS,make qualitative arguments that have,no real basis,. I have to admit,1,0.615,0.929,random
W_ENS_PTJ_XX1_035,ENS,will be easy to acquire,a full time,job after I graduate .,16,0.615,0.929,random
W_ENS_PTJ_XX2_41,ENS,"will be exposed , in",some small way,", to the pressures of",3,0.615,0.929,random
W_JPN_SMK_B2_0_13,JPN,"non smoking area , making",a closed space,for smoking and so on,2,0.615,0.929,random
W_ENS_PTJ_XX3_17,ENS,part -time job acts as,a great bridge,between the' safe and comforting,1,0.615,0.929,random
W_ENS_PTJ_XX3_35,ENS,a good chance at getting,some other kind,of work in the meantime,1,0.615,0.929,random
W_JPN_SMK_A2_0_118,JPN,the world . And in,the first place,I believe that tobacco do,16,0.615,0.929,random
W_ENS_PTJ_XX3_13,ENS,group f colleges and conduct,some preliminary research,", I also feel that",1,0.615,0.929,random
W_JPN_PTJ_B1_1_093,JPN,", we think to choose",a good one,for us . For example,2,0.615,0.929,random
W_ENS_SMK_XX2_43,ENS,like an old fireplace or,a dirty ashtray,", because they have absorbed",1,0.615,0.929,random
W_ENS_PTJ_XX2_01,ENS,way that they can keep,a happy medium,between there job and also,1,0.615,0.929,random
W_ENS_PTJ_XX3_17,ENS,but a way to secure,a great career,and a great future .,1,0.615,0.929,random
W_JPN_SMK_B1_1_170,JPN,of the smoke attaching on,the raw fish,at sushi restaurant ! The,1,0.615,0.929,random
W_ENS_SMK_XX2_25,ENS,smokers and non-smokers --- pay,a massive cost,for second - hand smoke,1,0.615,0.929,random
W_ENS_SMK_XX1_006,ENS,"the restaurants ban it ,",the overall health,of the country will improve,1,0.615,0.929,random
W_ENS_PTJ_XX1_081,ENS,irresponsible students and eventually breakdown,the economic system,which is happing today .,1,0.615,0.929,random
W_JPN_PTJ_A2_0_019,JPN,a part time job have,a good effect,on us . So college,2,0.615,0.929,random
W_ENS_SMK_XX1_013,ENS,n't see the problem .,The bottom line,is that people should be,1,0.615,0.929,random
W_JPN_PTJ_B1_1_117,JPN,is how to cook and,a good manner,for customers . I worked,4,0.615,0.929,random
W_ENS_SMK_XX3_21,ENS,. The tobacco industry has,a long history,and is additionally quite a,1,0.615,0.929,random
W_ENS_SMK_XX3_43,ENS,"concerned about the environment ,",the ozone layer,and the ecology these days,1,0.615,0.929,random
W_ENS_PTJ_XX1_026,ENS,is that if someone makes,the wrong decision,", they always have the",1,0.615,0.929,random
W_ENS_PTJ_XX1_004,ENS,"At first , I had",the same plan,as they did but as,1,0.615,0.929,random
W_JPN_PTJ_A2_0_084,JPN,be useful when you get,an official job,", and you can be",1,0.615,0.929,random
W_ENS_SMK_XX2_36,ENS,cigarette smoke often leads to,an unpleasant eating,"environment , particularly for non-smoking",1,0.615,0.929,random
W_ENS_PTJ_XX1_056,ENS,can earn if they have,a real career,". Therefore , students should",4,0.615,0.929,random
W_JPN_PTJ_A2_0_147,JPN,job . When I was,a high school,"student , I spent money",13,0.615,0.929,random
W_ENS_SMK_XX2_11,ENS,"to smoke , It is",a personal choice,for both as is which,7,0.615,0.929,random
W_ENS_PTJ_XX1_022,ENS,about the real world and,the important topic,of financial responsibility ? I,1,0.615,0.929,random
W_JPN_PTJ_B1_2_22,JPN,", college students can obtain",the social rule,through a part time job,1,0.615,0.929,random
W_ENS_PTJ_XX1_010,ENS,get used to working in,the real world,. Some college students just,25,0.615,0.929,random
W_ENS_PTJ_XX1_090,ENS,student is able to earn,some extra money,and gain work experience .,1,0.615,0.929,random
W_JPN_SMK_B1_2_29,JPN,conversations and can not take,a good rest,. It may cause many,1,0.615,0.929,random
W_ENS_SMK_XX3_37,ENS,to accept the ban in,the normal course,"of events . Additionally ,",1,0.615,0.929,random
W_ENS_SMK_XX2_20,ENS,reveal that there has been,no significant loss,of business since a blanket,1,0.615,0.929,random
W_JPN_PTJ_A2_0_107,JPN,the members of society .,The third reason,is that college students have,9,0.615,0.929,random
W_ENS_PTJ_XX3_31,ENS,", either way it 's",a good thing,and can only help .,15,0.615,0.929,random
W_ENS_PTJ_XX2_03,ENS,were . Clearly this is,the soul purpose,of attending college and therefore,1,0.615,0.929,random
W_ENS_PTJ_XX1_005,ENS,and that there will be,the odd stuff,up here and there and,1,0.615,0.929,random
W_ENS_PTJ_XX3_25,ENS,not relying on just getting,a free ride,". For many students ,",1,0.615,0.929,random
W_JPN_SMK_A2_0_010,JPN,"be a good taste ,",a good smell,", and good atmosphere .",2,0.615,0.929,random
W_ENS_PTJ_XX1_028,ENS,if I do not have,some previous work,experience . For other students,1,0.615,0.929,random
W_JPN_PTJ_A2_0_107,JPN,must buy new textbook .,The second reason,is that college students can,25,0.615,0.929,random
W_ENS_SMK_XX3_52,ENS,think that it would be,a great decision,on Japan 's part if,1,0.615,0.929,random
W_JPN_PTJ_B1_1_157,JPN,"Secondly , they can know",the real society,". And , this experience",2,0.615,0.929,random
W_ENS_PTJ_XX3_24,ENS,", and should be considered",an essential part,of a university education .,2,0.615,0.929,random
W_JPN_PTJ_B1_2_10,JPN,"some students , that is",the first money,they earn all by themselves,1,0.615,0.929,random
W_JPN_PTJ_A2_0_126,JPN,We are going to have,a good experience,for their future by having,8,0.615,0.929,random
W_JPN_SMK_A2_0_039,JPN,the restaurant with smokers .,The second thing,is that the profit of,1,0.615,0.929,random
W_JPN_PTJ_A2_0_117,JPN,"time , you can talk",an interesting story,about part time jobs .,1,0.615,0.929,random
W_JPN_PTJ_A2_0_150,JPN,". Probably , they lead",the comfortable life,because they get the money,1,0.615,0.929,random
W_JPN_SMK_A2_0_102,JPN,should adopt this movement for,the public benefit,. And a lot of,1,0.615,0.929,random
W_JPN_SMK_B1_1_145,JPN,for smoker 's health .,The second reason,is that the smoke is,25,0.615,0.929,random
W_ENS_SMK_XX3_56,ENS,know that this is still,a hot issue,here in the UK and,1,0.615,0.929,random
W_ENS_PTJ_XX1_049,ENS,have a good job at,a fun place,"on campus , we can",1,0.615,0.929,random
W_ENS_SMK_XX1_072,ENS,should be patient and allow,a little bit,more time to pass on,22,0.615,0.929,random
W_JPN_SMK_B1_1_079,JPN,"other day , I had",another terrible experience,. I sat down no,1,0.615,0.929,random
W_JPN_SMK_B1_1_025,JPN,. I guess that if,all restaurant ban,"to smoke , this change",2,0.615,0.929,random
W_JPN_PTJ_B1_1_017,JPN,is the chance to experience,the real work,. After we finished the,3,0.615,0.929,random
W_JPN_PTJ_A2_0_097,JPN,", or a doctor of",a big hospital,in this restaurant . So,1,0.615,0.929,random
W_JPN_PTJ_B1_1_171,JPN,will you really need only,an academic skill,in the future ? You,2,0.615,0.929,random
W_ENS_SMK_XX1_069,ENS,well published or distributed in,some other manner,", even though I 'm",1,0.615,0.929,random
W_JPN_PTJ_A2_0_045,JPN,"Second , I can experience",the real work,. A part time job,3,0.615,0.929,random
W_ENS_PTJ_XX3_31,ENS,financial burden or just the,all important work,experience which will give them,1,0.615,0.929,random
W_JPN_SMK_A2_0_094,JPN,to smoking . Smoking has,a bad influence,on conditions of other guests,19,0.615,0.929,random
W_ENS_SMK_XX1_013,ENS,to have a cigarette is,a huge pain,", and if the nonsmokers",1,0.615,0.929,random
W_JPN_PTJ_B1_2_38,JPN,at service to people .,The other student,may realize that he is,2,0.615,0.929,random
W_ENS_SMK_XX1_091,ENS,sure that all customers have,a comfortable dining,experience . Instead of banning,1,0.615,0.929,random
W_ENS_SMK_XX1_018,ENS,"company , and nothing ruins",a nice night,out more than a room,1,0.615,0.929,random
W_JPN_PTJ_B1_1_040,JPN,. And you can get,a close friend,in part time job .,1,0.615,0.929,random
W_JPN_SMK_B1_1_137,JPN,"Moreover , passive smoking in",the public space,", smoker does n't take",9,0.615,0.929,random
W_ENS_SMK_XX1_073,ENS,it . It would be,a nice gift,to smokers to give them,1,0.615,0.929,random
W_ENS_PTJ_XX2_32,ENS,and they are finding out,the hard way,about the differences between the,1,0.615,0.929,random
W_ENS_PTJ_XX1_097,ENS,money is quite rewarding .,This new trend,has swept North America and,1,0.615,0.929,random
W_ENS_PTJ_XX2_34,ENS,rushing around to get to,the next class,or start their job on,1,0.615,0.929,random
W_ENS_PTJ_XX3_50,ENS,truly believe that it is,an awesome idea,for students to have part,1,0.615,0.929,random
W_JPN_PTJ_A2_0_124,JPN,"can make drinks , teach",a junior partner,and manage time in the,1,0.615,0.929,random
W_JPN_SMK_A2_0_105,JPN,be happy and enjoy eating,a delicious dish,at the restaurant .,2,0.615,0.929,random
W_JPN_SMK_B1_1_073,JPN,a hundred evils and not,a single good,. In fact everyone understands,1,0.615,0.929,random
W_ENS_SMK_XX1_056,ENS,see how there can be,any other outcome,than that smoking will eventually,1,0.615,0.929,random
W_JPN_PTJ_B1_1_158,JPN,through the experience . And,the second reason,is that we can not,4,0.615,0.929,random
W_ENS_SMK_XX1_100,ENS,no more a danger to,the average person,than drinking tap water or,1,0.615,0.929,random
W_ENS_PTJ_XX3_23,ENS,Interviewing for a job is,an important skill,as it 's a necessary,1,0.615,0.929,random
W_ENS_SMK_XX3_28,ENS,a way of spreading throughout,the entire place,. This is often true,1,0.615,0.929,random
W_ENS_SMK_XX1_091,ENS,. Theses people make up,a significant customer,base for the food and,1,0.615,0.929,random
W_ENS_PTJ_XX3_08,ENS,"me , this would be",a smart strategy,to keep in mind because,1,0.615,0.929,random
W_ENS_PTJ_XX1_077,ENS,in the university will be,a valuable asset,to me . In the,2,0.615,0.929,random
W_ENS_PTJ_XX1_028,ENS,and other places may suffer,the unfortunate fate,of having to work there,1,0.615,0.929,random
W_ENS_PTJ_XX2_39,ENS,"really lucky , working in",the same industry,or profession that they are,1,0.615,0.929,random
W_ENS_SMK_XX3_52,ENS,I think that it is,a good decision,for everyone to have worldwide,1,0.615,0.929,random
W_ENS_SMK_XX1_009,ENS,". Finally , smoking is",an expensive habit,over time . I saw,1,0.615,0.929,random
W_ENS_PTJ_XX1_049,ENS,Every part time job has,a hidden benefit,that you can take advantage,1,0.615,0.929,random
W_ENS_SMK_XX1_018,ENS,to the restaurants to enjoy,a good meal,"in good company , and",4,0.615,0.929,random
W_JPN_SMK_B1_1_089,JPN,in the dishes . In,the first place,", the cheapness of a",16,0.615,0.929,random
W_JPN_SMK_B1_2_13,JPN,and to stop to spread,the bad influence,and custom .,2,0.615,0.929,random
W_JPN_SMK_A2_0_151,JPN,"One reason , I hate",a nasty smell,of smoking . Even if,1,0.615,0.929,random
W_JPN_SMK_A2_0_062,JPN,outside restaurants for preparation for,the main topic,. I have seen many,2,0.615,0.929,random
W_ENS_PTJ_XX2_10,ENS,in most cases have had,no direct experience,in the work force .,1,0.615,0.929,random
W_JPN_SMK_B1_1_060,JPN,their right to smoke .,The other reason,is that it is not,5,0.615,0.929,random
W_ENS_SMK_XX1_036,ENS,spent much more well and,some other way,", and it would be",1,0.615,0.929,random
W_ENS_PTJ_XX1_037,ENS,to help them grow up,a little bit,. This was never the,22,0.615,0.929,random
W_JPN_PTJ_A2_0_069,JPN,they are not seen in,a usual book,store or the library in,1,0.615,0.929,random
W_JPN_SMK_B1_1_156,JPN,a place where we have,a good meal,and where we spend time,4,0.615,0.929,random
W_ENS_SMK_XX1_063,ENS,know that there will be,a direct impact,upon the health of people,1,0.615,0.929,random
W_ENS_PTJ_XX1_005,ENS,the learning curve and for,the first time,"in a long time ,",18,0.615,0.929,random
W_JPN_SMK_B1_1_070,JPN,on . Smoker should have,a good manner,"about smoking , and get",4,0.615,0.929,random
W_JPN_SMK_B1_1_051,JPN,smoke of cigarettes is not,a good thing,of a feeling . It,15,0.615,0.929,random
W_JPN_SMK_B1_1_120,JPN,some machines that can change,the foul air,"to the fresh air ,",1,0.615,0.929,random
W_ENS_PTJ_XX1_026,ENS,study programs and can make,a little bit,of money as well .,22,0.615,0.929,random
W_ENS_SMK_XX3_31,ENS,are open for business to,the general public,. Just the same is,2,0.615,0.929,random
W_JPN_SMK_A2_0_110,JPN,that a little it is,an excessive idea,. Because this troublesome be,1,0.615,0.929,random
W_ENS_SMK_XX2_04,ENS,to breathe . There was,a big court,case in Canada a few,1,0.615,0.929,random
W_ENS_PTJ_XX1_035,ENS,"local computer store , and",the next summer,", I was part of",1,0.615,0.929,random
W_ENS_PTJ_XX1_064,ENS,later in their lives .,The good thing,for them is that they,2,0.615,0.929,random
W_ENS_PTJ_XX1_100,ENS,that right soon ! ),The modern student,should spend every waking hour,1,0.615,0.929,random
W_ENS_PTJ_XX2_07,ENS,balancing a study schedule with,a semi-regular work,regimen . Students who spend,1,0.615,0.929,random
W_ENS_SMK_XX1_026,ENS,to watch somebody die .,The good thing,is that if you are,2,0.615,0.929,random
W_ENS_PTJ_XX1_004,ENS,"money for travel , take",a short break,and then return to my,1,0.615,0.929,random
W_ENS_PTJ_XX2_26,ENS,degrees or just to have,some extra cash,". Either way , I",2,0.615,0.929,random
W_JPN_SMK_B1_1_162,JPN,people smoke . I have,a horrible experience,before . I went to,1,0.615,0.929,random
W_JPN_SMK_B1_1_086,JPN,people are able to have,a good time,in restaurant . This is,23,0.615,0.929,random
W_JPN_PTJ_B1_2_21,JPN,for all . It is,the good chance,for college students to learn,1,0.615,0.929,random
W_JPN_SMK_B1_1_143,JPN,irritated when I 'm in,a secret room,and other person in the,1,0.615,0.929,random
W_ENS_PTJ_XX1_024,ENS,experience the benefits of knowing,a wide variety,of people . Having a,2,0.615,0.929,random
W_ENS_PTJ_XX3_08,ENS,a variety of experiences had,a desperate need,to get a job and,1,0.615,0.929,random
W_ENS_SMK_XX3_07,ENS,"are not aware , until",the last second,that they have just smelled,1,0.615,0.929,random
W_JPN_PTJ_A2_0_059,JPN,in governmental deals . And,the other example,is when you commit a,1,0.615,0.929,random
W_ENS_PTJ_XX3_16,ENS,and it has already been,a great experience,. It is really satisfying,3,0.615,0.929,random
W_JPN_PTJ_B1_1_151,JPN,a first step to be,a nice adult,person . Finally we make,1,0.615,0.929,random
W_ENS_SMK_XX1_006,ENS,understand why people smoke in,the first place,because all it does is,16,0.615,0.929,random
W_ENS_SMK_XX1_025,ENS,restaurants in Japan would be,a bad idea,.,2,0.615,0.929,random
W_ENS_PTJ_XX1_024,ENS,least a little bit about,the real world,". Also , you can",25,0.615,0.929,random
W_JPN_PTJ_B1_2_30,JPN,have to spend money .,The second reason,is that we can get,25,0.615,0.929,random
W_ENS_SMK_XX1_080,ENS,campaign to educate people on,the direct impact,cigarette smoke has on their,1,0.615,0.929,random
W_ENS_PTJ_XX1_099,ENS,homework or going home at,a reasonable time,. If we do part,1,0.615,0.929,random
W_ENS_SMK_XX1_068,ENS,restaurants has made at least,a little bit,of progress in encouraging people,22,0.615,0.929,random
W_ENS_SMK_XX1_051,ENS,discussion . We live in,a democratic society,", and I am not",3,0.615,0.929,random
W_JPN_SMK_B1_1_030,JPN,difficult to separate completely in,the small restaurant,for example small café or,1,0.615,0.929,random
W_JPN_SMK_B1_1_120,JPN,change the foul air to,the fresh air,", for example an air",3,0.615,0.929,random
W_JPN_SMK_B2_0_09,JPN,smoking in restaurants is not,a bad thing,". However , there is",5,0.615,0.929,random
W_ENS_SMK_XX1_024,ENS,with the bad smell and,the negative impact,upon the taste of the,1,0.615,0.929,random
W_ENS_SMK_XX2_35,ENS,There is no need for,a complete ban,on smoking in restaurants when,5,0.615,0.929,random
W_JPN_PTJ_B1_1_099,JPN,", go abroad to see",a different world,", and so on .",1,0.615,0.929,random
W_JPN_PTJ_B1_1_120,JPN,in working will not be,an obstacle thing,but useful in the real,1,0.615,0.929,random
W_JPN_PTJ_B1_1_173,JPN,will not spend to have,a good time,of our college life because,23,0.615,0.929,random
W_JPN_SMK_B1_1_154,JPN,do n't want to be,a patient b,ecause of smoking effects .,1,0.615,0.929,random
W_ENS_SMK_XX2_20,ENS,I strongly agree with,a complete ban,on smoking in all restaurants,5,0.615,0.929,random
W_ENS_PTJ_XX1_007,ENS,part time jobs can have,a positive influence,on college students ' learning,1,0.615,0.929,random
W_JPN_SMK_B2_0_02,JPN,is very uncomfortable . Once,the smell stick,"with me , I have",1,0.615,0.929,random
W_ENS_PTJ_XX1_079,ENS,developed simply by taking on,some extra work,after school .,1,0.615,0.929,random
W_ENS_PTJ_XX1_027,ENS,a part time job is,a great way,for students to take a,14,0.615,0.929,random
W_JPN_SMK_B1_2_04,JPN,non smokers have to have,a peaceful mind,and understand smoking . And,1,0.615,0.929,random
W_JPN_SMK_A2_0_047,JPN,trivial . It needs just,a little device,. The equipment that separate,1,0.615,0.929,random
W_JPN_SMK_A2_0_046,JPN,people also do n't know,the real terror,of smoking . In a,1,0.615,0.929,random
W_ENS_PTJ_XX1_091,ENS,to balance a job and,a heavy course,"load , often do it",1,0.615,0.929,random
W_ENS_SMK_XX1_035,ENS,"Finally , restaurants that have",no particular target,group for their clients should,1,0.615,0.929,random
W_JPN_PTJ_B1_2_16,JPN,distribute for society such as,a good engineer,or translator or economist and,1,0.615,0.929,random
W_ENS_SMK_XX1_085,ENS,very irritated when someone at,the next table,smokes near me while I,5,0.615,0.929,random
W_JPN_PTJ_A2_0_109,JPN,make the most use of,this free time,. It is best time,1,0.615,0.929,random
W_JPN_PTJ_B1_1_101,JPN,at the place where is,the same kind,as the place where you,1,0.615,0.929,random
W_JPN_PTJ_B1_1_006,JPN,were college students will become,a good memory,in the future . They,1,0.615,0.929,random
W_ENS_SMK_XX1_081,ENS,I realize that smoking is,an unhealthy habit,. I smoked for two,1,0.615,0.929,random
W_JPN_PTJ_B1_2_14,JPN,who he is and repeat,the same story,to him . But he,1,0.615,0.929,random
W_ENS_SMK_XX2_10,ENS,It would need to be,a large squad,to cover that much land,1,0.615,0.929,random
W_JPN_PTJ_B1_1_075,JPN,", so they can know",the present state,of education . This may,1,0.615,0.929,random
W_JPN_PTJ_A2_0_082,JPN,. But I was making,a big mistake,. I realized that earning,1,0.615,0.929,random
W_ENS_PTJ_XX2_16,ENS,once they get home .,The real challenge,is having ample time to,1,0.615,0.929,random
W_ENS_PTJ_XX1_071,ENS,school is just simply not,a good way,to show that you are,8,0.615,0.929,random
W_JPN_SMK_A2_0_020,JPN,not only restaurant but also,any other place,". For example university ,",1,0.615,0.929,random
W_JPN_PTJ_A2_0_066,JPN,. They can also get,a large view,and care for people who,1,0.615,0.929,random
W_ENS_SMK_XX3_22,ENS,it illegal to smoke at,any public place,. I know that smokers,3,0.615,0.929,random
W_ENS_SMK_XX2_38,ENS,or being uncomfortable sitting in,the same room,as smokers . While it,6,0.615,0.929,random
W_ENS_SMK_XX3_37,ENS,This is,a great idea,and I wholeheartedly agree .,5,0.615,0.929,random
W_ENS_PTJ_XX2_43,ENS,was going to contribute in,some meaningful way,to the students ' studies,1,0.615,0.929,random
W_JPN_SMK_B1_2_14,JPN,. Servers have to make,an equal attitude,for both smokers and non,1,0.615,0.929,random
W_ENS_SMK_XX2_34,ENS,accept that smoking is not,a healthy habit,( it causes all sorts,1,0.615,0.929,random
W_ENS_PTJ_XX3_08,ENS,students do n't always commence,a new job,as soon as they graduate,3,0.615,0.929,random
W_ENS_SMK_XX3_21,ENS,we encourage smokers to be,a little bit,more thoughtful and their choices,22,0.615,0.929,random
W_JPN_PTJ_A2_0_006,JPN,in adult society . In,the private school,", I am called NARUSAWA",2,0.615,0.929,random
W_ENS_PTJ_XX2_06,ENS,- time employment can be,a valuable way,for students to gain new,2,0.615,0.929,random
W_ENS_PTJ_XX1_042,ENS,so that I will have,some disposable income,". Also , one of",1,0.615,0.929,random
W_JPN_PTJ_B1_1_034,JPN,he would be regarded as,a bad employee,. If he has a,1,0.615,0.929,random
W_JPN_SMK_A2_0_069,JPN,the government in Japan plans,a large increase,in some kinds of taxes,1,0.615,0.929,random
W_JPN_PTJ_B1_1_104,JPN,"things , and parhaps have",a different view,toward society . they can,1,0.615,0.929,random
W_ENS_SMK_XX1_013,ENS,much the same way as,a good cup,of coffee a satisfying after,1,0.615,0.929,random
W_JPN_SMK_A2_0_127,JPN,factors have been confused in,the same space,is not good . That,2,0.615,0.929,random
W_ENS_PTJ_XX1_021,ENS,a part time job at,a local pizza,shop since I entered college,1,0.615,0.929,random
W_ENS_SMK_XX2_06,ENS,", smoking attributed diseases ,",every single year,and the numbers are continually,1,0.615,0.929,random
W_ENS_PTJ_XX3_37,ENS,in mind first . On,the other side,"of the coin , I",3,0.615,0.929,random
W_ENS_PTJ_XX1_091,ENS,is important not to overlook,the main purpose,of a college education .,2,0.615,0.929,random
W_ENS_PTJ_XX2_30,ENS,"'m sure , but still",a valuable experience,to carry with them for,2,0.615,0.929,random
W_ENS_SMK_XX1_015,ENS,to see that it is,a good choice,to quit smoking . By,1,0.615,0.929,random
W_ENS_SMK_XX2_34,ENS,the process . I behave,the same way,when it comes to smoking,26,0.615,0.929,random
W_JPN_SMK_B1_1_165,JPN,"time surrounding good smells ,",the nice meal,will be destroyed and we,2,0.615,0.929,random
W_JPN_PTJ_B1_1_114,JPN,especially to get money .,The third reason,is that we can make,9,0.615,0.929,random
W_ENS_PTJ_XX3_39,ENS,then they would have made,a good head,start towards securing their financial,1,0.615,0.929,random
W_JPN_SMK_A2_0_064,JPN,for health . Smoking has,a bad effect,not only on smoker but,5,0.615,0.929,random
W_ENS_SMK_XX1_072,ENS,"To them , it is",a big part,of the dining experience to,1,0.615,0.929,random
W_JPN_SMK_B1_1_030,JPN,why I think it is,an important way,to solve the problem about,1,0.615,0.929,random
W_ENS_PTJ_XX2_39,ENS,jobs for college students are,a great idea,and can really help them,5,0.615,0.929,random
W_JPN_SMK_B1_1_175,JPN,action is very selfish .,The second reason,is that smoking has a,25,0.615,0.929,random
W_JPN_SMK_B2_0_10,JPN,of the customers can affect,the financial state,"of restaurants , and give",1,0.615,0.929,random
W_ENS_SMK_XX1_035,ENS,"the U. S. , or",any other country,in the world . Smokers,1,0.615,0.929,random
W_JPN_PTJ_B1_1_170,JPN,work . Now I run,a small company,", I think people who",1,0.615,0.929,random
W_JPN_PTJ_A2_0_093,JPN,and are given salary at,the first time,", they will very happy",18,0.615,0.929,random
W_JPN_PTJ_B1_2_38,JPN,money and their parents .,The second reason,is that they can reduce,25,0.615,0.929,random
W_JPN_PTJ_A2_0_056,JPN,"the world , go to",a high class,"restaurant , and buy expensive",2,0.615,0.929,random
W_JPN_SMK_B1_1_079,JPN,the smell . It is,an offensive smell,for non smokers . When,1,0.615,0.929,random
W_JPN_SMK_B1_2_28,JPN,citizens is more precious than,any other thing,". Therefore , the idea",1,0.615,0.929,random
W_JPN_SMK_A2_0_105,JPN,bad for your health in,the first place,. It is said that,16,0.615,0.929,random
W_JPN_SMK_A2_0_060,JPN,". Fist , there is",a surely fact,that many people want to,1,0.615,0.929,random
W_ENS_SMK_XX3_25,ENS,", who see smoking as",a natural part,of every day activities rather,1,0.615,0.929,random
W_JPN_SMK_A2_0_090,JPN,tool with which people have,a nice dinner,and communicate with each other,2,0.615,0.929,random
W_JPN_SMK_B2_0_10,JPN,consult their doctor . In,the first place,", restaurant should be a",16,0.615,0.929,random
W_ENS_PTJ_XX2_39,ENS,to work and was playing,an active role,in being financial responsible .,3,0.615,0.929,random
W_ENS_PTJ_XX3_21,ENS,and downs that come with,a full time,job . College students should,16,0.615,0.929,random
W_ENS_SMK_XX3_46,ENS,civil rights . I am,a considerate smoker,and will quite often go,1,0.615,0.929,random
W_JPN_PTJ_A2_0_039,JPN,tend to waste money .,The second reason,is that college students do,25,0.615,0.929,random
W_ENS_PTJ_XX1_073,ENS,you see the world from,a new perspective,and help you approach the,2,0.615,0.929,random
W_JPN_SMK_B1_1_109,JPN,"people , so smoking in",the public place,must be prohibited .,13,0.615,0.929,random
W_JPN_SMK_A2_0_046,JPN,people begin to smoke with,a slight interest,. Then they come to,1,0.615,0.929,random
W_JPN_PTJ_A2_0_006,JPN,to be teached like in,a formal school,", as a part time",1,0.615,0.929,random
W_JPN_SMK_B1_1_169,JPN,example . I work at,an Italian restaurant,. In the evening about,2,0.615,0.929,random
W_ENS_PTJ_XX1_062,ENS,it is good to have,a continuous flow,of income so that we,1,0.615,0.929,random
W_ENS_SMK_XX1_020,ENS,They say that it is,a dirty habit,that can destroy the lives,2,0.615,0.929,random
W_ENS_SMK_XX3_44,ENS,"of time , there was",an overall decrease,in net profit right across,1,0.615,0.929,random
W_ENS_SMK_XX3_11,ENS,government anywhere . This is,a personal choice,"situation between smokers , non-smokers",7,0.615,0.929,random
W_ENS_PTJ_XX1_005,ENS,. This might not be,the ideal thing,"for everyone else , but",1,0.615,0.929,random
W_JPN_SMK_B1_1_140,JPN,people notice that smoking has,a bad influence,on not only smoker but,19,0.615,0.929,random
W_JPN_SMK_B1_2_06,JPN,", I have ever heard",that sub smoke,of segarate is much worse,1,0.615,0.929,random
W_ENS_SMK_XX1_094,ENS,establishment is trying to make,a fair living,. If smoking is banned,1,0.615,0.929,random
W_JPN_SMK_A2_0_144,JPN,to a restaurant is eating,a delicious dish,". However , not only",2,0.615,0.929,random
W_JPN_PTJ_B1_1_172,JPN,for a college student and,a high school,student is studying .,13,0.615,0.929,random
W_ENS_SMK_XX3_26,ENS,about this because fragrance is,a large part,"of enjoying food , and",3,0.615,0.929,random
W_JPN_SMK_A2_0_032,JPN,"20 years old smoke ,",the smog flow,in the air . It,1,0.615,0.929,random
W_JPN_SMK_B1_2_16,JPN,no matter where it is,the public place,", I think that smoking",13,0.615,0.929,random
W_JPN_SMK_B1_2_45,JPN,"First , we can keep",a good health,. Smoking is bad for,1,0.615,0.929,random
W_JPN_PTJ_B1_1_151,JPN,To control my life is,a first step,to be a nice adult,3,0.615,0.929,random
W_JPN_SMK_B1_1_078,JPN,wo n't eat pleasantly by,the delicious smell,was drowned out by the,2,0.615,0.929,random
W_ENS_SMK_XX2_17,ENS,"Furthermore , the government makes",a large amount,of money from putting taxes,2,0.615,0.929,random
W_ENS_PTJ_XX1_040,ENS,value of a dollar .,The other side,of students who are already,1,0.615,0.929,random
W_ENS_PTJ_XX2_32,ENS,the advantage of having had,some previous experience,working part - time .,1,0.615,0.929,random
W_ENS_SMK_XX1_051,ENS,not sure if Japan as,a democratic society,"as well , but if",3,0.615,0.929,random
W_ENS_PTJ_XX2_09,ENS,College is,a transitional time,from dependence to independence for,1,0.615,0.929,random
W_ENS_PTJ_XX1_035,ENS,feel that I have done,a good job,in getting myself into a,12,0.615,0.929,random
W_ENS_PTJ_XX3_11,ENS,for those who have had,no real job,or work experience before and,1,0.615,0.929,random
W_JPN_SMK_B1_2_13,JPN,". Second , smoking has",a bad influence,not only for smokers but,19,0.615,0.929,random
W_ENS_PTJ_XX1_057,ENS,such as at internships or,a local company,", you 'll have a",1,0.615,0.929,random
W_JPN_PTJ_A2_0_144,JPN,of society . To be,a useful person,"in the future , it",1,0.615,0.929,random
W_ENS_SMK_XX1_091,ENS,banned in all restaurants is,a good policy,"in theory , but in",1,0.615,0.929,random
W_ENS_PTJ_XX1_071,ENS,"to learn , which is",a valuable thing,to know how to do,1,0.615,0.929,random
W_JPN_SMK_B1_1_083,JPN,". First , smoking is",a right culture,. There are many many,1,0.615,0.929,random
W_JPN_SMK_B1_1_013,JPN,of the people smoking in,a public place,"like load , station and",7,0.615,0.929,random
W_ENS_PTJ_XX1_038,ENS,for a successful portion for,a large part,of your life . But,3,0.615,0.929,random
W_ENS_PTJ_XX1_088,ENS,as soon as they reach,the correct age,.,1,0.615,0.929,random
W_JPN_PTJ_A2_0_090,JPN,be dealt with kindly at,a fast food,restaurant . Employees have to,4,0.615,0.929,random
W_JPN_PTJ_B1_1_171,JPN,"But now , I am",the second grade,and have a part time,1,0.615,0.929,random
W_ENS_PTJ_XX1_075,ENS,"part time experience , but",a good GPA,is also a good way,1,0.615,0.929,random
W_ENS_SMK_XX2_13,ENS,whoever that may be on,a daily basis,. If the government is,3,0.615,0.929,random
W_JPN_PTJ_B2_0_03,JPN,can learn how to build,a good relationship,between colleagues or a boss,1,0.615,0.929,random
W_JPN_PTJ_B1_1_083,JPN,to server might give us,some big discovery,". Second , in near",1,0.615,0.929,random
W_ENS_SMK_XX1_016,ENS,all the restaurants would be,a good move,for that country as well,4,0.615,0.929,random
W_ENS_SMK_XX2_34,ENS,next to me ( on,the other side,of the glass wall now,3,0.615,0.929,random
W_ENS_PTJ_XX1_042,ENS,to get a job at,the same place,"as me , so it",3,0.615,0.929,random
W_ENS_PTJ_XX1_009,ENS,value of money and have,a little bit,of spending money . Also,22,0.615,0.929,random
W_ENS_SMK_XX2_39,ENS,"without protest , because in",the long run,", they will be better",3,0.615,0.929,random
W_ENS_SMK_XX2_25,ENS,care of those who make,a poor lifestyle,"choice . Seatbelt regulations ,",1,0.615,0.929,random
W_ENS_PTJ_XX2_30,ENS,help shape their character in,a positive way,. If students find that,1,0.615,0.929,random
W_ENS_PTJ_XX1_086,ENS,determine if the student selected,the appropriate field,. All study programs do,1,0.615,0.929,random
W_JPN_SMK_A2_0_108,JPN,think that smoking has not,any good point,. However many people like,1,0.615,0.929,random
W_JPN_PTJ_A2_0_058,JPN,"society , they are left",the responsible work,and carry out their duties,1,0.615,0.929,random
W_ENS_PTJ_XX2_12,ENS,discipline and worked harder in,the available study,time that I had .,1,0.615,0.929,random
W_JPN_PTJ_B1_1_031,JPN,". First , it is",a great chance,for university students to experience,1,0.615,0.929,random
W_ENS_PTJ_XX3_17,ENS,job candidate is responsible and,a hard worker,and will be more prepared,1,0.615,0.929,random
W_JPN_PTJ_B1_1_057,JPN,only the courtesy but also,the right language,", the attitude toward work",1,0.615,0.929,random
W_ENS_SMK_XX3_04,ENS,could not be gained through,the effective use,of modern technology and without,1,0.615,0.929,random
W_ENS_PTJ_XX3_24,ENS,as an important part of,a prospective student,"'s application , HR personnel",1,0.615,0.929,random
W_JPN_PTJ_A2_0_051,JPN,lot of clothes . And,a monthly club,"expenses , camp expenses and",1,0.615,0.929,random
W_JPN_SMK_B1_1_053,JPN,the restaurant but also at,the other place,we visit .,2,0.615,0.929,random
W_ENS_SMK_XX1_058,ENS,shows that even if only,the same number,of families comes as smokers,1,0.615,0.929,random
W_ENS_PTJ_XX3_49,ENS,assistance of anyone aside from,a professional CPA,. But I think that,1,0.615,0.929,random
W_ENS_PTJ_XX1_005,ENS,time jobs which have been,a real boon,for me . I think,1,0.615,0.929,random
W_ENS_SMK_XX3_29,ENS,"cigarette smoke , especially on",a daily basis,. Employees have a right,3,0.615,0.929,random
W_ENS_SMK_XX1_040,ENS,This solution stands to solve,the entire problem,of smoking and not only,1,0.615,0.929,random
W_ENS_PTJ_XX3_17,ENS,- time job is also,a great way,to gain independence . With,14,0.615,0.929,random
W_ENS_SMK_XX1_089,ENS,which is capable of rendering,a healthy male,"comatose , sufficiently dosed .",1,0.615,0.929,random
W_ENS_PTJ_XX1_010,ENS,it is good to get,a real part,time job at a real,1,0.615,0.929,random
W_JPN_SMK_B2_0_01,JPN,smoking problem . There 's,no good point,to smoking . We have,1,0.615,0.929,random
W_ENS_SMK_XX1_019,ENS,in that country . In,a Japanese history,"class , I learned that",1,0.615,0.929,random
W_JPN_PTJ_B1_2_04,JPN,experience many things and get,a correct view,", the right way to",1,0.615,0.929,random
W_JPN_SMK_B1_1_079,JPN,not only restaurant but also,all public space,in Japan .,1,0.615,0.929,random
W_ENS_PTJ_XX1_083,ENS,will get a sense of,the real world,", 2 ) employers look",25,0.615,0.929,random
W_ENS_PTJ_XX1_074,ENS,"Personally , my college does",a great job,of doing this and we,2,0.615,0.929,random
W_ENS_PTJ_XX2_04,ENS,are particularly conducive to maintaining,a good balance,between work and study time,1,0.615,0.929,random
W_ENS_SMK_XX2_10,ENS,Are they going to train,a special restaurant,smoking squad to travel throughout,1,0.615,0.929,random
W_ENS_SMK_XX1_067,ENS,smoking at restaurants would be,a profitable move,.,1,0.615,0.929,random
W_JPN_PTJ_B1_2_32,JPN,to become a member of,the whole world,. Also this means that,1,0.615,0.929,random
W_JPN_SMK_A2_0_133,JPN,. This trend is spreading,the entire world,". For instance , in",3,0.615,0.929,random
W_ENS_PTJ_XX3_16,ENS,have to worry about having,a fulltime job,. If I had not,8,0.615,0.929,random
W_ENS_SMK_XX3_38,ENS,", are then put in",the same danger,that smokers are health wise,1,0.615,0.929,random
W_ENS_PTJ_XX1_038,ENS,a part time job is,a great way,to spend your time in,14,0.615,0.929,random
W_ENS_SMK_XX3_37,ENS,think that it would be,a good thing,for Japan even though I,15,0.615,0.929,random
W_JPN_SMK_A2_0_036,JPN,lung cancer . Smoking has,a bad influence,not only on smokers but,19,0.615,0.929,random
W_JPN_PTJ_B1_1_171,JPN,Even if you sufficiently have,an academic skill,", you ca n't work",2,0.615,0.929,random
W_ENS_PTJ_XX2_23,ENS,". Consequently , there is",a real risk,that learners will not get,1,0.615,0.929,random
W_ENS_PTJ_XX3_04,ENS,to get them ready for,a real work,. The problem is you,1,0.615,0.929,random
W_ENS_PTJ_XX1_012,ENS,allow you to work with,a flexible schedule,so that you can stay,1,0.615,0.929,random
W_JPN_SMK_A2_0_054,JPN,necessary to smoking to have,a good time,. Therefore banning smoking is,23,0.615,0.929,random
W_JPN_PTJ_B1_2_03,JPN,to prepare before going to,the real society,", part time job is",2,0.615,0.929,random
W_JPN_SMK_B1_1_119,JPN,no good . It is,a bad manner,to smoke while we are,3,0.615,0.929,random
W_JPN_PTJ_B1_2_04,JPN,part time job must be,a valuable experience,. Many high school students,2,0.615,0.929,random
W_ENS_PTJ_XX3_37,ENS,", but I also understand",the current economy,too . If it comes,1,0.615,0.929,random
W_JPN_SMK_B1_1_074,JPN,definition of bar ? In,the first place,", why we have to",16,0.615,0.929,random
W_JPN_PTJ_A2_0_097,JPN,such as a boss of,a big company,", a famous baseball player",1,0.615,0.929,random
W_JPN_SMK_A2_0_002,JPN,lose their chances to have,a good lunch,or dinner because of smoking,3,0.615,0.929,random
W_JPN_SMK_A2_0_033,JPN,but cigarettes have been already,the heavy part,of our culture . Most,1,0.615,0.929,random
W_JPN_PTJ_A2_0_085,JPN,may enable them to experience,the social life,and learn what is really,1,0.615,0.929,random
W_ENS_PTJ_XX3_02,ENS,all striving to graduate within,the top ten,of their respective courses .,1,0.615,0.929,random
W_ENS_SMK_XX3_25,ENS,"more hygienic , and provide",an attractive atmosphere,more conducive to leisurely conversation,1,0.615,0.929,random
W_ENS_PTJ_XX2_39,ENS,it is easier to land,a new job,when you already have a,3,0.615,0.929,random
W_ENS_PTJ_XX1_064,ENS,culture that everyone should have,an equal chance,", and having a part",1,0.615,0.929,random
W_JPN_SMK_A2_0_018,JPN,Japan . Then Japan becomes,the comfortable society,to live in if you,1,0.615,0.929,random
W_ENS_PTJ_XX2_22,ENS,time work but this negates,the entire purpose,of a 5 - day,1,0.615,0.929,random
W_JPN_SMK_B1_2_08,JPN,in smoke at restaurants for,the same reason,"above . Moreover , side",3,0.615,0.929,random
W_ENS_SMK_XX1_044,ENS,forfeited their right to have,a valid opinion,on the subject . I,1,0.615,0.929,random
W_JPN_PTJ_B1_2_21,JPN,to work part time for,the first time,in my life . And,18,0.615,0.929,random
W_JPN_SMK_B1_2_33,JPN,for health . It causes,some fatal disease,". In addition , the",2,0.615,0.929,random
W_ENS_SMK_XX1_045,ENS,have a big impact on,the actual length,of life . I think,1,0.615,0.929,random
W_JPN_SMK_B1_2_29,JPN,"work . For instance ,",a white collar,worker ca n't suggest good,1,0.615,0.929,random
W_JPN_PTJ_B1_1_134,JPN,fail to pass on to,the next grade,. If you can balance,1,0.615,0.929,random
W_JPN_SMK_B1_1_155,JPN,who are eating foods in,the same room,in which the man smokes,6,0.615,0.929,random
W_JPN_SMK_A2_0_090,JPN,smoking must help them have,a good time,. Restaurants should offer the,23,0.615,0.929,random
W_JPN_PTJ_A2_0_069,JPN,"job , they would live",a full college,life more . To tell,1,0.615,0.929,random
W_JPN_PTJ_A2_0_098,JPN,money but they have only,a little money,", moreover they are able",8,0.615,0.929,random
W_JPN_PTJ_A2_0_065,JPN,timer of a lecturer in,a private supplementary,"school , I must learn",1,0.615,0.929,random
W_ENS_PTJ_XX2_35,ENS,time job and it was,a real nightmare,for me . I do,1,0.615,0.929,random
W_ENS_PTJ_XX3_41,ENS,the global economic recovery in,a meaningful way,and that is of course,1,0.615,0.929,random
W_JPN_SMK_B1_2_39,JPN,enjoy eating at restaurants under,the great circumstance,.,1,0.615,0.929,random
W_ENS_PTJ_XX1_073,ENS,to plan my finances for,the entire month,so that I know how,1,0.615,0.929,random
W_JPN_SMK_B1_1_161,JPN,smokes and they will catch,a bad influence,for their health . It,19,0.615,0.929,random
W_JPN_PTJ_A2_0_139,JPN,of earning money . As,an other reason,", college students need much",1,0.615,0.929,random
W_JPN_SMK_B1_1_165,JPN,dinner inside the restaurant get,the nice meal,and smoker have the chance,2,0.615,0.929,random
W_JPN_SMK_B1_1_175,JPN,reason is that smoking has,a bad influence,on smoking person 's health,19,0.615,0.929,random
W_JPN_SMK_A2_0_126,JPN,etc . Tobacco smoke gives,any bad influence,for not only smoker but,4,0.615,0.929,random
W_JPN_SMK_B2_0_02,JPN,It hurts people . Though,the bad influence,is invisible at that time,2,0.615,0.929,random
W_JPN_PTJ_A2_0_039,JPN,can be good for getting,a regular job,". In my opinion ,",3,0.615,0.929,random
W_ENS_SMK_XX1_001,ENS,decide ? That would be,the democratic thing,to do in my view,1,0.615,0.929,random
W_ENS_PTJ_XX1_028,ENS,when they go about seeking,a full time,"position . However , I",16,0.615,0.929,random
W_JPN_PTJ_B1_1_147,JPN,"especially women , to walk",the dark street,"alone . Thus , there",1,0.615,0.929,random
W_ENS_SMK_XX1_041,ENS,friends smoke around me because,the same thing,happens . I do n't,9,0.615,0.929,random
W_ENS_PTJ_XX1_018,ENS,part time job only in,the last semester,of college . I have,1,0.615,0.929,random
W_ENS_PTJ_XX1_016,ENS,they will eventually have in,the real world,than those who do .,25,0.615,0.929,random
W_ENS_PTJ_XX2_04,ENS,job in college would be,a great way,for students to become more,14,0.615,0.929,random
W_JPN_PTJ_B1_2_41,JPN,"your clients , and keep",the good relationship,with your colleague . Such,1,0.615,0.929,random
W_JPN_SMK_B1_1_066,JPN,a pregnant woman . Though,the pregnant woman,"does not smoke , a",2,0.615,0.929,random
W_ENS_PTJ_XX1_080,ENS,"countries , including Japan ,",a large percentage,of shoppers are young people,2,0.615,0.929,random
W_ENS_PTJ_XX3_19,ENS,- time job is in,the same field,in which they are studying,1,0.615,0.929,random
W_JPN_SMK_A2_0_056,JPN,for a long time .,The bad smell,"cling to our hairs ,",1,0.615,0.929,random
W_ENS_SMK_XX1_052,ENS,? I do know that,the same issue,came up when I was,4,0.615,0.929,random
W_JPN_PTJ_B1_1_092,JPN,what I do to be,a good person,". Thus , to have",2,0.615,0.929,random
W_ENS_SMK_XX1_079,ENS,to risk can not supersede,the collective right,to safety of all citizens,1,0.615,0.929,random
W_ENS_PTJ_XX3_16,ENS,was lucky enough to find,a good husband,who brings in most of,1,0.615,0.929,random
W_JPN_SMK_B1_1_178,JPN,If every people can have,a good time,", we do n't necessarily",23,0.615,0.929,random
W_JPN_PTJ_A2_0_039,JPN,have difficulties when they get,a regular job,. And many companies put,3,0.615,0.929,random
W_ENS_PTJ_XX2_09,ENS,will likely manifest themselves during,this transitional time,. Independent means of supporting,1,0.615,0.929,random
W_ENS_PTJ_XX2_06,ENS,", while small , is",an excellent incentive,and taste of what they,1,0.615,0.929,random
W_JPN_SMK_B2_0_12,JPN,smokers and smokers eat in,the same restaurant,without any conflict . We,3,0.615,0.929,random
W_ENS_SMK_XX3_41,ENS,this to continue and turn,a blind eye,or wait and see what,2,0.615,0.929,random
W_JPN_SMK_A2_0_053,JPN,cigarette of other people .,The second reason,is because the cigarette has,25,0.615,0.929,random
W_JPN_PTJ_B1_1_143,JPN,part time job to get,a wide field,of vision .,1,0.615,0.929,random
W_ENS_SMK_XX3_43,ENS,yet we do not spend,an equal amount,of money in enforcing what,1,0.615,0.929,random
W_JPN_SMK_B1_1_054,JPN,their sense of taste .,The second reason,is that when smoking is,25,0.615,0.929,random
W_JPN_SMK_B1_1_078,JPN,"Just then , I smelled",the disagreeable odor,of the smoke in spite,1,0.615,0.929,random
W_ENS_SMK_XX1_010,ENS,public places like restaurants is,a great step,in discouraging people from hurting,1,0.615,0.929,random
W_JPN_PTJ_B1_1_060,JPN,make money for them .,The other reason,is more important . It,5,0.615,0.929,random
W_JPN_PTJ_B1_2_25,JPN,. College students should make,a great effort,at studying for own future,1,0.615,0.929,random
W_ENS_PTJ_XX1_012,ENS,long time or are pursuing,an advanced degree,", you will inevitably have",2,0.615,0.929,random
W_ENS_PTJ_XX2_34,ENS,on time . It was,a real hassle,for them and a few,1,0.615,0.929,random
W_ENS_PTJ_XX1_045,ENS,have a greater appreciation for,the enormous expense,of college if they choose,1,0.615,0.929,random
W_ENS_PTJ_XX2_11,ENS,"form of work , is",an indispensable part,of what it means to,1,0.615,0.929,random
W_JPN_SMK_B2_0_17,JPN,a lot of diseases like,an irregular pulse,", a cancer of lung",1,0.615,0.929,random
W_JPN_PTJ_B1_1_013,JPN,not children . It is,a big difference,between university and high school,1,0.615,0.929,random
W_ENS_SMK_XX1_088,ENS,hobby but it is also,a deadly one,. I do not want,1,0.615,0.929,random
W_JPN_SMK_B1_2_29,JPN,and non smokers to enjoy,a happy rest,!,2,0.615,0.929,random
W_JPN_SMK_A2_0_043,JPN,"habit . Second , in",the first place,", the restaurants are the",16,0.615,0.929,random
W_ENS_SMK_XX2_32,ENS,and we are headed towards,a communist system,. As you can see,1,0.615,0.929,random
W_JPN_SMK_A2_0_133,JPN,in Japan has to enforce,the strict rule,. Public places should be,1,0.615,0.929,random
W_ENS_PTJ_XX1_040,ENS,role in the development of,the average college,student . If there is,2,0.615,0.929,random
W_JPN_SMK_A2_0_019,JPN,"of smoking . First ,",the physical problem,is . As you know,1,0.615,0.929,random
W_JPN_SMK_A2_0_090,JPN,It means that smoking is,a good method,to be relaxed and enjoy,2,0.615,0.929,random
W_ENS_PTJ_XX1_077,ENS,A part time job is,a great way,to prepare for graduating college,14,0.615,0.929,random
W_JPN_SMK_B1_1_030,JPN,know in Japan there are,some major tobacco,companies like JT . And,1,0.615,0.929,random
W_JPN_PTJ_B1_1_090,JPN,at the wedding party and,the normal party,mainly . I have to,1,0.615,0.929,random
W_JPN_SMK_B2_0_03,JPN,"smoke . In addition ,",the bad smell,of the smoke makes non,11,0.615,0.929,random
W_ENS_PTJ_XX2_23,ENS,that learners will not get,the optimal amount,of sleep . They may,1,0.615,0.929,random
W_JPN_SMK_B1_1_129,JPN,will be able to have,a good time,in all restaurants . So,23,0.615,0.929,random
W_ENS_PTJ_XX1_009,ENS,on your way to becoming,a successful graduate,.,1,0.615,0.929,random
W_ENS_SMK_XX1_036,ENS,It would be,a great idea,to ban smoking at Japanese,5,0.615,0.929,random
W_ENS_SMK_XX1_012,ENS,"smoke and more , but",the real reason,I think that smoking should,1,0.615,0.929,random
W_JPN_PTJ_B1_1_043,JPN,"their jobs . Secondly ,",the part time,jobs give students a kind,2,0.615,0.929,random
W_JPN_SMK_A2_0_126,JPN,we should ban at all,the public place,". Especially , in restaurants",13,0.615,0.929,random
W_ENS_PTJ_XX2_39,ENS,than it is to get,a new job,when you do n't have,3,0.615,0.929,random
W_ENS_PTJ_XX2_16,ENS,accomplish in order to sustain,a healthy existence,". Yes , we spend",1,0.615,0.929,random
W_JPN_PTJ_A2_0_151,JPN,so difficult for me that,the special knowledge,of technology is very wide,1,0.615,0.929,random
W_ENS_PTJ_XX2_14,ENS,chosen career they may experience,a great relief,due to a lower workload,1,0.615,0.929,random
W_JPN_PTJ_A2_0_096,JPN,", but , to spend",a wonderful school,"life , we need money",1,0.615,0.929,random
W_ENS_PTJ_XX1_077,ENS,themselves the opportunity to land,an excellent job,". Also , having a",1,0.615,0.929,random
W_ENS_PTJ_XX1_006,ENS,"grades , sleep , and",a social life,. The fact of the,2,0.615,0.929,random
W_JPN_SMK_B1_1_086,JPN,"smokes , the embryo receives",a bad manner,". And , in addition",3,0.615,0.929,random
W_JPN_SMK_A2_0_126,JPN,smoker smoke and they get,any bad influence,". So , smoking should",4,0.615,0.929,random
W_JPN_SMK_A2_0_053,JPN,"terrible , there can be",the mortal thing,to smoker . In addition,1,0.615,0.929,random
W_JPN_SMK_A2_0_077,JPN,I think that this is,a strange story,. Smoking not only harms,1,0.615,0.929,random
W_ENS_PTJ_XX1_046,ENS,A part time job is,a great way,for any student to expand,14,0.615,0.929,random
W_JPN_SMK_A2_0_116,JPN,"instance , toilet is near",the smoke area,. These are just evidences,1,0.615,0.929,random
W_JPN_PTJ_A2_0_140,JPN,time job before they get,a normal job,", they can get the",1,0.615,0.929,random
W_JPN_PTJ_B1_1_096,JPN,a part time job is,the important chance,to make friends . In,1,0.615,0.929,random
W_ENS_SMK_XX1_075,ENS,can adapt this easily to,a simple ban,"on smoking in restaurants ,",1,0.615,0.929,random
W_ENS_SMK_XX3_28,ENS,the most common . In,a closed space,"with poor ventilation , which",2,0.615,0.929,random
W_ENS_SMK_XX3_42,ENS,by governments . It 's,a personal choice,and it is up to,7,0.615,0.929,random
W_JPN_PTJ_B1_1_096,JPN,"for college students , having",a good time,with friends is also important,23,0.615,0.929,random
W_ENS_PTJ_XX3_13,ENS,. Added to this is,the extra skill,that must be learned in,1,0.615,0.929,random
W_ENS_SMK_XX1_013,ENS,or can not do in,a public place,. I think that many,7,0.615,0.929,random
W_JPN_SMK_B1_2_45,JPN,I think they can find,another present time,with their family or friends,1,0.615,0.929,random
W_JPN_SMK_A2_0_127,JPN,almost all of them dislike,the harmful smoke,. Some feel unpleasant though,2,0.615,0.929,random
W_ENS_SMK_XX3_54,ENS,that they should interfere in,this particular issue,and should leave it to,2,0.615,0.929,random
W_JPN_SMK_B1_1_094,JPN,in . It is surely,the important problem,for all of the people,1,0.615,0.929,random
W_JPN_PTJ_B1_1_134,JPN,and enjoying club activities .,The important object,at university is to study,1,0.615,0.929,random
W_JPN_SMK_B1_2_12,JPN,I think that smoking has,a bad effect,on the sale of restaurants,5,0.615,0.929,random
W_ENS_PTJ_XX1_050,ENS,when you are looking for,a real job,"after you graduate , and",3,0.615,0.929,random
W_JPN_SMK_A2_0_070,JPN,at an Italian restaurant .,A main reason,why such I agree is,1,0.615,0.929,random
W_JPN_SMK_A2_0_146,JPN,. Smoking is incriminated as,the major cause,of lung cancer . Heavy,7,0.615,0.929,random
W_JPN_PTJ_A2_0_135,JPN,is small in comparison with,the first one,. But if you do,1,0.615,0.929,random
W_ENS_PTJ_XX1_074,ENS,depending on the goals of,the individual student,", he or she will",2,0.615,0.929,random
W_ENS_SMK_XX1_080,ENS,that the government is taking,an active role,in the health and welfare,3,0.615,0.929,random
W_ENS_PTJ_XX2_37,ENS,and earned respect for taking,a proactive role,in their lives rather than,1,0.615,0.929,random
W_ENS_PTJ_XX1_095,ENS,and to cover expenses of,the daily life,. Jobs should be offered,1,0.615,0.929,random
W_ENS_PTJ_XX2_21,ENS,the bills ) and make,a smooth start,to my career . Others,1,0.615,0.929,random
W_JPN_SMK_B1_1_011,JPN,the tabacco 's smell .,The smell erase,good smell of food .,1,0.615,0.929,random
W_ENS_SMK_XX1_055,ENS,a long time ago throughout,the entire world,. Japan could be the,3,0.615,0.929,random
W_JPN_PTJ_B1_1_043,JPN,the part time job plays,the important part,of college students ' lives,1,0.615,0.929,random
W_ENS_PTJ_XX2_02,ENS,experience makes money and also,any additional job,skills that are necessary to,1,0.615,0.929,random
W_ENS_PTJ_XX2_12,ENS,students go to college in,the first place,", is n't it ?",16,0.615,0.929,random
W_ENS_PTJ_XX1_004,ENS,me out of it with,these long boring,"lectures . Finally , I",1,0.615,0.929,random
W_ENS_PTJ_XX1_049,ENS,to stay fit . In,the same way,", there are different in",26,0.615,0.929,random
W_ENS_PTJ_XX3_45,ENS,employable and they also get,a new range,of practical skill sets that,1,0.615,0.929,random
W_ENS_PTJ_XX1_094,ENS,environment that is conducive to,a good study,. It is the first,1,0.615,0.929,random
W_ENS_PTJ_XX3_05,ENS,they are at college in,the first place,. If the student has,16,0.615,0.929,random
W_ENS_PTJ_XX3_45,ENS,it would do college students,a tremendous amount,of good if they did,2,0.615,0.929,random
W_JPN_PTJ_B1_1_038,JPN,least . When I was,a high school,"student , I belonged to",13,0.615,0.929,random
W_JPN_SMK_B1_2_36,JPN,time without mobile phones .,No mobile phone,no life . Smoking is,1,0.615,0.929,random
W_ENS_SMK_XX2_12,ENS,groups with the assistance of,an independent mediator,", this would provide ample",1,0.615,0.929,random
W_JPN_SMK_A2_0_078,JPN,bad effect . Smoking is,the major cause,of the lung cancer .,7,0.615,0.929,random
W_JPN_PTJ_A2_0_113,JPN,. Forth I think that,the recent trend,of college ' students trying,1,0.615,0.929,random
W_JPN_PTJ_B1_1_149,JPN,. Perhaps we can have,a precious boy,or girl friend . At,1,0.615,0.929,random
W_ENS_SMK_XX1_012,ENS,in a restaurant is practically,the same thing,", and so in order",9,0.615,0.929,random
W_JPN_PTJ_B1_2_41,JPN,talk about this topic as,the affirmative side,". First of all ,",1,0.615,0.929,random
W_ENS_SMK_XX1_046,ENS,"outcome , Japan will have",a great example,about how it should go,2,0.615,0.929,random
W_ENS_PTJ_XX1_002,ENS,is and then they regurgitate,an awful lot,of these boring old wives,3,0.615,0.929,random
W_ENS_SMK_XX3_56,ENS,medical and scientific organisations recognize,that second hand,smoke is a possible cause,2,0.615,0.929,random
W_ENS_SMK_XX1_062,ENS,and fulfilling life . Along,a similar note,", smoking can cause people",1,0.615,0.929,random
W_ENS_PTJ_XX3_56,ENS,something in too . Even,an extra twenty,or thirty dollars a week,1,0.615,0.929,random
W_ENS_SMK_XX1_073,ENS,smoking at the restaurants in,the same way,that the U . S.,26,0.615,0.929,random
W_ENS_PTJ_XX1_001,ENS,"quite frankly , it is",a big ask,. This is particularly true,1,0.615,0.929,random
W_ENS_PTJ_XX1_089,ENS,be the key to securing,a good job,". In addition , students",12,0.615,0.929,random
W_JPN_SMK_A2_0_122,JPN,". In particularly , at",the public space,"such as restaurants , there",9,0.615,0.929,random
W_ENS_SMK_XX1_085,ENS,lot of these foods have,a unique taste,and are served with a,1,0.615,0.929,random
W_ENS_SMK_XX1_057,ENS,have already banned smoking on,a nationwide basis,", and I feel that",1,0.615,0.929,random
W_JPN_SMK_B1_1_018,JPN,and non smokers are in,the same room,", and it is no",6,0.615,0.929,random
W_JPN_SMK_A2_0_145,JPN,"restaurant , Our dishes become",a bad taste,because of a smoking smell,1,0.615,0.929,random
W_ENS_PTJ_XX2_18,ENS,find sufficient work to supply,a modest income,supporting a family of five,1,0.615,0.929,random
W_JPN_SMK_A2_0_042,JPN,the seat is divided in,the entire restaurant,though in a fast food,8,0.615,0.929,random
W_ENS_PTJ_XX1_010,ENS,and it also teaches us,the real value,"of money , but more",4,0.615,0.929,random
W_JPN_SMK_B1_1_136,JPN,"country , because smoking have",a bad influence,upon the smoking person but,19,0.615,0.929,random
W_ENS_SMK_XX2_35,ENS,reasons . There are currently,a high percentage,of people in the country,2,0.615,0.929,random
W_JPN_PTJ_B1_2_05,JPN,is the first reason .,The second reason,is that the wage for,25,0.615,0.929,random
W_JPN_SMK_B1_1_052,JPN,smoking should be banned at,all social place,", of course including restaurant",1,0.615,0.929,random
W_JPN_PTJ_B2_0_08,JPN,a restaurant might rather be,a good experience,than just reading books about,8,0.615,0.929,random
W_JPN_SMK_A2_0_119,JPN,think the situation indicates That,a large number,of people dislike cigarette smoke,7,0.615,0.929,random
W_ENS_SMK_XX3_09,ENS,ninety - nine percent of,the free world,knows and accepts the dangers,2,0.615,0.929,random
W_ENS_PTJ_XX1_079,ENS,one can still profit from,any other form,of part time work .,1,0.615,0.929,random
W_ENS_PTJ_XX1_067,ENS,have been able to make,a little bit,of money for the weekends,22,0.615,0.929,random
W_ENS_PTJ_XX2_37,ENS,their lives rather than taking,the low road,", like some do ,",1,0.615,0.929,random
W_ENS_PTJ_XX1_019,ENS,"new things , and make",a respectable amount,of money ( for a,1,0.615,0.929,random
W_ENS_PTJ_XX2_22,ENS,of enjoying life can have,a detrimental effect,"on their outlook , and",1,0.615,0.929,random
W_JPN_SMK_A2_0_154,JPN,smoke of a cigarette is,a bad smell,. No matter when I,2,0.615,0.929,random
W_JPN_SMK_A2_0_122,JPN,to say that smoking at,the public space,is equal to murder .,9,0.615,0.929,random
W_ENS_SMK_XX1_064,ENS,many people in Japan feel,the same way,as I do on both,26,0.615,0.929,random
W_JPN_PTJ_A2_0_079,JPN,woman is musician . And,the other man,is the elderly . Finally,1,0.615,0.929,random
W_ENS_PTJ_XX1_057,ENS,"As such , it is",a great way,to invest their time especially,14,0.615,0.929,random
W_ENS_PTJ_XX3_06,ENS,. Apart from teaching them,some basic work,skills and practices it also,2,0.615,0.929,random
W_ENS_PTJ_XX2_04,ENS,students are allowed to do,some small amount,of schoolwork while they are,1,0.615,0.929,random
W_JPN_SMK_B1_1_058,JPN,feel much worse . As,a personal opinion,", smoking should be completely",1,0.615,0.929,random
W_ENS_SMK_XX2_42,ENS,a short drive downtown through,any popular nightspot,"where there are restaurants ,",1,0.615,0.929,random
W_JPN_PTJ_B1_2_22,JPN,they try to work for,a normal salary,? Wo n't they choose,1,0.615,0.929,random
W_JPN_PTJ_B2_0_10,JPN,one 's work is surely,a happy thing,". However , we ca",1,0.615,0.929,random
W_ENS_PTJ_XX1_081,ENS,. Using credit cards is,a false sense,of money and the credit,1,0.615,0.929,random
W_ENS_PTJ_XX1_030,ENS,I am also to make,a small amount,"of money , but it",1,0.615,0.929,random
W_ENS_SMK_XX1_028,ENS,a life threatening disease and,a stupid habit,", the choice to quit",1,0.615,0.929,random
W_JPN_PTJ_A2_0_006,JPN,and students see me as,a professional teacher,", but I can not",1,0.615,0.929,random
W_JPN_SMK_B2_0_12,JPN,find that people sitting at,the next table,are smoking . This is,5,0.615,0.929,random
W_ENS_PTJ_XX3_42,ENS,If they do n't do,a good job,", they will get fired",12,0.615,0.929,random
W_JPN_PTJ_B1_2_21,JPN,to study . But in,the last winter,", I became accustomed to",1,0.615,0.929,random
W_JPN_PTJ_B1_2_29,JPN,"jobs , they may find",a suitable job,. And if they the,1,0.615,0.929,random
W_ENS_PTJ_XX1_095,ENS,guarantee on his pursuit of,the same job,later in his life is,2,0.615,0.929,random
W_JPN_PTJ_B1_1_046,JPN,"this system , too .",The other reason,is that we can get,5,0.615,0.929,random
W_JPN_SMK_A2_0_010,JPN,for the dish to be,a good taste,", a good smell ,",2,0.615,0.929,random
W_JPN_SMK_B1_2_22,JPN,"as a little child ,",an expectant mother,", a sick man and",1,0.615,0.929,random
W_JPN_SMK_B1_1_043,JPN,banned at restaurants . On,the other side,", it is also important",3,0.615,0.929,random
W_JPN_PTJ_A2_0_097,JPN,that it can make us,a good person,", too . We are",2,0.615,0.929,random
W_ENS_SMK_XX1_079,ENS,"within limits . However ,",this individual right,to expose oneself to risk,1,0.615,0.929,random
W_JPN_SMK_B2_0_11,JPN,feel so when there is,a thick smoke,at a restaurant . If,1,0.615,0.929,random
W_JPN_SMK_B1_2_20,JPN,smoking is picked up as,the major cause,of lung cancer . Second,7,0.615,0.929,random
W_JPN_SMK_B1_2_43,JPN,The smoke of tobacco has,a bad effect,on the health not only,5,0.615,0.929,random
W_ENS_SMK_XX1_061,ENS,bad for you that having,the extra affect,if smoking is almost just,1,0.615,0.929,random
W_ENS_PTJ_XX2_10,ENS,Such skills as keeping to,a firm work,"schedule , managing their finances",1,0.615,0.929,random
W_JPN_PTJ_B1_1_162,JPN,money from our parents .,The new sense,of money makes us not,1,0.615,0.929,random
W_ENS_SMK_XX3_09,ENS,if enough citizens protested on,this particular issue,? Even though ninety -,2,0.615,0.929,random
W_ENS_SMK_XX1_009,ENS,show where they say that,the average smoker,will spend almost $ 100,2,0.615,0.929,random
W_JPN_PTJ_A2_0_025,JPN,there and hearing stories by,a same company,staff . In other wards,1,0.615,0.929,random
W_ENS_PTJ_XX3_41,ENS,"do so now , considering",the financial mess,that we are in .,1,0.615,0.929,random
W_ENS_PTJ_XX1_056,ENS,money they might turn at,the fulltime job,over a few years pales,1,0.615,0.929,random
W_ENS_PTJ_XX3_17,ENS,part - time job is,a great edge,over other students who do,1,0.615,0.929,random
W_JPN_PTJ_B1_1_085,JPN,to work after they graduate,the high school,", but on the other",5,0.615,0.929,random
W_JPN_PTJ_B1_1_058,JPN,time . If I allotted,those useless time,"to working , I can",1,0.615,0.929,random
W_JPN_PTJ_B1_1_143,JPN,", and my clothes .",The second reason,is that we can experience,25,0.615,0.929,random
W_ENS_PTJ_XX1_048,ENS,whether are not you are,a religious person,", you do have time",1,0.615,0.929,random
W_ENS_PTJ_XX3_36,ENS,anyone to cram in within,a short space,of time . If their,1,0.615,0.929,random
W_JPN_PTJ_B1_1_099,JPN,part time job tells them,a real society,. Most college students have,1,0.615,0.929,random
W_ENS_SMK_XX1_097,ENS,"in business . However ,",the small restaurateur,would struggle with the lost,1,0.615,0.929,random
W_JPN_SMK_A2_0_053,JPN,"lung cancer , too .",The last reason,is because even if we,4,0.615,0.929,random
W_ENS_SMK_XX1_017,ENS,always think of Japan as,this futuristic place,"where everyone is enlightened ,",1,0.615,0.929,random
W_ENS_SMK_XX2_04,ENS,", they were still doing",the same thing,", releasing toxins into the",9,0.615,0.929,random
W_ENS_SMK_XX3_44,ENS,of not banning smoking in,both human value,"and financial value , would",1,0.615,0.929,random
W_ENS_SMK_XX1_041,ENS,so I think that is,a good reason,to have abstained from smoking,1,0.615,0.929,random
W_JPN_SMK_B1_2_34,JPN,the cigarette smoke stinks .,This bad smell,makes the aroma of foods,1,0.615,0.929,random
W_JPN_PTJ_B1_1_101,JPN,"woman who have children ,",a high school,student and of coarse other,13,0.615,0.929,random
W_JPN_PTJ_B1_2_17,JPN,time job . That 's,a first reason,". Second , it 's",1,0.615,0.929,random
W_ENS_SMK_XX2_30,ENS,"unfair , and unworthy of",a civilized democracy,". Finally , there is",1,0.615,0.929,random
W_JPN_SMK_B2_0_17,JPN,The idea of this makes,a comfortable life,for non smokers and it,2,0.615,0.929,random
W_ENS_SMK_XX2_23,ENS,second - hand smoke is,a major contributor,to lung cancer and other,1,0.615,0.929,random
W_JPN_PTJ_B1_1_065,JPN,company in the future .,The last reason,is that we can change,4,0.615,0.929,random
W_JPN_PTJ_B2_0_16,JPN,and continue to work in,the same company,all the life . So,1,0.615,0.929,random
W_JPN_SMK_B1_2_07,JPN,I will tell you for,the third reason,that your smoking can harm,4,0.615,0.929,random
W_JPN_SMK_A2_0_076,JPN,". Firstly , smoke is",an unpleasant smell,"to nonsmokers . Especially ,",1,0.615,0.929,random
W_ENS_PTJ_XX2_24,ENS,part time job is getting,a good average,and doing well with studies,1,0.615,0.929,random
W_ENS_SMK_XX1_089,ENS,they represent an assault on,the human physique,worse than anything seen in,1,0.615,0.929,random
W_ENS_PTJ_XX2_18,ENS,near impossible to adequately support,a small family,without obtaining a minimum of,1,0.615,0.929,random
W_ENS_PTJ_XX1_082,ENS,can only be seen as,a positive life,experience for any young college,1,0.615,0.929,random
W_JPN_PTJ_A2_0_046,JPN,part time job for is,an economical point,. When you become a,1,0.615,0.929,random
W_ENS_SMK_XX2_23,ENS,restaurant owners are also bringing,the foul smell,of smoke filled air onto,1,0.615,0.929,random
W_ENS_SMK_XX3_07,ENS,anybody that smokes is taking,a significant risk,", what is still being",1,0.615,0.929,random
W_ENS_PTJ_XX1_009,ENS,for a real job or,a real career,. I think the most,4,0.615,0.929,random
W_JPN_PTJ_B1_1_113,JPN,she failed many test in,the second semester,. She said that her,1,0.615,0.929,random
W_ENS_PTJ_XX1_072,ENS,so that if you have,a large project,"on your hands , you",1,0.615,0.929,random
W_ENS_PTJ_XX1_001,ENS,I do . We have,a tremendous amount,"of reading to do ,",2,0.615,0.929,random
W_ENS_PTJ_XX2_40,ENS,students who are living off,a tight budget,and finding it hard to,1,0.615,0.929,random
W_ENS_SMK_XX1_021,ENS,that banning public smoking is,a good step,here in the 21st century,1,0.615,0.929,random
W_JPN_PTJ_B1_2_09,JPN,"really hard , and get",a great school,records . That is why,1,0.615,0.929,random
W_JPN_PTJ_A2_0_048,JPN,myself lost time for spending,a happy week,end dinner with family and,1,0.615,0.929,random
W_JPN_SMK_A2_0_126,JPN,people smoke in Japan .,The main health,risk in smoking relate to,1,0.615,0.929,random
W_ENS_PTJ_XX1_067,ENS,use to help me find,a real time,job . This is just,1,0.615,0.929,random
W_JPN_SMK_A2_0_056,JPN,people who are smoking in,a same room,", people who do n't",1,0.615,0.929,random
W_ENS_PTJ_XX3_25,ENS,"future , prospective employers .",The additional job,experience would also contribute to,1,0.615,0.929,random
W_JPN_SMK_A2_0_065,JPN,the most famous for such,a toxic material,"are tar , nicotine ,",1,0.615,0.929,random
W_JPN_SMK_B1_2_21,JPN,". Finally , it is",a moral problem,. Restaurant is a public,1,0.615,0.929,random
W_JPN_SMK_A2_0_036,JPN,the public place . In,the public place,there are many kinds of,13,0.615,0.929,random
W_JPN_SMK_A2_0_132,JPN,"more people quit smoking ,",the fewer death,rates are . People who,1,0.615,0.929,random
W_ENS_PTJ_XX2_22,ENS,pursuing their recreational habits with,the limited time,they have . Obliging a,1,0.615,0.929,random
W_JPN_PTJ_A2_0_111,JPN,university . If you were,a high school,"student , your parents would",13,0.615,0.929,random
W_ENS_PTJ_XX2_24,ENS,were pulling night shifts at,the local food,mall . Doing extra work,1,0.615,0.929,random
W_ENS_PTJ_XX1_071,ENS,is a valuable asset for,a full time,"career , but , I",16,0.615,0.929,random
W_ENS_SMK_XX1_018,ENS,may only have to endure,the second hand,smoke for one or 2,8,0.615,0.929,random
W_JPN_SMK_B1_1_026,JPN,"smoke , the smoke is",the bad thing,which the condition make bad,1,0.615,0.929,random
W_ENS_SMK_XX2_13,ENS,could be extended to include,any public place,. Since it is general,3,0.615,0.929,random
W_ENS_SMK_XX1_045,ENS,who have to breathe and,the second hand,smoke . A country as,8,0.615,0.929,random
W_JPN_SMK_B1_1_096,JPN,smoking should be prohibited at,the whole restaurant,. Because the smoke makes,1,0.615,0.929,random
W_ENS_SMK_XX3_38,ENS,public places is really becoming,a serious issue,and needs to be dealt,1,0.615,0.929,random
W_JPN_SMK_B1_1_083,JPN,not do without smoking .,A famous philosopher,is said that he must,1,0.615,0.929,random
W_JPN_SMK_B1_1_024,JPN,gather . We can live,a comfortable life,if all of us think,2,0.615,0.929,random
W_ENS_PTJ_XX3_01,ENS,will fill up space on,a blank resume,. I do believe that,1,0.615,0.929,random
W_JPN_PTJ_B1_2_48,JPN,time job too much has,a bad influence,upon their study and as,19,0.615,0.929,random
W_JPN_SMK_A2_0_043,JPN,"At length , father had",a sore throat,terribly from smoking too many,2,0.615,0.929,random
W_ENS_SMK_XX3_07,ENS,you 're a smoker or,a naive non-smoker,. These chemicals are deadly,1,0.615,0.929,random
W_ENS_PTJ_XX2_15,ENS,"hard for . Thirdly ,",a large percentage,of Japanese college students these,2,0.615,0.929,random
W_ENS_SMK_XX1_051,ENS,it . By living in,a democratic society,", we have agreed to",3,0.615,0.929,random
W_JPN_PTJ_A2_0_070,JPN,are various people who have,a different sense,of values . So taking,1,0.615,0.929,random
W_JPN_PTJ_A2_0_006,JPN,"am working in Kobetsukan ,",a private school,to be teached like in,1,0.615,0.929,random
W_JPN_SMK_B1_1_026,JPN,considerate about majority . And,the other reason,is that we can not,1,0.615,0.929,random
W_ENS_SMK_XX1_043,ENS,at all the restaurants in,the entire country,", I think that that",1,0.615,0.929,random
W_JPN_PTJ_B1_1_028,JPN,I think that it is,a precious experience,. This experience makes me,2,0.615,0.929,random
W_JPN_PTJ_B1_1_080,JPN,But do n't forget that,the main purpose,of college students is study,2,0.615,0.929,random
W_JPN_PTJ_B1_1_050,JPN,a year . It is,a first time,for me to work .,2,0.615,0.929,random
W_ENS_SMK_XX2_17,ENS,is quite large and makes,a large amount,"of revenue . Furthermore ,",2,0.615,0.929,random
W_JPN_SMK_A2_0_002,JPN,think we ca n't have,a good lunch,or dinner even we go,3,0.615,0.929,random
W_ENS_SMK_XX1_029,ENS,they have to deal with,the bad smell,and harmful effects upon their,11,0.615,0.929,random
W_JPN_SMK_A2_0_118,JPN,made anywhere because tobacco contain,a large number,of poison only . Basically,7,0.615,0.929,random
W_JPN_SMK_B1_1_086,JPN,. But in places that,an unspecified number,of people gather in such,1,0.615,0.929,random
W_JPN_PTJ_A2_0_019,JPN,all part time jobs have,a good effect,on us . So we,2,0.615,0.929,random
W_JPN_PTJ_A2_0_145,JPN,", we need to get",some enough money,to live . In my,1,0.615,0.929,random
W_JPN_SMK_A2_0_077,JPN,this . I had had,a hot time,"with my friends , when",1,0.615,0.929,random
W_JPN_PTJ_A2_0_036,JPN,part time job teaches us,the real value,and importance of money .,4,0.615,0.929,random
W_ENS_PTJ_XX2_44,ENS,part - time as in,the previous case,"scenario , the negatives I",1,0.615,0.929,random
W_ENS_SMK_XX3_52,ENS,feeling the need to order,an oxygen mask,every time I go to,1,0.615,0.929,random
W_ENS_PTJ_XX3_13,ENS,this can be attributed to,the extra discipline,and responsibility that is required,1,0.615,0.929,random
W_JPN_PTJ_B2_0_15,JPN,", college students should know",the real world,. I think to have,25,0.615,0.929,random
W_ENS_PTJ_XX3_24,ENS,officers evaluate extracurricular activities as,an important part,of a prospective student 's,5,0.615,0.929,random
W_ENS_PTJ_XX2_17,ENS,"of focus , and hamstring",the overall efficacy,of his college experience .,1,0.615,0.929,random
W_ENS_SMK_XX1_100,ENS,"cigar or pipe , after",an expensive meal,and in the company of,1,0.615,0.929,random
W_ENS_SMK_XX3_52,ENS,cigarette has got to be,a good thing,in my book and it,15,0.615,0.929,random
W_ENS_SMK_XX1_006,ENS,banned in public places given,the enormous amount,of research which has conclusively,1,0.615,0.929,random
W_JPN_PTJ_B1_1_119,JPN,"the health , too .",The second reason,is that we can have,25,0.615,0.929,random
W_ENS_SMK_XX3_54,ENS,or to even sit in,a non-smoking area,if they choose . I,1,0.615,0.929,random
W_ENS_PTJ_XX1_020,ENS,job in college is absolutely,an excellent idea,for the majority of college,1,0.615,0.929,random
W_JPN_SMK_B1_1_122,JPN,. I think it is,a great system,because both of the smokers,1,0.615,0.929,random
W_ENS_SMK_XX1_013,ENS,Smoking is especially satisfying after,a good meal,", in much the same",4,0.615,0.929,random
W_ENS_PTJ_XX2_06,ENS,not considered them before .,This obvious benefit,can help students by allowing,1,0.615,0.929,random
W_JPN_PTJ_B1_1_114,JPN,importance of washing hands .,The second reason,is that we can get,25,0.615,0.929,random
W_ENS_SMK_XX1_100,ENS,experiences one can have on,this benighted planet,. That some whingeing killjoy,1,0.615,0.929,random
W_ENS_PTJ_XX2_10,ENS,for a job is also,a valuable skill,that will benefit them for,1,0.615,0.929,random
W_JPN_SMK_A2_0_143,JPN,to death . Smoking has,a harmful influence,"all people , so it",1,0.615,0.929,random
W_JPN_SMK_A2_0_095,JPN,You will feel it in,the same way,", too . For example",26,0.615,0.929,random
W_JPN_SMK_B1_1_140,JPN,smoking when they can .,The Third reason,is that it is hard,1,0.615,0.929,random
W_ENS_PTJ_XX1_003,ENS,I seem to have gained,a certain level,of respect from people that,1,0.615,0.929,random
W_ENS_SMK_XX3_50,ENS,when everybody is smoking throughout,the local family,restaurant because there is also,1,0.615,0.929,random
W_JPN_PTJ_A2_0_122,JPN,non collect things . For,the first time,", I found the importance",18,0.615,0.929,random
W_ENS_PTJ_XX1_091,ENS,of a college education .,The main purpose,is for them to sharpen,3,0.615,0.929,random
W_JPN_PTJ_B1_1_063,JPN,because she is childish .,The other student,", high school student ,",2,0.615,0.929,random
W_JPN_SMK_B1_1_174,JPN,". Because , smoke gives",a bad influence,to health . Since I,19,0.615,0.929,random
W_ENS_SMK_XX1_046,ENS,should go about dealing with,the same issue,in that country . I,4,0.615,0.929,random
W_ENS_PTJ_XX2_38,ENS,money or it might be,a short internship,which is a different story,1,0.615,0.929,random
W_ENS_SMK_XX1_017,ENS,. Alcohol is kind of,the same way,", that is , it",26,0.615,0.929,random
W_ENS_SMK_XX1_093,ENS,are free to leave .,That same freedom,should apply to the people,1,0.615,0.929,random
W_ENS_SMK_XX2_40,ENS,passive smokers end up paying,the same price,as smokers do in terms,1,0.615,0.929,random
W_ENS_SMK_XX3_11,ENS,by any government . By,the same token,", if we allow governments",1,0.615,0.929,random
W_ENS_SMK_XX3_02,ENS,when I am walking down,a public street,. My exhaling is not,1,0.615,0.929,random
W_ENS_SMK_XX3_06,ENS,think that the bans are,a good thing,and that they might help,15,0.615,0.929,random
W_JPN_SMK_B1_1_147,JPN,smell very bad . In,the narrow store,", the smoke is shut",1,0.615,0.929,random
W_ENS_PTJ_XX1_015,ENS,a part time job is,an important part,of the college experience .,5,0.615,0.929,random
W_ENS_SMK_XX1_058,ENS,visiting because our restaurants as,a good image,in the town now .,1,0.615,0.929,random
W_JPN_PTJ_A2_0_076,JPN,to keep smile to take,a good service,. If I take a,2,0.615,0.929,random
W_JPN_SMK_A2_0_100,JPN,smoking should be prohibited at,the entire restaurant,. There are many smokers,8,0.615,0.929,random
W_JPN_SMK_B2_0_04,JPN,others smoke . I have,a terrible headache,when I feel the smell,1,0.615,0.929,random
W_ENS_PTJ_XX1_047,ENS,a part time job in,a local salon,", and even though this",1,0.615,0.929,random
W_JPN_PTJ_A2_0_131,JPN,", we ca n't enjoy",a precious campus,life . We can only,1,0.615,0.929,random
W_JPN_PTJ_A2_0_062,JPN,so that the length of,the free time,depends on the contents of,4,0.615,0.929,random
W_JPN_PTJ_B1_2_02,JPN,prevents from her study .,The second reason,is that many students spend,25,0.615,0.929,random
W_ENS_SMK_XX1_007,ENS,", the nonsmokers . In",the same way,that people who want to,26,0.615,0.929,random
W_JPN_PTJ_B1_1_116,JPN,students to go out into,the public society,. But it is very,1,0.615,0.929,random
W_ENS_SMK_XX2_15,ENS,that is the reality of,the human race,. Bans have been reasonably,1,0.615,0.929,random
W_JPN_SMK_A2_0_154,JPN,keep out the smoke and,the bad smell,is only to ban smoking,11,0.615,0.929,random
W_JPN_PTJ_B1_2_45,JPN,be sociable before working in,the real world,. I think a part,25,0.615,0.929,random
W_JPN_PTJ_B1_1_132,JPN,it goes without saying that,the main reason,is to earn money .,1,0.615,0.929,random
W_ENS_SMK_XX2_34,ENS,If only other smokers were,the same way,", this would not be",26,0.615,0.929,random
W_ENS_SMK_XX3_06,ENS,Japan to smoke aside from,those smelly glass,rooms that smell like giant,1,0.615,0.929,random
W_ENS_SMK_XX1_030,ENS,smoking will hang around for,a little bit,"longer , but it is",22,0.615,0.929,random
W_ENS_SMK_XX1_045,ENS,smokers and can also have,a big impact,on the actual length of,1,0.615,0.929,random
W_JPN_PTJ_B1_1_101,JPN,subjects and you will become,a popular person,. If you have a,1,0.615,0.929,random
W_ENS_PTJ_XX2_05,ENS,"college , they can find",a good job,and pay off any debts,12,0.615,0.929,random
W_JPN_SMK_A2_0_062,JPN,"situations . In restaurants ,",the main topic,"here , the matters even",2,0.615,0.929,random
W_ENS_SMK_XX3_12,ENS,period of time . From,a moral point,"of view , restaurants should",1,0.615,0.929,random
W_ENS_PTJ_XX1_053,ENS,Part time work is,a good way,for students to get smarter,8,0.615,0.929,random
W_JPN_PTJ_A2_0_019,JPN,", we will call it",a good job,. Second is a member,12,0.615,0.929,random
W_ENS_SMK_XX1_096,ENS,a doubt it will have,the same effect,here in Japan . Recently,1,0.615,0.929,random
W_ENS_PTJ_XX3_14,ENS,can provide many benefits to,the average college,student .,2,0.615,0.929,random
W_ENS_PTJ_XX1_046,ENS,", so I think is",a great idea,for any college student to,5,0.615,0.929,random
W_ENS_SMK_XX2_33,ENS,"this reason , I am",a big fan,"of Starbucks , who ban",1,0.615,0.929,random
W_JPN_SMK_B1_1_154,JPN,smoke do n't go to,the restauran t,. They hate the smell,2,0.615,0.929,random
W_JPN_PTJ_A2_0_146,JPN,a lot of things at,each other part,"time jobs . First ,",1,0.615,0.929,random
W_ENS_PTJ_XX1_024,ENS,that you understand at least,a little bit,about the real world .,22,0.615,0.929,random
W_JPN_SMK_B1_1_115,JPN,dishes and not to give,a bad influence,on surrounding people .,19,0.615,0.929,random
W_ENS_SMK_XX2_15,ENS,and the verdict is given,every single day,"around the world , as",1,0.615,0.929,random
W_JPN_PTJ_B1_2_11,JPN,time job . Most of,the high school,students are not allowed to,5,0.615,0.929,random
W_JPN_SMK_B1_1_120,JPN,". If so , at",the same place,nonsmokers and smokers can eat,3,0.615,0.929,random
W_JPN_PTJ_B1_2_19,JPN,me you do n't know,the real worth,"of money , and now",1,0.615,0.929,random
W_ENS_SMK_XX3_51,ENS,they have yet to take,the vital step,of including all public areas,1,0.615,0.929,random
W_ENS_PTJ_XX2_18,ENS,man could have less than,a high school,education and still find sufficient,13,0.615,0.929,random
W_ENS_SMK_XX2_32,ENS,Freedom is,a basic right,of the individual in any,3,0.615,0.929,random
W_JPN_SMK_B1_2_17,JPN,manor for public . And,the third reason,is the dust problem .,4,0.615,0.929,random
W_JPN_SMK_B1_1_019,JPN,smoke at the restaurants in,the same reason,. Today 's economy has,3,0.615,0.929,random
W_ENS_PTJ_XX1_099,ENS,These experiences can only have,a negative influence,on young people . I,1,0.615,0.929,random
W_ENS_SMK_XX1_008,ENS,. This is due to,the simple fact,that smoking is terribly unhealthy,2,0.615,0.929,random
W_ENS_PTJ_XX3_37,ENS,grades would improve and in,the long run,", provide them with better",3,0.615,0.929,random
W_ENS_PTJ_XX1_009,ENS,a part time job .,A large number,"of college students , myself",1,0.615,0.929,random
W_JPN_SMK_A2_0_148,JPN,"Recently , I think that",the second hand,smoke hardly influences it of,8,0.615,0.929,random
W_JPN_PTJ_B1_1_128,JPN,", we can not spend",the free time,"efficiently , and our college",4,0.615,0.929,random
W_JPN_PTJ_B1_1_071,JPN,how hard to get even,a little money,. Then they use money,8,0.615,0.929,random
W_ENS_PTJ_XX3_07,ENS,because they had to work,an extra shift,or worry about losing their,1,0.615,0.929,random
W_ENS_PTJ_XX3_23,ENS,important skill as it 's,a necessary step,for every job they will,2,0.615,0.929,random
W_JPN_SMK_A2_0_005,JPN,dinner with peppiness . And,the second hand,smoke is more dangerous for,8,0.615,0.929,random
W_JPN_PTJ_B1_1_104,JPN,it is important to spend,a limited time,"wisely , especially for college",1,0.615,0.929,random
W_JPN_SMK_B2_0_18,JPN,"to Kyoto , I entered",a Japanese cafe,", and I was enjoying",1,0.615,0.929,random
W_ENS_SMK_XX3_40,ENS,"and entrances and also ,",all public transport,. People are dying every,1,0.615,0.929,random
W_ENS_PTJ_XX1_044,ENS,that so you can get,a good career,", and anything you do",2,0.615,0.929,random
W_JPN_SMK_B1_2_22,JPN,smoke of cigarettes such as,a little child,", an expectant mother ,",1,0.615,0.929,random
W_ENS_PTJ_XX2_34,ENS,not trying to sound like,a hard ass,"here , but they were",1,0.615,0.929,random
W_JPN_SMK_A2_0_010,JPN,good atmosphere . Tobacco has,a bad smell,which is harm for human,2,0.615,0.929,random
W_ENS_SMK_XX3_04,ENS,that governments should infringe in,the private sector,area apart from policing standard,3,0.615,0.929,random
W_JPN_PTJ_A2_0_062,JPN,lectures . So they have,a little time,to spend freely . A,1,0.615,0.929,random
W_ENS_PTJ_XX2_25,ENS,will be better off in,the long term,. On the other hand,1,0.615,0.929,random
W_ENS_SMK_XX3_27,ENS,is not enough . As,a final note,", I am ambivalent towards",2,0.615,0.929,random
W_JPN_SMK_B2_0_03,JPN,friend and family behave in,the same way,. As a result of,26,0.615,0.929,random
W_ENS_SMK_XX2_41,ENS,as well as cleaning up,the public space,environment so that it is,9,0.615,0.929,random
W_JPN_PTJ_B1_2_20,JPN,"For example , I taught",a high school,student as a part time,13,0.615,0.929,random
W_ENS_PTJ_XX1_096,ENS,that they have earned versus,the boring life,of uninteresting study and having,1,0.615,0.929,random
W_ENS_SMK_XX1_086,ENS,smoke . Customers would have,a hard time,to enjoy the flavour and,2,0.615,0.929,random
W_JPN_PTJ_A2_0_066,JPN,do from their parents .,The second reason,is that they get social,25,0.615,0.929,random
W_JPN_PTJ_B1_1_143,JPN,graduate from our college .,The third reason,is that the money and,9,0.615,0.929,random
W_JPN_PTJ_B2_0_16,JPN,see part time jobs in,a different viewpoint,". After graduation , almost",1,0.615,0.929,random
W_ENS_SMK_XX3_20,ENS,that what to them as,an enjoyable experience,or even a hard to,1,0.615,0.929,random
W_ENS_SMK_XX3_07,ENS,it says a lot about,the deadly effect,of smoking whether you 're,1,0.615,0.929,random
W_JPN_PTJ_A2_0_020,JPN,. If you give them,a good service,", they return smile .",2,0.615,0.929,random
W_JPN_SMK_A2_0_139,JPN,". First , restaurant is",a relax space,for many people including me,1,0.615,0.929,random
W_JPN_PTJ_B1_1_009,JPN,their life . This is,the second reason,. College students can learn,4,0.615,0.929,random
W_ENS_PTJ_XX1_041,ENS,no money . Waitressing is,a good job,for every girl to experience,12,0.615,0.929,random
W_ENS_SMK_XX1_088,ENS,because people are addicted to,a filthy habit,. I see smoking as,1,0.615,0.929,random
W_JPN_SMK_A2_0_065,JPN,is to be connected with,the first reason,", there is the problem",5,0.615,0.929,random
W_JPN_SMK_A2_0_105,JPN,". What is more ,",a large number,of children come to the,7,0.615,0.929,random
W_JPN_SMK_B1_2_07,JPN,. You might not understand,the real taste,due to smoke . Smoke,1,0.615,0.929,random
W_JPN_PTJ_B1_1_055,JPN,. And they will have,a full campus,life .,1,0.615,0.929,random
W_JPN_PTJ_B2_0_08,JPN,various realms will surely do,a positive effect,in your future .,1,0.615,0.929,random
W_ENS_PTJ_XX1_058,ENS,"time , they can make",a little bit,of money and still attend,22,0.615,0.929,random
W_ENS_PTJ_XX1_009,ENS,time job in college is,a great way,to insure that you 'll,14,0.615,0.929,random
W_ENS_PTJ_XX1_073,ENS,A part time job is,a good way,for a student to learn,8,0.615,0.929,random
W_JPN_SMK_A2_0_144,JPN,place where enjoys smoking .,The main purpose,of go to a restaurant,3,0.615,0.929,random
W_JPN_SMK_A2_0_056,JPN,are people who smoke in,the same room,", people who do n't",6,0.615,0.929,random
W_ENS_PTJ_XX2_04,ENS,From,a logical standpoint,", it would seem that",1,0.615,0.929,random
W_ENS_PTJ_XX1_077,ENS,a sudden medical bill or,an unexpected repair,bill for the car or,1,0.615,0.929,random
W_JPN_PTJ_B1_2_41,JPN,students to study . Surely,the main thing,for the college students is,2,0.615,0.929,random
W_ENS_PTJ_XX2_30,ENS,money handling skills . On,a personal level,", it would give them",1,0.615,0.929,random
W_ENS_SMK_XX3_29,ENS,my plate . This is,an enjoyable part,"of dining out , which",1,0.615,0.929,random
W_JPN_SMK_A2_0_078,JPN,other people 's smoking .,The other day,", I went to a",5,0.615,0.929,random
W_ENS_PTJ_XX1_052,ENS,time to do things right,the first time,. To avoid a mistake,18,0.615,0.929,random
W_JPN_SMK_B1_1_046,JPN,the most important reason .,The last reason,is smoking does damage to,4,0.615,0.929,random
W_JPN_PTJ_A2_0_039,JPN,be useful when they get,a regular job,". For example , they",3,0.615,0.929,random
W_ENS_PTJ_XX1_092,ENS,the same dorm gives you,a permanent bond,for life . The student,1,0.615,0.929,random
W_JPN_PTJ_B1_1_116,JPN,college students work because of,this third reason,not first or second reason,1,0.615,0.929,random
W_ENS_PTJ_XX1_095,ENS,studies lay the foundation for,a successful career,later in life . In,3,0.615,0.929,random
W_JPN_SMK_B1_1_031,JPN,troubles in the restraints .,The white wall,turns brown gradually and the,1,0.615,0.929,random
W_ENS_SMK_XX2_38,ENS,"way , it also sends",a positive message,to children and reinforces the,1,0.615,0.929,random
W_JPN_PTJ_B1_1_125,JPN,they learn how to use,a personal computer,. And they can make,1,0.615,0.929,random
W_ENS_SMK_XX1_047,ENS,nobody likes the taste of,an ashy mouth,", and even just thinking",1,0.615,0.929,random
W_JPN_PTJ_B1_1_033,JPN,will growth and you find,a steady job,.,1,0.615,0.929,random
W_JPN_PTJ_B1_1_133,JPN,is attained . This is,a great thing,. I agree about a,2,0.615,0.929,random
W_JPN_PTJ_A2_0_025,JPN,with friends or members in,the same laboratory,", making money is one",1,0.615,0.929,random
W_JPN_PTJ_B1_1_074,JPN,. Part time job is,a good chance,to experience the society for,4,0.615,0.929,random
W_ENS_PTJ_XX3_12,ENS,errors and move on to,the next challenge,.,1,0.615,0.929,random
W_ENS_PTJ_XX1_005,ENS,if I approach it in,a methodical way,", most things seem to",1,0.615,0.929,random
W_ENS_PTJ_XX2_16,ENS,probably the majority of students,the real schedule,begins once they get home,1,0.615,0.929,random
W_ENS_SMK_XX1_015,ENS,"Japan , we can promote",the good health,"of people , and we",1,0.615,0.929,random
W_ENS_PTJ_XX3_21,ENS,during college brings . As,a young person,"becomes more responsible , they",2,0.615,0.929,random
W_JPN_PTJ_B1_2_05,JPN,their opportunities to work and,the unemployed rate,is high . Certainly the,2,0.615,0.929,random
W_ENS_SMK_XX3_02,ENS,and eat a meal because,the last thing,I want to do is,1,0.615,0.929,random
W_JPN_SMK_B1_2_26,JPN,irresistibly breathe the air contained,the harmful smoke,. So what meaning does,2,0.615,0.929,random
W_JPN_PTJ_A2_0_090,JPN,A part time job is,a good method,"for us , college students",2,0.615,0.929,random
W_ENS_PTJ_XX3_16,ENS,finish my degree and find,a full time,gig so that I could,16,0.615,0.929,random
W_JPN_PTJ_B1_2_17,JPN,the society . That 's,a second reason,". And third , we",1,0.615,0.929,random
W_ENS_SMK_XX1_028,ENS,would seem to be obviously,a good one,". Nonetheless , there are",2,0.615,0.929,random
W_ENS_PTJ_XX1_075,ENS,a good GPA is also,a good way,of showing that you are,8,0.615,0.929,random
W_JPN_SMK_B1_1_127,JPN,high . There may be,a pregnant mother,or a baby in a,1,0.615,0.929,random
W_JPN_PTJ_B1_1_017,JPN,", going abroad , finding",the great teacher,or sometimes thinking of myself,1,0.615,0.929,random
W_ENS_SMK_XX2_20,ENS,detrimental to the health of,the actual smoker,", but more importantly it",1,0.615,0.929,random
W_JPN_PTJ_B1_1_174,JPN,a lot of trouble for,the first time,because learning a work was,18,0.615,0.929,random
W_ENS_PTJ_XX1_049,ENS,Most of my coworkers are,the same way,", and most of us",26,0.615,0.929,random
W_JPN_SMK_B1_1_088,JPN,". Account of smoking ,",a good taste,of dishes goes bad .,2,0.615,0.929,random
W_ENS_PTJ_XX3_01,ENS,bad enough everywhere . On,a positive note,"though , it 's a",1,0.615,0.929,random
W_JPN_SMK_B1_1_105,JPN,by us when we eat,some delicious food,", we will be made",2,0.615,0.929,random
W_JPN_SMK_B1_1_009,JPN,stopping smoking is not only,a bad manner,", but also can become",3,0.615,0.929,random
W_ENS_PTJ_XX1_042,ENS,to find one soon .,The next semester,of school will be starting,1,0.615,0.929,random
W_ENS_SMK_XX2_20,ENS,at the next table sends,the wrong signal,"to children . Thirdly ,",1,0.615,0.929,random
W_JPN_PTJ_A2_0_062,JPN,'s early time can be,a good experience,for his / her full,8,0.615,0.929,random
W_ENS_PTJ_XX1_053,ENS,That is what matters in,the real world,. Even a genius like,25,0.615,0.929,random
W_JPN_PTJ_B1_1_140,JPN,easy to get out of,a narrow range,as a college . A,1,0.615,0.929,random
W_JPN_PTJ_B1_1_147,JPN,I started part time job,the other day,. Now I am anxious,2,0.615,0.929,random
W_ENS_SMK_XX1_022,ENS,n't think it would be,a huge deal,because they can always still,1,0.615,0.929,random
W_ENS_SMK_XX3_32,ENS,be allowed in restaurants .,The smoky atmosphere,in a restaurant that allows,1,0.615,0.929,random
W_JPN_SMK_B1_2_19,JPN,", and give the problem",a careful look,. I think this problem,1,0.615,0.929,random
W_ENS_SMK_XX2_14,ENS,restaurant offensive then it is,a simple decision,not to go to smoking,1,0.615,0.929,random
W_ENS_PTJ_XX1_001,ENS,job and still perform at,a high level,". On that basis ,",1,0.615,0.929,random
W_ENS_PTJ_XX2_20,ENS,job during college rests with,the individual student,. The onus is therefore,2,0.615,0.929,random
W_ENS_PTJ_XX3_09,ENS,to get a job at,the local pub,washing dishes or cleaning floors,1,0.615,0.929,random
W_ENS_SMK_XX1_052,ENS,for any individual or for,any governmental group,.,1,0.615,0.929,random
W_ENS_SMK_XX1_008,ENS,often bring this up as,a primary reason,for doing so .,2,0.615,0.929,random
W_ENS_PTJ_XX2_09,ENS,"on the domestic front ,",a young person,generally leaves the security of,2,0.615,0.929,random
W_ENS_SMK_XX1_041,ENS,of young Japanese girls feel,the same way,as I do . I,26,0.615,0.929,random
W_ENS_SMK_XX2_43,ENS,that your clothes smell like,an old fireplace,"or a dirty ashtray ,",1,0.615,0.929,random
W_JPN_SMK_A2_0_013,JPN,people can not relax .,The second reason,is that workers can not,25,0.615,0.929,random
W_ENS_SMK_XX2_33,ENS,"fascist nation , but in",a democratic one,. The underlying pillar of,1,0.615,0.929,random
W_ENS_PTJ_XX1_007,ENS,not have to work during,the regular semester,". In this way ,",1,0.615,0.929,random
W_JPN_SMK_A2_0_073,JPN,but also place to have,a good time,". Second , I think",23,0.615,0.929,random
W_JPN_SMK_B1_1_108,JPN,but smoking is prohibited in,the public place,". So , if smoking",13,0.615,0.929,random
W_JPN_SMK_B1_1_098,JPN,dishes not delicious . With,the bad smell,", I can not enjoy",11,0.615,0.929,random
W_ENS_SMK_XX3_09,ENS,I have no idea but,the bottom line,is that we must all,1,0.615,0.929,random
W_JPN_SMK_B1_1_139,JPN,first smoking is incriminated as,the major cause,of lung cancer . Cancer,7,0.615,0.929,random
W_JPN_SMK_B2_0_18,JPN,smell of smoke will spoil,the delightful time,of meal . When we,1,0.615,0.929,random
W_ENS_SMK_XX1_100,ENS,as anyone who has enjoyed,a fine Montecristo,"cigar will attest , smoking",1,0.615,0.929,random
W_ENS_PTJ_XX1_084,ENS,from the academic world to,the real world,. There is no doubt,25,0.615,0.929,random
W_ENS_PTJ_XX1_090,ENS,a part time job .,The primary goal,of any student should be,1,0.615,0.929,random
W_ENS_SMK_XX3_34,ENS,and is fully aware of,the numerous health,issues and risks for both,2,0.615,0.929,random
W_ENS_PTJ_XX2_09,ENS,"points . Firstly , on",the domestic front,", a young person generally",1,0.615,0.929,random
W_ENS_PTJ_XX1_046,ENS,skill set . This is,an important part,of developing as a college,5,0.615,0.929,random
W_ENS_SMK_XX1_033,ENS,can not do . In,the same way,", it is not fair",26,0.615,0.929,random
W_ENS_SMK_XX2_06,ENS,"already unequivocally proven , beyond",any reasonable doubt,"that smoking causes death ,",1,0.615,0.929,random
W_ENS_PTJ_XX2_08,ENS,that their lives are on,the right track,". This , in my",2,0.615,0.929,random
W_ENS_SMK_XX3_04,ENS,it creates the impression of,a dictatorial style,of government rather than that,1,0.615,0.929,random
W_JPN_SMK_A2_0_070,JPN,"fact , I work at",an Italian restaurant,. A main reason why,2,0.615,0.929,random
W_JPN_SMK_B1_2_45,JPN,and we can also have,a good time,with our family and friends,23,0.615,0.929,random
W_ENS_SMK_XX1_094,ENS,one to use it ?,The free market,should in the end dictate,1,0.615,0.929,random
W_JPN_SMK_A2_0_022,JPN,which people eat something .,The second reason,is that I do n't,25,0.615,0.929,random
W_JPN_SMK_A2_0_075,JPN,come in restaurant . And,a pregnant woman,or a small children might,3,0.615,0.929,random
W_JPN_PTJ_A2_0_059,JPN,", living and thoughts .",A good example,for this would be the,1,0.615,0.929,random
W_ENS_SMK_XX1_053,ENS,of people like to smoke,a whole lot,. They have a very,1,0.615,0.929,random
W_ENS_SMK_XX2_19,ENS,of government slowly grind and,the red tape,and slowly unravels .,1,0.615,0.929,random
W_ENS_SMK_XX3_43,ENS,ca n't make use of,the good sense,"that God gave them ,",1,0.615,0.929,random
W_JPN_SMK_A2_0_077,JPN,smoking makes the taste of,a delicious meal,bad . And smoking also,4,0.615,0.929,random
W_ENS_PTJ_XX2_06,ENS,and excellent benefits . As,a final note,", many of my students",2,0.615,0.929,random
W_JPN_SMK_B1_1_151,JPN,It is,a remarkable topic,in various aspects . To,1,0.615,0.929,random
W_ENS_PTJ_XX1_010,ENS,a part time job is,a great way,to get used to working,14,0.615,0.929,random
W_JPN_SMK_B1_2_47,JPN,type completely bans smoking and,the other type,completely permits smoking . Today,1,0.615,0.929,random
W_ENS_PTJ_XX1_041,ENS,for me . I hope,that other college,students can be like me,1,0.615,0.929,random
W_JPN_SMK_B1_2_21,JPN,moral problem . Restaurant is,a public place,where people enjoy meals .,7,0.615,0.929,random
W_JPN_PTJ_B1_1_074,JPN,ourselves . We have such,an easy entrance,"test , but most of",1,0.615,0.929,random
W_JPN_SMK_A2_0_120,JPN,. They may not have,a delicious meal,due to not smoking .,4,0.615,0.929,random
W_JPN_SMK_B1_1_106,JPN,around them . It is,a common thing,", smoker smoke carefully ,",1,0.615,0.929,random
W_ENS_PTJ_XX1_056,ENS,choice as they will have,no other way,to pay for their college,1,0.615,0.929,random
W_JPN_PTJ_B1_1_162,JPN,. I think it is,the last chance,that we have a part,3,0.615,0.929,random
W_ENS_SMK_XX2_30,ENS,"environments also ; however ,",an outright ban,merely seems draconian and unfair,2,0.615,0.929,random
W_ENS_SMK_XX1_081,ENS,judge . If you see,an unclean restaurant,do you really want to,1,0.615,0.929,random
W_JPN_SMK_A2_0_009,JPN,", a restaurant is not",the private place,but the public place .,2,0.615,0.929,random
W_JPN_SMK_B1_1_036,JPN,", they wo n't have",a great time,after meals . And they,1,0.615,0.929,random
W_ENS_PTJ_XX1_065,ENS,that we can eventually get,a good career,once we graduate . Also,2,0.615,0.929,random
W_ENS_SMK_XX3_19,ENS,suit . Although Japan has,a large number,of smokers who may not,7,0.615,0.929,random
W_ENS_PTJ_XX1_084,ENS,effective preparation for transition from,the academic world,to the real world .,1,0.615,0.929,random
W_JPN_SMK_B1_1_073,JPN,. In fact everyone understands,a weak point,of smoking . For example,1,0.615,0.929,random
W_ENS_PTJ_XX2_10,ENS,useful and beneficial lessons .,Another important factor,to consider is learning to,1,0.615,0.929,random
W_JPN_SMK_B1_1_119,JPN,in the restaurant can have,a good time,.,23,0.615,0.929,random
W_ENS_PTJ_XX2_07,ENS,". For some students ,",the extra money,will assist them in obtaining,2,0.615,0.929,random
W_JPN_SMK_A2_0_099,JPN,cigarette and feel bad at,a public place,as a restaurant . An,7,0.615,0.929,random
W_ENS_PTJ_XX1_028,ENS,be almost impossible to get,a good job,when I finish my degree,12,0.615,0.929,random
W_JPN_SMK_A2_0_120,JPN,and they may become in,a bad temper,. They may not have,1,0.615,0.929,random
W_ENS_PTJ_XX1_047,ENS,that I can apply in,the real world,when I graduate and start,25,0.615,0.929,random
W_ENS_PTJ_XX1_044,ENS,I think that that is,a bad thing,". However , I wonder",5,0.615,0.929,random
W_JPN_PTJ_A2_0_017,JPN,us have n't worked in,the high school,", so I think we",5,0.615,0.929,random
W_ENS_PTJ_XX1_083,ENS,", on the issue of",the real world,; students are in a,25,0.615,0.929,random
W_ENS_SMK_XX1_037,ENS,they need to finally kick,this terrible habit,.,1,0.615,0.929,random
W_JPN_SMK_B2_0_07,JPN,of them are still in,the same restaurant,. Thus non smokers are,3,0.615,0.929,random
W_JPN_PTJ_A2_0_107,JPN,that college students can learn,the social system,if they start to have,1,0.615,0.929,random
W_JPN_PTJ_A2_0_006,JPN,When I was seen as,a professional worker,", I could know the",1,0.615,0.929,random
W_ENS_SMK_XX1_019,ENS,. It would seem that,any sensible person,would not want to give,1,0.615,0.929,random
W_ENS_PTJ_XX3_21,ENS,part time jobs can make,an average resume,look great . The maturity,1,0.615,0.929,random
W_ENS_SMK_XX3_25,ENS,"United States , there was",a huge outcry,from both smokers and the,1,0.615,0.929,random
W_JPN_PTJ_A2_0_059,JPN,during college life would be,a good time,for us to experience various,23,0.615,0.929,random
W_JPN_PTJ_A2_0_070,JPN,is very good for training,the human nature,". Pleasure , club and",1,0.615,0.929,random
W_ENS_SMK_XX1_037,ENS,quit smoking to give them,a slight push,in the direction they need,1,0.615,0.929,random
W_ENS_SMK_XX3_41,ENS,or wait and see what,the next survey,/ poll results are .,1,0.615,0.929,random
W_JPN_SMK_A2_0_068,JPN,conditioning . I think that,the modern society,becomes strict with a smoker,3,0.615,0.929,random
W_JPN_PTJ_A2_0_010,JPN,some money they can move,a wide area,and go to abroad to,1,0.615,0.929,random
W_JPN_SMK_B1_1_112,JPN,? class restaurants . In,the same way,", they should be able",26,0.615,0.929,random
W_JPN_PTJ_B1_2_09,JPN,a lot of money in,a short time,", they should work as",3,0.615,0.929,random
W_JPN_SMK_B1_2_29,JPN,ideas on their business and,a blue collar,worker ca n't show their,1,0.615,0.929,random
W_ENS_PTJ_XX2_27,ENS,prospective and current are feeling,the economic pressure,that has been brought about,1,0.615,0.929,random
W_JPN_SMK_B1_1_122,JPN,and no smoking floor .,The first floor,is only for no smokers,1,0.615,0.929,random
W_JPN_PTJ_B1_1_022,JPN,time jobs . Failing is,a good experience,. They will find the,8,0.615,0.929,random
W_ENS_SMK_XX1_080,ENS,or reduce their smoking .,The average time,spent in a restaurant is,1,0.615,0.929,random
W_JPN_PTJ_B1_1_144,JPN,We can realize then for,the first time,what our parents have troubled,18,0.615,0.929,random
W_ENS_SMK_XX2_01,ENS,"figure , it serves as",a timely reminder,that passive smoking kills too,1,0.615,0.929,random
W_JPN_PTJ_A2_0_119,JPN,To speak with gesture is,a first experience,for me and this experience,1,0.615,0.929,random
W_JPN_PTJ_A2_0_063,JPN,things by my salary .,The last reason,is very personal reason .,4,0.615,0.929,random
W_JPN_SMK_A2_0_053,JPN,is because the cigarette has,a bad influence,on a body . Smoking,19,0.615,0.929,random
W_JPN_PTJ_B1_2_47,JPN,job and earn money .,The other reason,is that they should get,5,0.615,0.929,random
W_ENS_PTJ_XX2_05,ENS,to these fully due to,the distracting influence,of a part - time,1,0.615,0.929,random
W_ENS_PTJ_XX1_058,ENS,many new friends and meet,a wide variety,of people that we would,2,0.615,0.929,random
W_JPN_SMK_B2_0_17,JPN,non smokers and it makes,a healthy life,for smokers . To considerate,3,0.615,0.929,random
W_JPN_PTJ_B1_2_43,JPN,important to work moderately .,The second reason,is t experience working in,25,0.615,0.929,random
W_ENS_PTJ_XX1_011,ENS,they graduate student should get,a fulltime job,in begin their careers in,8,0.615,0.929,random
W_JPN_PTJ_B1_1_168,JPN,. They have to make,a right decision,"about their priority , that",1,0.615,0.929,random
W_JPN_SMK_B1_1_011,JPN,"smokers , we suffer from",the bad smell,which remind in the seat,11,0.615,0.929,random
W_ENS_SMK_XX2_24,ENS,when it is overwhelmed by,the rancid taste,of tobacco ? You can,1,0.615,0.929,random
W_JPN_PTJ_B1_2_18,JPN,very extreme instance so that,the bad instance,rarely occurs .,1,0.615,0.929,random
W_JPN_SMK_B1_1_109,JPN,see a man smoking in,the public place,like the restaurant . Do,13,0.615,0.929,random
W_JPN_SMK_B1_1_162,JPN,. Japanese food is especially,a delicate food,. I hope they can,1,0.615,0.929,random
W_ENS_PTJ_XX1_090,ENS,"if a student , particularly",a first year,"student , is already stretched",1,0.615,0.929,random
W_ENS_SMK_XX1_081,ENS,was a good idea because,the second hand,smoke could linger and it,8,0.615,0.929,random
W_ENS_PTJ_XX2_05,ENS,. If they have done,a good job,"in college , they can",12,0.615,0.929,random
W_JPN_PTJ_B1_1_043,JPN,". Nowadays , it becomes",the social problem,that a lot of people,1,0.615,0.929,random
W_ENS_SMK_XX2_27,ENS,. The smoke itself has,an unfavorable odor,for non-smokers and smokers alike,1,0.615,0.929,random
W_JPN_SMK_A2_0_050,JPN,drinking is completely banned like,the same reason,", I ca n't stand",3,0.615,0.929,random
W_JPN_SMK_A2_0_084,JPN,say that a cigarret has,an bad effect,on the smoker 's body,1,0.615,0.929,random
W_ENS_SMK_XX1_087,ENS,perhaps even be doused with,a flammable liquid,such as Bacardi 151 .,1,0.615,0.929,random
W_JPN_PTJ_B2_0_15,JPN,time job is to study,the real world,. It is important for,25,0.615,0.929,random
W_ENS_SMK_XX3_15,ENS,most countries are all doing,the same thing,now and Japan should too,9,0.615,0.929,random
W_ENS_SMK_XX1_086,ENS,to leave a workplace with,a chronic disease,while you were only trying,1,0.615,0.929,random
W_JPN_SMK_A2_0_095,JPN,When you want to have,a good lunch,", if you feel very",3,0.615,0.929,random
W_ENS_PTJ_XX1_034,ENS,my time and detract from,the intense focus,which is required for my,1,0.615,0.929,random
W_ENS_PTJ_XX1_086,ENS,and offer more options for,a brighter future,". Third , an appropriate",1,0.615,0.929,random
W_JPN_SMK_B1_1_039,JPN,cause lung cancer and have,a bad influence,upon babies especially for women,19,0.615,0.929,random
W_JPN_SMK_B1_1_036,JPN,it is more dangerous for,the pregnant woman,", children and babies to",2,0.615,0.929,random
W_ENS_PTJ_XX1_025,ENS,'s basically like giving them,a free pass,to under achieve . College,1,0.615,0.929,random
W_JPN_PTJ_A2_0_026,JPN,part job until they have,a stable school,life . Therefore I agree,1,0.615,0.929,random
W_ENS_PTJ_XX3_05,ENS,work then I strongly recommend,that devote eighty,percent of their time studying,1,0.615,0.929,random
W_ENS_SMK_XX1_023,ENS,"n't smoking myself , but",the next day,"when I woke up ,",1,0.615,0.929,random
W_ENS_PTJ_XX1_049,ENS,Not only do we have,a good job,at a fun place on,12,0.615,0.929,random
W_ENS_PTJ_XX3_21,ENS,turning up for work at,a set time,and following directions properly that,1,0.615,0.929,random
W_JPN_SMK_B1_2_22,JPN,", an expectant mother ,",a sick man,and so on . Passive,1,0.615,0.929,random
W_JPN_PTJ_B1_1_073,JPN,time job are useful to,a full time,job . The second reason,16,0.615,0.929,random
W_JPN_PTJ_B1_1_110,JPN,university students . We passed,the hard entrance,examination to study something .,1,0.615,0.929,random
W_JPN_PTJ_B1_1_144,JPN,part time jobs will be,the great experience,for us in the future,1,0.615,0.929,random
W_ENS_SMK_XX2_20,ENS,. Having smokers sitting at,the next table,sends the wrong signal to,5,0.615,0.929,random
W_JPN_PTJ_B1_2_04,JPN,live comfortably from now .,A great life,waits for them .,1,0.615,0.929,random
W_ENS_SMK_XX2_10,ENS,. A restaurant ban is,a huge leap,though with so many restaurants,1,0.615,0.929,random
W_JPN_SMK_A2_0_150,JPN,a very short time .,The third reason,is that Japan fall behind,9,0.615,0.929,random
W_ENS_SMK_XX2_33,ENS,in a democratic one .,The underlying pillar,of a democracy is the,1,0.615,0.929,random
W_ENS_PTJ_XX3_39,ENS,"etc. and hopefully , with",the right guidance,", learn some basic investment",1,0.615,0.929,random
W_ENS_SMK_XX1_085,ENS,would be able to taste,the full flavor,of the meal . I,1,0.615,0.929,random
W_JPN_PTJ_A2_0_097,JPN,"of a big company ,",a famous baseball,"player , or a doctor",1,0.615,0.929,random
W_JPN_SMK_A2_0_051,JPN,. GREEN MOS BURGER is,a good example,". In there , smoking",3,0.615,0.929,random
W_ENS_SMK_XX1_046,ENS,well . Because it is,the same issue,", I feel that many",4,0.615,0.929,random
W_ENS_PTJ_XX2_14,ENS,"students , yet it yields",a double bonus,with respect to the money,1,0.615,0.929,random
W_ENS_SMK_XX1_005,ENS,a public display of all,the medical evidence,related to smoking and the,1,0.615,0.929,random
W_ENS_SMK_XX3_10,ENS,nice to take them to,a clean air,restaurant in Tokyo one day,1,0.615,0.929,random
W_ENS_PTJ_XX2_18,ENS,- year degree . Should,a young man,or woman have to spend,1,0.615,0.929,random
W_ENS_SMK_XX2_28,ENS,non-smoking environment . It is,a basic right,to be able to smoke,3,0.615,0.929,random
W_ENS_PTJ_XX1_099,ENS,This could easily turn into,a vicious circle,and before we know it,1,0.615,0.929,random
W_ENS_SMK_XX3_47,ENS,wastes . Cigarette smoke is,a harmful waste,and needs to be regulated,1,0.615,0.929,random
W_ENS_PTJ_XX2_41,ENS,"advantage slightly . Naturally ,",the extra money,can provide another incentive to,2,0.615,0.929,random
W_ENS_PTJ_XX1_006,ENS,which allow you to make,a little bit,of cash and sometimes allow,22,0.615,0.929,random
W_ENS_PTJ_XX1_095,ENS,who is doing it on,a temporary basis,with no guarantee on his,1,0.615,0.929,random
W_JPN_SMK_B1_1_136,JPN,risk . To put it,the other way,"around , the number of",1,0.615,0.929,random
W_ENS_PTJ_XX1_015,ENS,people who are not from,the same country,as you because they have,1,0.615,0.929,random
W_JPN_PTJ_B1_1_073,JPN,a full time job .,The second reason,is that we are able,25,0.615,0.929,random
W_JPN_PTJ_B1_1_086,JPN,. They ca n't understand,the real value,of money until they get,4,0.615,0.929,random
W_JPN_SMK_B1_1_077,JPN,for health . Addition to,the main cause,"of lung cancer , it",1,0.615,0.929,random
W_JPN_SMK_B2_0_05,JPN,trouble other people . In,some public place,where we ca n't separate,1,0.615,0.929,random
W_ENS_SMK_XX1_020,ENS,Ever since I was,a little girl,my parents have always told,3,0.615,0.929,random
W_ENS_PTJ_XX1_047,ENS,a good part of becoming,a successful career,oriented woman . I currently,3,0.615,0.929,random
W_ENS_PTJ_XX1_029,ENS,work in college really is,a personal choice,", but I do n't",7,0.615,0.929,random
W_JPN_SMK_A2_0_109,JPN,on smokers . This is,a funny story,". Moreover , we ca",1,0.615,0.929,random
W_JPN_SMK_A2_0_127,JPN,but you must not make,a loud voice,or sound there . Next,1,0.615,0.929,random
W_JPN_PTJ_B1_2_45,JPN,"important , which often give",a big effect,to our success in our,1,0.615,0.929,random
W_JPN_PTJ_B1_1_080,JPN,the part time job is,a good place,. We can learn many,1,0.615,0.929,random
W_JPN_PTJ_B1_2_37,JPN,when students are preparing for,the real work,. So I think college,3,0.615,0.929,random
W_ENS_SMK_XX3_14,ENS,"a step further , in",any public place,. There are beaches in,3,0.615,0.929,random
W_JPN_SMK_A2_0_109,JPN,of cigarette are enemy of,a good dinner,". Then , smokes of",1,0.615,0.929,random
W_JPN_PTJ_B1_1_154,JPN,. They should not spoil,the free time,". Third , part time",4,0.615,0.929,random
W_ENS_PTJ_XX2_41,ENS,least give them more of,a competitive edge,in the marketplace . The,1,0.615,0.929,random
W_JPN_PTJ_A2_0_109,JPN,could not get job .,The next thing,is responsibility . We have,1,0.615,0.929,random
W_ENS_PTJ_XX3_42,ENS,will get them started on,the right track,towards keeping a full -,2,0.615,0.929,random
W_ENS_PTJ_XX2_14,ENS,and general living expenses is,an enormous sum,which in most cases needs,1,0.615,0.929,random
W_ENS_PTJ_XX1_014,ENS,a part time job is,an important part,of my weekly schedule because,5,0.615,0.929,random
W_ENS_PTJ_XX1_080,ENS,have the capital to pay,the full cost,of a college education and,1,0.615,0.929,random
W_ENS_PTJ_XX3_41,ENS,contribute to the economy in,some small way,. Many students have to,3,0.615,0.929,random
W_ENS_PTJ_XX2_29,ENS,it will also give them,some extra cash,to play with .,2,0.615,0.929,random
W_ENS_SMK_XX3_53,ENS,ever was at all .,The medical evidence,that has been gathered over,1,0.615,0.929,random
W_ENS_PTJ_XX1_086,ENS,a point of view from,the real world,which is often difficult to,25,0.615,0.929,random
W_JPN_SMK_A2_0_006,JPN,", and this doing is",the anti manner,thing because this smoke from,1,0.615,0.929,random
W_ENS_PTJ_XX1_095,ENS,later in his life is,a complete waste,of time and resources .,1,0.615,0.929,random
W_JPN_SMK_B1_1_120,JPN,those around the smoker as,a passive smoker,. As the means of,2,0.615,0.929,random
W_ENS_PTJ_XX3_37,ENS,see a chance to get,some cheap college,labour rather than having to,1,0.615,0.929,random
W_ENS_PTJ_XX1_083,ENS,"excels , they may be",a poor candidate,for employment . A well,1,0.615,0.929,random
W_ENS_SMK_XX3_40,ENS,"restaurant , expecting to enjoy",a delicious meal,", only to find that",4,0.615,0.929,random
W_ENS_PTJ_XX1_018,ENS,my schoolwork while I make,a little bit,of spending money . Even,22,0.615,0.929,random
W_JPN_SMK_A2_0_032,JPN,It means that everyone in,the same space,smoke as well as smoking,2,0.615,0.929,random
W_JPN_PTJ_B1_1_143,JPN,"job now , and get",a little money,. I use the money,8,0.615,0.929,random
W_ENS_SMK_XX3_11,ENS,their property and convert to,a non-smoking restaurant,then that is the right,1,0.615,0.929,random
W_JPN_SMK_B1_2_29,JPN,smokers think of smoking as,an essential deed,in their lives : they,1,0.615,0.929,random
W_JPN_SMK_B1_2_21,JPN,. If you go to,the public place,", you should have responsibility",13,0.615,0.929,random
W_ENS_SMK_XX1_067,ENS,that other people probably feel,the same way,", so it would make",26,0.615,0.929,random
W_JPN_SMK_B2_0_02,JPN,with family or friends having,a delicious meal,and enjoying their conversations in,4,0.615,0.929,random
W_ENS_SMK_XX2_23,ENS,"suits , not to mention",the financial burden,associated with increased health care,2,0.615,0.929,random
W_ENS_PTJ_XX1_042,ENS,the time if they have,an easy schedule,. My parents have warned,2,0.615,0.929,random
W_JPN_PTJ_A2_0_019,JPN,part time job . Not,all part time,jobs have a good effect,1,0.615,0.929,random
W_JPN_PTJ_B1_1_156,JPN,"case , when I was",a high school,"student , I did a",13,0.615,0.929,random
W_ENS_SMK_XX1_089,ENS,and other breathing apparatus at,some distant future,. Restaurants are places that,1,0.615,0.929,random
W_ENS_PTJ_XX1_097,ENS,poker tournament and ultimately win,the grand prize,money . Based on the,1,0.615,0.929,random
W_JPN_SMK_B1_1_144,JPN,smoking in any appearances in,a new light,. That present condition teaches,2,0.615,0.929,random
W_ENS_PTJ_XX3_34,ENS,be the normal standard and,the minimum level,that they would have to,1,0.615,0.929,random
W_ENS_SMK_XX2_34,ENS,after overeating and overdrinking with,the same enthusiasm,as they seem to exhibit,1,0.615,0.929,random
W_ENS_SMK_XX1_015,ENS,if you continue this for,a whole year,", you will have shortened",1,0.615,0.929,random
W_JPN_SMK_A2_0_029,JPN,you should n't be at,the same place,and come to there .,3,0.615,0.929,random
W_JPN_PTJ_B1_2_35,JPN,graduates from college and have,a full time,job . This experience is,16,0.615,0.929,random
W_JPN_PTJ_B1_1_080,JPN,"money , but also has",another good aspect,. College students are student,1,0.615,0.929,random
W_ENS_SMK_XX1_052,ENS,feel like that should be,the ultimate goal,for any individual or for,1,0.615,0.929,random
W_ENS_SMK_XX2_36,ENS,". Second , cigarettes are",a clear fire,"hazard . Indeed , many",1,0.615,0.929,random
W_JPN_SMK_A2_0_032,JPN,all means we should go,another limited room,that is permitted to smoke,1,0.615,0.929,random
W_JPN_PTJ_B1_1_132,JPN,", we can only make",the same college,students . So it is,1,0.615,0.929,random
W_ENS_SMK_XX2_07,ENS,"own or others , is",a fine thing,", but why not extend",1,0.615,0.929,random
W_ENS_SMK_XX3_35,ENS,air that we breathe on,a daily basis,. We see and hear,3,0.615,0.929,random
W_ENS_PTJ_XX1_076,ENS,a part time job is,a good thing,to list on your resume,15,0.615,0.929,random
W_ENS_PTJ_XX1_052,ENS,time work is just not,a viable strategy,for many college students .,1,0.615,0.929,random
W_JPN_SMK_B1_1_108,JPN,smokers think that smoking is,a bad habit,", so they will insist",1,0.615,0.929,random
W_JPN_SMK_B1_1_117,JPN,I visited the family restaurant,the other day,", I saw that smoke",2,0.615,0.929,random
W_ENS_SMK_XX2_20,ENS,damaging . A meal in,a good restaurant,should be a leisurely experience,1,0.615,0.929,random
W_JPN_SMK_A2_0_141,JPN,", a customer who sat",the next table,smoked all the time .,5,0.615,0.929,random
W_ENS_PTJ_XX1_073,ENS,a part time job is,a great way,for students to learn things,14,0.615,0.929,random
W_ENS_SMK_XX1_028,ENS,have their meal ruined by,an inconsiderate individual,who deems it appropriate to,1,0.615,0.929,random
W_JPN_PTJ_B1_1_027,JPN,A part time job is,a good way,to get money for us,8,0.615,0.929,random
W_ENS_SMK_XX2_13,ENS,preventable cause of death in,the entire world,. One can only hope,3,0.615,0.929,random
W_ENS_PTJ_XX2_39,ENS,if students try to keep,the big picture,in mind and think outside,1,0.615,0.929,random
W_JPN_PTJ_B1_1_048,JPN,which is higher wage .,The main purpose,of having part time job,3,0.615,0.929,random
W_ENS_SMK_XX3_33,ENS,and temporarily ceases to be,a free agent,; one can not simply,1,0.615,0.929,random
W_JPN_PTJ_A2_0_110,JPN,be pushed for time as,a true member,of society . But it,1,0.615,0.929,random
W_JPN_PTJ_B1_1_045,JPN,A part time job is,a valuable choice,killing three birds with one,1,0.615,0.929,random
W_JPN_SMK_B1_1_123,JPN,"heart attack , storks and",some fatal disease,. In Japan those disease,2,0.615,0.929,random
W_JPN_SMK_A2_0_044,JPN,ill eating delicious dishes by,the terrible smoke,. And people who smoke,1,0.615,0.929,random
W_JPN_SMK_B1_1_143,JPN,people in Japan have known,the serious harm,"of smoking , such as",1,0.615,0.929,random
W_ENS_SMK_XX1_008,ENS,I do think it is,a good thing,for restaurants to prohibit smoking,15,0.615,0.929,random
W_ENS_PTJ_XX3_14,ENS,. This is not such,a big deal,in high school or in,2,0.615,0.929,random
W_JPN_SMK_B1_1_037,JPN,n't be completely banned at,the entire restaurant,in Japan .,8,0.615,0.929,random
W_JPN_PTJ_B1_1_033,JPN,do your best . Through,these hard work,", you will get result",1,0.615,0.929,random
W_JPN_SMK_B1_2_18,JPN,around them think . Also,the Japanese tobacco,'s price is much cheaper,2,0.615,0.929,random
W_JPN_SMK_B1_1_097,JPN,smokers around you . In,the first place,", a restaurant is a",16,0.615,0.929,random
W_ENS_SMK_XX3_53,ENS,"all , but we hear",an awful lot,of bad stuff . I,3,0.615,0.929,random
W_JPN_PTJ_A2_0_127,JPN,believe that society give you,the last chance,to fly away into the,3,0.615,0.929,random
W_JPN_SMK_A2_0_112,JPN,teachers are prohibited smoking inside,an elementary school,and a junior high school,1,0.615,0.929,random
W_JPN_SMK_B1_1_162,JPN,smell . And it is,a great damage,for nonsmoking people to breathe,1,0.615,0.929,random
W_ENS_PTJ_XX3_11,ENS,students who could do with,a good dose,of attitude correctional therapy .,1,0.615,0.929,random
W_JPN_SMK_B1_1_003,JPN,". What 's more ,",the delicious food,was cooked hard by restaurant,2,0.615,0.929,random
W_ENS_SMK_XX1_008,ENS,unhealthy and by smoking in,a small area,or inside a restaurant you,1,0.615,0.929,random
W_JPN_PTJ_B1_1_059,JPN,importance of the money for,the first time,. We should be independent,18,0.615,0.929,random
W_JPN_SMK_B1_1_048,JPN,smoking is more risky for,the human health,than direct smoking . But,1,0.615,0.929,random
W_JPN_SMK_B1_1_139,JPN,Although they have come from,a great distance,to eat delicious foods and,1,0.615,0.929,random
W_ENS_PTJ_XX1_027,ENS,them to give back in,some small way,to the college community while,3,0.615,0.929,random
W_ENS_SMK_XX1_046,ENS,is not really applicable on,a nationwide scale,.,1,0.615,0.929,random
W_ENS_PTJ_XX1_013,ENS,situations in which you 're,a little bit,uncomfortable is one of the,22,0.615,0.929,random
W_JPN_SMK_B1_2_27,JPN,"fact , it has been",a great advantage,for restaurants to have a,1,0.615,0.929,random
W_JPN_SMK_B1_1_152,JPN,when a man who is,a heavy smoker,"comes to a restaurant ,",3,0.615,0.929,random
W_JPN_SMK_B1_1_050,JPN,contain children . Smoking has,a bad influence,on children . Children are,19,0.615,0.929,random
W_JPN_SMK_A2_0_112,JPN,", the state governments imposed",a high tax,on the cigarettes so that,1,0.615,0.929,random
W_ENS_PTJ_XX1_008,ENS,a favor by supporting myself,a little bit,". Also , I really",22,0.615,0.929,random
W_JPN_PTJ_A2_0_039,JPN,waste their precious time .,The third reason,is that the experience of,9,0.615,0.929,random
W_JPN_PTJ_A2_0_112,JPN,and science when I was,a high school,"student . In addition ,",13,0.615,0.929,random
W_JPN_SMK_B1_1_165,JPN,smoking are well known as,the major cause,"of lung cancer , all",7,0.615,0.929,random
W_ENS_PTJ_XX3_24,ENS,developed over time makes for,a happy hiring,official . It is important,1,0.615,0.929,random
W_ENS_SMK_XX1_099,ENS,harm others . There is,no hard evidence,that smoking causes lung cancer,1,0.615,0.929,random
W_JPN_PTJ_A2_0_027,JPN,", a man who is",an idle student,made have a part time,1,0.615,0.929,random
W_ENS_SMK_XX2_39,ENS,to cover every area on,a regular basis,.,1,0.615,0.929,random
W_ENS_SMK_XX2_30,ENS,"be frowned upon , but",an outright ban,borderlines on illegal . Smoking,2,0.615,0.929,random
W_ENS_PTJ_XX1_062,ENS,that boys do not do,the same thing,", but they might be",9,0.615,0.929,random
W_JPN_SMK_B1_1_066,JPN,separate smokers and nonsmokers in,the same room,. And at the station,6,0.615,0.929,random
W_ENS_PTJ_XX3_52,ENS,would also have picked up,some elementary work,skills and have a better,1,0.615,0.929,random
W_JPN_SMK_B1_1_019,JPN,I must not smoke .,The same thing,is able to say everyone,2,0.615,0.929,random
W_ENS_PTJ_XX2_41,ENS,the pressures of working at,a real job,which will better prepare them,3,0.615,0.929,random
W_ENS_PTJ_XX1_062,ENS,of my friends . In,the modern world,", it is very hard",2,0.615,0.929,random
W_JPN_PTJ_A2_0_074,JPN,job to work suddenly in,this severe society,. It is necessary to,1,0.615,0.929,random
W_ENS_PTJ_XX1_051,ENS,chance to be exposed to,the real way,of business so that you,1,0.615,0.929,random
W_ENS_PTJ_XX2_37,ENS,"at this time , with",no quick end,in sight . I would,1,0.615,0.929,random
W_ENS_PTJ_XX1_083,ENS,a job in college is,the perfect test,". Finally , students and",1,0.615,0.929,random
W_JPN_PTJ_B1_1_120,JPN,obstacle thing but useful in,the real world,". For example , we",25,0.615,0.929,random
W_JPN_PTJ_B1_2_22,JPN,can not be mastered in,a short term,. A part time job,2,0.615,0.929,random
W_ENS_PTJ_XX1_036,ENS,from all the costs of,a modern college,"tuition , which are quite",2,0.615,0.929,random
W_ENS_SMK_XX3_19,ENS,not just themselves would go,a long way,to winning many over I,4,0.615,0.929,random
W_ENS_PTJ_XX3_32,ENS,with pressure or stress in,the same way,. Placing too much pressure,26,0.615,0.929,random
W_JPN_SMK_B1_1_144,JPN,'s floor is restricted within,a narrow space,. And customers sometimes turn,1,0.615,0.929,random
W_JPN_PTJ_A2_0_046,JPN,a part time job to,a great degree,". And in fact ,",1,0.615,0.929,random
W_ENS_PTJ_XX3_14,ENS,money or the meaning of,a hard day,of work . When they,1,0.615,0.929,random
W_ENS_PTJ_XX1_047,ENS,well and not give you,a hard time,". Lastly , working at",2,0.615,0.929,random
W_JPN_SMK_B2_0_09,JPN,". However , there is",a serious problem,"in smoking . For ,",1,0.615,0.929,random
W_JPN_PTJ_B1_1_026,JPN,There are three reasons .,The first one,is the fact that I,1,0.615,0.929,random
W_ENS_SMK_XX1_019,ENS,second hand smoke . If,the Japanese follow,the pattern of their own,1,0.615,0.929,random
W_ENS_SMK_XX2_20,ENS,of adults . Children are,a regular sight,at popular restaurants throughout Japan,1,0.615,0.929,random
W_JPN_PTJ_A2_0_043,JPN,time job since I became,a high school,student . I saw earning,13,0.615,0.929,random
W_ENS_PTJ_XX1_030,ENS,taught me how to be,a good employee,of a company as well,1,0.615,0.929,random
W_ENS_SMK_XX2_09,ENS,"bans , how about displaying",a little tolerance,. We hear the word'tolerance,1,0.615,0.929,random
W_ENS_PTJ_XX1_064,ENS,playing field . That is,a basic tenet,of American culture that everyone,1,0.615,0.929,random
W_JPN_SMK_B1_2_17,JPN,And the third reason is,the dust problem,. I think you have,1,0.615,0.929,random
W_ENS_PTJ_XX1_065,ENS,because most students already have,a full time,job which is going to,16,0.615,0.929,random
W_ENS_SMK_XX1_047,ENS,gives them a high .,The ironic thing,is that you can achieve,1,0.615,0.929,random
W_ENS_SMK_XX2_20,ENS,a good restaurant should be,a leisurely experience,", and can often last",1,0.615,0.929,random
W_ENS_SMK_XX2_32,ENS,right of the individual in,any civilized society,. That is why I,1,0.615,0.929,random
W_JPN_SMK_B1_1_108,JPN,relax . This statement is,a selfish idea,of non smokers . They,1,0.615,0.929,random
W_ENS_PTJ_XX1_010,ENS,both in order to make,some extra pocket,money as well as to,1,0.615,0.929,random
W_JPN_SMK_B1_1_141,JPN,this is ! Smoking in,the public place,will not be an exaggeration,13,0.615,0.929,random
W_ENS_SMK_XX1_069,ENS,"thing , it will make",a big step,towards banning smoking in restaurants,1,0.615,0.929,random
W_ENS_SMK_XX1_045,ENS,"that do not , and",the last field,of years of their life,1,0.615,0.929,random
W_JPN_SMK_B1_1_155,JPN,building ; space . From,the other point,"of view , cigarette smokes",1,0.615,0.929,random
W_JPN_PTJ_B2_0_10,JPN,a good idea to have,a short term,part time job . However,2,0.615,0.929,random
W_ENS_SMK_XX3_31,ENS,ineffective and simply serves as,a aesthetic effect,"only . As stated ,",1,0.615,0.929,random
W_ENS_PTJ_XX1_080,ENS,", a college education is",a significant expense,for a college student and,1,0.615,0.929,random
W_JPN_SMK_B1_1_103,JPN,a restaurant . It is,a short time,in the passive smoking time,3,0.615,0.929,random
W_ENS_PTJ_XX1_002,ENS,'ll join the military or,a religious sect,. I am not going,1,0.615,0.929,random
W_ENS_SMK_XX1_100,ENS,to bend a knee before,any other garlic,breathed madman waving a manifesto,1,0.615,0.929,random
W_JPN_SMK_A2_0_101,JPN,drink . I might say,an inelegant thing,". But , a s",1,0.615,0.929,random
W_ENS_SMK_XX1_085,ENS,taste and are served with,a distinct sauce,mainly for that particular dish,1,0.615,0.929,random
W_ENS_PTJ_XX3_44,ENS,really think that it is,a smashing idea,that students can work and,1,0.615,0.929,random
W_ENS_SMK_XX3_27,ENS,", however , relying on",the common sense,and decency of many (,1,0.615,0.929,random
W_JPN_PTJ_B1_2_30,JPN,we need money to have,a pleasant campus,life . We want to,1,0.615,0.929,random
W_ENS_PTJ_XX2_16,ENS,challenges exists prior to entering,any particular school,". With that said ,",1,0.615,0.929,random
W_ENS_PTJ_XX3_16,ENS,part - time job is,a good way,to spend their time .,8,0.615,0.929,random
W_ENS_SMK_XX2_43,ENS,n't believe that there is,any easy way,around this as I feel,1,0.615,0.929,random
W_ENS_SMK_XX2_01,ENS,. While it is probably,an underestimated figure,", it serves as a",1,0.615,0.929,random
W_JPN_PTJ_B1_1_154,JPN,impossible to spend all of,the free time,for playing . They should,4,0.615,0.929,random
W_JPN_PTJ_B1_2_03,JPN,seniors . Second reason is,a monetary problem,. I think college students,1,0.615,0.929,random
W_ENS_SMK_XX2_07,ENS,believe that Japan should take,the next step,and also extend the ban,2,0.615,0.929,random
W_ENS_SMK_XX1_044,ENS,I think that smoking is,a bad thing,. I do n't know,5,0.615,0.929,random
W_JPN_SMK_B1_1_127,JPN,", it makes me have",a sore throat,". For instance , guess",2,0.615,0.929,random
W_ENS_SMK_XX1_046,ENS,solution on this issue as,a whole country,", because if just a",1,0.615,0.929,random
W_ENS_SMK_XX3_01,ENS,nutshell . If we dig,a little deeper,"however , despite the fact",1,0.615,0.929,random
W_ENS_SMK_XX3_55,ENS,. This issue belongs in,the private sector,not the government and that,3,0.615,0.929,random
W_ENS_PTJ_XX1_009,ENS,everyone will have to find,a fulltime job,after they graduate . A,8,0.615,0.929,random
W_ENS_SMK_XX1_009,ENS,I also think this is,a primary reason,for the port image of,2,0.615,0.929,random
W_ENS_PTJ_XX3_27,ENS,"and , if they have",no financial need,"to work , because they",1,0.615,0.929,random
W_JPN_PTJ_B1_1_175,JPN,a part time job is,a good lesson,of society for us .,1,0.615,0.929,random
W_JPN_SMK_A2_0_154,JPN,"Third , the smoke and",the bad smell,can drift everywhere in restaurant,11,0.615,0.929,random
W_JPN_PTJ_B1_1_080,JPN,a member of society in,a daily life,". For that purpose ,",1,0.615,0.929,random
W_ENS_PTJ_XX2_20,ENS,"time . That said ,",this same student,"may offer the following ,",1,0.615,0.929,random
W_ENS_SMK_XX1_002,ENS,I believe that it 's,a personal choice,of the restaurant proprietor and,7,0.615,0.929,random
W_JPN_PTJ_A2_0_084,JPN,something in order to play,a good part,in future .,3,0.615,0.929,random
W_JPN_PTJ_B1_1_030,JPN,take a trip or learn,a foreign language,". However , we must",1,0.615,0.929,random
W_JPN_SMK_B1_1_141,JPN,than firsthand smoke . What,an irrational thing,this is ! Smoking in,1,0.615,0.929,random
W_JPN_SMK_B1_1_086,JPN,", smoking is incriminated as",the major cause,of lung cancer . Another,7,0.615,0.929,random
W_ENS_PTJ_XX1_098,ENS,time to graduate since taking,a full load,of classes and working part,1,0.615,0.929,random
W_ENS_SMK_XX1_054,ENS,the cigarette smoke at such,a young age,. It is much easier,2,0.615,0.929,random
W_ENS_PTJ_XX2_24,ENS,with me because I needed,the extra cash,"to pay my way ,",1,0.615,0.929,random
W_ENS_SMK_XX3_38,ENS,the right to live in,a healthy manner,and though smokers have the,1,0.615,0.929,random
W_ENS_PTJ_XX1_036,ENS,great lesson in the way,the real world,"works , that is ,",25,0.615,0.929,random
W_ENS_SMK_XX2_31,ENS,argument . Are we really,a free society,where each individual is guaranteed,1,0.615,0.929,random
W_ENS_SMK_XX3_27,ENS,Japan . It seems like,a drastic measure,", but I base my",1,0.615,0.929,random
W_JPN_PTJ_B1_1_168,JPN,a part time job .,The main reason,is that the most important,1,0.615,0.929,random
W_ENS_PTJ_XX2_29,ENS,. Students would also acquire,some basic work,skill sets as well as,2,0.615,0.929,random
W_ENS_SMK_XX1_017,ENS,and I think this is,a good thing,. This is because smoking,15,0.615,0.929,random
W_ENS_SMK_XX3_35,ENS,most people go to get,some fresh air,and exercise .,1,0.615,0.929,random
W_JPN_SMK_B1_2_26,JPN,"little , and not only",the emitted smoke,"is smoky , but also",1,0.615,0.929,random
W_JPN_PTJ_B1_1_168,JPN,I 've mentioned can have,a bad influence,on other students . For,19,0.615,0.929,random
W_JPN_PTJ_B1_2_22,JPN,. So they must earn,the whole money,which they their selves spend,1,0.615,0.929,random
W_JPN_PTJ_A2_0_084,JPN,. So you can have,a good time,than ever . Because in,23,0.615,0.929,random
W_JPN_SMK_B2_0_02,JPN,. Besides people usually have,a good time,with family or friends having,23,0.615,0.929,random
W_ENS_SMK_XX3_53,ENS,Even though smoking has been,a historical part,of many cultures worldwide for,1,0.615,0.929,random
W_JPN_PTJ_A2_0_077,JPN,I think that it is,a great experience,for those who college students,3,0.615,0.929,random
W_ENS_PTJ_XX1_022,ENS,tiring to hear him say,the same thing,over and over again .,9,0.615,0.929,random
W_JPN_SMK_A2_0_135,JPN,from buying it . In,the other place,you ca n't smoke while,2,0.615,0.929,random
W_JPN_PTJ_B1_1_109,JPN,cooking at the restraint .,The other day,I was forced to quit,5,0.615,0.929,random
W_ENS_SMK_XX2_36,ENS,proven that secondhand smoke is,a major health,"hazard , particularly for children",1,0.615,0.929,random
W_JPN_PTJ_A2_0_117,JPN,a part time job is,a good way,to develop ourselves . I,8,0.615,0.929,random
W_JPN_SMK_B1_1_051,JPN,", and it is not",a good smell,. The smoke makes those,2,0.615,0.929,random
W_ENS_PTJ_XX1_068,ENS,"'s program , I found",a first time,job at a local restaurant,2,0.615,0.929,random
W_ENS_PTJ_XX1_016,ENS,and I am currently in,the last year,of my Ph . D.,1,0.615,0.929,random
W_JPN_SMK_A2_0_035,JPN,. Smoking is known as,the major cause,of lung cancer . Smoking,7,0.615,0.929,random
W_ENS_SMK_XX1_071,ENS,cigarette smoke from wafting throughout,the entire restaurant,", and perhaps a better",8,0.615,0.929,random
W_ENS_PTJ_XX3_23,ENS,part - time job is,an important experience,for college students which will,1,0.615,0.929,random
W_ENS_PTJ_XX2_22,ENS,should be able to utilize,any free time,they have pursuing their recreational,2,0.615,0.929,random
W_ENS_SMK_XX1_007,ENS,the people there probably feel,the same way,. The best restaurant is,26,0.615,0.929,random
W_JPN_SMK_B1_1_003,JPN,non smokers ' health .,The second reason,is for us to enjoy,25,0.615,0.929,random
W_JPN_PTJ_A2_0_024,JPN,is the one such as,a big news,of other college or a,1,0.615,0.929,random
W_ENS_SMK_XX3_48,ENS,he likes to smoke in,the fresh air,"anyway . Seriously though ,",3,0.615,0.929,random
W_ENS_PTJ_XX1_058,ENS,I am always surprised when,a new freshman,comes to work at our,1,0.615,0.929,random
W_JPN_SMK_B1_2_26,JPN,talks ! My father is,a heavy smoker,and whenever he smoke at,3,0.615,0.929,random
W_ENS_PTJ_XX3_22,ENS,These experiences are critical for,the young individual,who will need as many,1,0.615,0.929,random
W_ENS_PTJ_XX3_09,ENS,that the kid may be,a prime candidate,for needing and getting a,1,0.615,0.929,random
W_ENS_SMK_XX2_07,ENS,all restaurants because it has,a lethal affect,on all those that it,1,0.615,0.929,random
W_JPN_SMK_A2_0_038,JPN,another end . People who,breathe second hand,smoke is near smoker .,1,0.615,0.929,random
W_ENS_SMK_XX1_052,ENS,talked to you have felt,the same way,. It was kind of,26,0.615,0.929,random
W_ENS_PTJ_XX1_041,ENS,to experience at least for,a little bit,.,22,0.615,0.929,random
W_ENS_PTJ_XX1_090,ENS,may be helpful in finding,a full time,job upon graduation . Although,16,0.615,0.929,random
W_ENS_SMK_XX1_034,ENS,", smokers will just find",some other place,"to smoke , and it",1,0.615,0.929,random
W_JPN_SMK_B1_1_039,JPN,", we ca n't savor",the original taste,and smell of food .,1,0.615,0.929,random
W_JPN_SMK_B1_1_093,JPN,have a right to lead,a healthy life,. So people may smoke,3,0.615,0.929,random
W_ENS_SMK_XX3_12,ENS,monies were lost due to,an initial ban,would be recoverable over a,1,0.615,0.929,random
W_ENS_SMK_XX2_34,ENS,the grounds that there is,no clear reason,to pick on smokers .,1,0.615,0.929,random
W_ENS_PTJ_XX1_050,ENS,I would love to make,a little bit,of money so that I,22,0.615,0.929,random
W_ENS_SMK_XX3_43,ENS,"these days , which is",a good thing,in my book . So,15,0.615,0.929,random
W_JPN_SMK_A2_0_142,JPN,"smell , but also has",a bad influence,on others ' health .,19,0.615,0.929,random
W_ENS_PTJ_XX2_07,ENS,cloistered student to learn such,a fascinating world,"exists , where the recommended",1,0.615,0.929,random
W_ENS_SMK_XX3_20,ENS,be a good move for,the Japanese populace,as a whole .,2,0.615,0.929,random
W_JPN_PTJ_B1_2_06,JPN,workers . When you become,the third grade,", you usually do job",2,0.615,0.929,random
W_ENS_SMK_XX3_11,ENS,. Then it is clearly,a private issue,in which the government should,1,0.615,0.929,random
W_ENS_SMK_XX3_43,ENS,"else , would certainly lower",the human cost,as far as death and,1,0.615,0.929,random
W_ENS_PTJ_XX2_30,ENS,was as a clerk in,the local drug,store and the other was,1,0.615,0.929,random
W_ENS_PTJ_XX1_047,ENS,A part time job is,a good part,of becoming a successful career,3,0.615,0.929,random
W_JPN_SMK_A2_0_092,JPN,", smokers who smoke in",a crowded space,", they reduce the length",1,0.615,0.929,random
W_ENS_PTJ_XX3_01,ENS,young recruits so it 's,a good time,to practice with any skills,23,0.615,0.929,random
W_JPN_SMK_B1_1_095,JPN,Japanese economy will be dealt,a heavy blow,to and may fall into,1,0.615,0.929,random
W_ENS_SMK_XX1_028,ENS,smoking at restaurants is becoming,a common practice,in many states in the,1,0.615,0.929,random
W_JPN_SMK_B1_1_102,JPN,restaurants in the country has,another good respect,. To prohibit people from,1,0.615,0.929,random
W_ENS_SMK_XX2_30,ENS,wood if anti-forestry groups gain,the upper hand,? Banning smoking in restaurants,2,0.615,0.929,random
W_JPN_SMK_B1_2_02,JPN,ban smoking ? There is,a good example,. You will not do,3,0.615,0.929,random
W_JPN_PTJ_B1_1_029,JPN,"high school , we experience",a strict relationship,with older and younger .,1,0.615,0.929,random
W_ENS_SMK_XX2_09,ENS,would like to point out,that medical research,has discovered that dangerous chemicals,1,0.615,0.929,random
W_ENS_PTJ_XX1_042,ENS,also looking forward to making,a little bit,of money so that I,22,0.615,0.929,random
W_JPN_SMK_B1_1_093,JPN,be allowed to smoke at,the public place,.,13,0.615,0.929,random
W_ENS_SMK_XX1_087,ENS,a plague on mankind .,A substitute habit,should be invented for people,1,0.615,0.929,random
W_ENS_PTJ_XX2_40,ENS,carefully weighed up before taking,the next step,". Many students , because",2,0.615,0.929,random
W_JPN_PTJ_B1_2_20,JPN,to buy . This is,the first reason,why I have a part,5,0.615,0.929,random
W_ENS_PTJ_XX3_34,ENS,what is considered to be,the normal standard,and the minimum level that,1,0.615,0.929,random
W_ENS_PTJ_XX1_074,ENS,learn how to work in,the real world,. Students who are planning,25,0.615,0.929,random
W_ENS_PTJ_XX3_40,ENS,"more financially independent , learns",some basic household,budgeting and it would also,1,0.615,0.929,random
W_JPN_PTJ_B1_2_04,JPN,"get a correct view ,",the right way,to think and so on,1,0.615,0.929,random
W_ENS_PTJ_XX2_29,ENS,"more employable , give them",a slight edge,in their job hunting activities,1,0.615,0.929,random
W_ENS_SMK_XX1_079,ENS,. Second hand smoke is,a known carcinogen,and detrimental to the health,1,0.615,0.929,random
W_JPN_SMK_B1_1_079,JPN,spite of nobody smoking .,The other day,", I had another terrible",5,0.615,0.929,random
W_JPN_PTJ_B1_1_120,JPN,I think it will be,a good experience,to work as part timers,8,0.615,0.929,random
W_ENS_PTJ_XX1_097,ENS,time job is fast becoming,a full time,job for many young students,16,0.615,0.929,random
W_ENS_PTJ_XX1_035,ENS,as an IT assistant at,a local computer,"store , and the next",1,0.615,0.929,random
W_ENS_SMK_XX1_013,ENS,"good meal , in much",the same way,as a good cup of,26,0.615,0.929,random
W_JPN_PTJ_B1_2_04,JPN,very carefully . This is,an important thing,in my life . Some,2,0.615,0.929,random
W_JPN_SMK_A2_0_148,JPN,"in the restaurant , and",a bad influence,for such a child in,19,0.615,0.929,random
W_JPN_PTJ_A2_0_028,JPN,can know how to make,an artificial smile,. It will help you,1,0.615,0.929,random
W_ENS_PTJ_XX2_05,ENS,part -time work can be,a valuable way,to gain experience and develop,2,0.615,0.929,random
W_JPN_SMK_A2_0_064,JPN,"smoke , so I smell",the little flavor,of cigarettes . And I,1,0.615,0.929,random
W_JPN_PTJ_B1_2_38,JPN,burden of their parents .,The final reason,is that they can know,2,0.615,0.929,random
W_ENS_SMK_XX1_077,ENS,. Smoking is kind of,a curious habit,that has remained for reasons,1,0.615,0.929,random
W_JPN_PTJ_B1_1_114,JPN,A part time job is,the good place,we can learn the life,2,0.615,0.929,random
W_JPN_PTJ_B2_0_10,JPN,than working . This is,a bad aspect,of having a part time,1,0.615,0.929,random
W_JPN_SMK_A2_0_056,JPN,smoke feel bad . And,the bad smell,remains for a long time,11,0.615,0.929,random
W_JPN_SMK_B1_1_028,JPN,is sad . I know,a good point,of smoking . Smoking tax,1,0.615,0.929,random
W_ENS_SMK_XX1_056,ENS,state . With this direct,an obvious link,between banning smoking in restaurants,1,0.615,0.929,random
W_JPN_PTJ_A2_0_136,JPN,is advantage when we have,a permanent job,. I think to work,1,0.615,0.929,random
W_JPN_SMK_B1_1_005,JPN,the restaurant . Smell is,an important part,of food . We enjoy,5,0.615,0.929,random
W_ENS_PTJ_XX3_14,ENS,it comes time to find,a fulltime job,"after graduation , it is",8,0.615,0.929,random
W_ENS_PTJ_XX2_22,ENS,disagree with this statement .,The main problem,here is that of 'time,1,0.615,0.929,random
W_JPN_PTJ_A2_0_050,JPN,method . Students work for,the certain time,". Then , they take",1,0.615,0.929,random
W_JPN_PTJ_A2_0_107,JPN,part time job is probably,the first job,"for much of them ,",1,0.615,0.929,random
W_JPN_SMK_A2_0_135,JPN,only family restaurants which have,a big chain,can afford to do that,1,0.615,0.929,random
W_ENS_PTJ_XX1_044,ENS,busy with that demands of,a modern college,education that we simply do,2,0.615,0.929,random
W_JPN_PTJ_B1_1_063,JPN,maybe these experiences will be,a great help,to me . Therefore I,1,0.615,0.929,random
W_JPN_PTJ_A2_0_050,JPN,". Then , they take",the certain money,. It is very simple,1,0.615,0.929,random
W_JPN_SMK_B1_2_29,JPN,"research . For example ,",a scientific research,tells us that passive smoking,1,0.615,0.929,random
W_ENS_PTJ_XX2_04,ENS,coming to college was in,the first place,", as my classes and",16,0.615,0.929,random
W_JPN_PTJ_B1_1_083,JPN,better ideas from things .,The dramatic change,from receiver to server might,1,0.615,0.929,random
W_JPN_PTJ_B1_2_07,JPN,are needed for getting just,a little money,through part time job as,8,0.615,0.929,random
W_ENS_SMK_XX3_38,ENS,smoking and non-smoking sections is,an absolute joke,and totally meaningless as well,1,0.615,0.929,random
W_ENS_SMK_XX3_07,ENS,of convincing research that shows,that second hand,smoke is just as deadly,2,0.615,0.929,random
W_ENS_PTJ_XX1_015,ENS,on the weekends and having,a good time,with your friends .,23,0.615,0.929,random
W_ENS_PTJ_XX2_41,ENS,provide another incentive to do,a good job,and may serve to help,12,0.615,0.929,random
W_ENS_SMK_XX1_021,ENS,a good step here in,the 21st century,. Even just 50 years,1,0.615,0.929,random
W_ENS_PTJ_XX1_021,ENS,I think it is,a great idea,for college students to have,5,0.615,0.929,random
W_ENS_SMK_XX1_003,ENS,makes perfect sense to do,the same thing,in restaurants and public places,9,0.615,0.929,random
W_JPN_PTJ_A2_0_049,JPN,to work to earn in,the close future,. If we have much,1,0.615,0.929,random
W_JPN_SMK_B1_1_163,JPN,cigarette . If it is,a little amount,in exchange for observing the,2,0.615,0.929,random
W_ENS_SMK_XX1_080,ENS,one hour . This is,a reasonable amount,of time for a smoker,1,0.615,0.929,random
W_ENS_SMK_XX1_054,ENS,I do think it has,a negative impact,on the restaurant and our,4,0.615,0.929,random
W_ENS_SMK_XX3_08,ENS,We do n't have,the same problem,with this in Australia that,1,0.615,0.929,random
W_ENS_PTJ_XX1_043,ENS,can gain some knowledge about,the real world,and gain some experience in,25,0.615,0.929,random
W_ENS_PTJ_XX1_080,ENS,"mature adults . Secondly ,",a significant reason,"for all young people ,",1,0.615,0.929,random
W_JPN_SMK_B1_1_086,JPN,So it is problem that,the good smell,of dishes which chefs made,1,0.615,0.929,random
W_ENS_SMK_XX1_019,ENS,would not want to give,a complete stranger,any kind of health problems,1,0.615,0.929,random
W_JPN_SMK_B1_1_046,JPN,by that of smoking .,The second reason,is that family customers can,25,0.615,0.929,random
W_JPN_PTJ_B1_1_138,JPN,And if college students have,a little money,", they can not make",8,0.615,0.929,random
W_JPN_PTJ_B1_1_160,JPN,first year student will take,a great deal,of money . For example,1,0.615,0.929,random
W_JPN_PTJ_B1_1_051,JPN,. It connects with making,the interpersonal relationship,"known . Thirdly , to",1,0.615,0.929,random
W_JPN_SMK_A2_0_065,JPN,". Besides , according to",the medical study,", it proved that influence",1,0.615,0.929,random
W_ENS_PTJ_XX1_054,ENS,surrounding any one person on,this beautiful earth,.,1,0.615,0.929,random
W_ENS_SMK_XX2_22,ENS,second - hand smoke is,a direct cause,"of various lung disorders ,",1,0.615,0.929,random
W_JPN_SMK_B1_1_141,JPN,"drifts in the store ,",a special meal,is spoiled . We go,1,0.615,0.929,random
W_JPN_PTJ_B2_0_09,JPN,extra money . Thanks to,that extra money,", some poor parents who",1,0.615,0.929,random
W_ENS_PTJ_XX1_065,ENS,think that student should enjoy,the short time,we have left to be,1,0.615,0.929,random
W_ENS_SMK_XX1_084,ENS,"abolished , there would be",a noticeable decrease,in diseases as well as,1,0.615,0.929,random
W_ENS_SMK_XX3_26,ENS,throughout the restaurant and creates,an unpleasant odor,that certainly affects the customers,1,0.615,0.929,random
W_JPN_PTJ_A2_0_142,JPN,the importance of money for,the first time,", and we begin to",18,0.615,0.929,random
W_ENS_SMK_XX3_26,ENS,glass with special fans sucking,the smoky air,"out of the room ,",1,0.615,0.929,random
W_ENS_PTJ_XX1_100,ENS,with academic study by saddling,the questing student,"with some menial , minimum",1,0.615,0.929,random
W_ENS_PTJ_XX2_24,ENS,"way , it is still",an extra workload,to cope with . They,1,0.615,0.929,random
W_ENS_PTJ_XX1_052,ENS,without a college degree .,A bad choice,like this can really come,1,0.615,0.929,random
W_JPN_SMK_A2_0_150,JPN,have the effort to improve,the national health,.,1,0.615,0.929,random
W_ENS_PTJ_XX1_045,ENS,to be forced to shoulder,the entire cost,of their child 's education,1,0.615,0.929,random
W_JPN_SMK_A2_0_126,JPN,", non smoker avoid getting",any bad influence,. However we could not,4,0.615,0.929,random
W_ENS_SMK_XX1_049,ENS,"a cigarette , they have",an enormous disadvantage,as compared to people like,1,0.615,0.929,random
W_JPN_SMK_A2_0_014,JPN,smoke but not completely .,The big reason,the way I think to,1,0.615,0.929,random
W_ENS_SMK_XX3_31,ENS,", that while tobacco remains",a legal substance,"under Japanese law which ,",1,0.615,0.929,random
W_JPN_PTJ_B1_1_147,JPN,expect . I will exprience,a serious ploblem,. But then I will,1,0.615,0.929,random
W_ENS_SMK_XX2_18,ENS,. I can only assume,that Japanese tobacco,companies are as successful in,1,0.615,0.929,random
W_JPN_PTJ_A2_0_150,JPN,the way to live in,the real world,", for example how to",25,0.615,0.929,random
W_ENS_SMK_XX1_064,ENS,really have a place in,the modern world,. I think this because,2,0.615,0.929,random
W_ENS_PTJ_XX1_039,ENS,that students should decide on,an individual basis,whether or not part time,1,0.615,0.929,random
W_JPN_SMK_A2_0_009,JPN,not the private place but,the public place,. Perhaps some people relax,13,0.615,0.929,random
W_JPN_SMK_B2_0_03,JPN,". First , smoking has",a bad effect,on the customers both physically,5,0.615,0.929,random
W_ENS_PTJ_XX3_39,ENS,some sort of education about,the real power,of money rather than just,1,0.615,0.929,random
W_JPN_SMK_B1_1_176,JPN,The cigarette may give them,the serious damage,. And if they smoke,1,0.615,0.929,random
W_ENS_SMK_XX1_026,ENS,my state since I was,a little girl,. I can not even,3,0.615,0.929,random
W_ENS_PTJ_XX2_32,ENS,only been in the workforce,a short time,"myself , but I learned",3,0.615,0.929,random
W_ENS_PTJ_XX1_060,ENS,become skilled enough to find,a fulltime job,"after they graduate , they",8,0.615,0.929,random
W_JPN_SMK_A2_0_119,JPN,only do harm . Accordingly,the entire restaurant,in Japan does n't have,8,0.615,0.929,random
W_ENS_SMK_XX3_01,ENS,they of course are having,a negative impact,as the market tastes have,4,0.615,0.929,random
W_ENS_PTJ_XX2_11,ENS,. The college years provide,an opportune time,for the young men or,1,0.615,0.929,random
W_JPN_SMK_B1_1_042,JPN,smoking should be banned at,the public place,like the restaurants . Second,13,0.615,0.929,random
W_ENS_PTJ_XX2_07,ENS,. It can come as,a welcome shock,to the cloistered student to,1,0.615,0.929,random
W_JPN_SMK_B1_1_081,JPN,"restaurants , restaurants would have",a big loss,Some people say that if,1,0.615,0.929,random
W_JPN_SMK_B1_1_084,JPN,nonsmokers we may suffer from,a serious disease,that is caused by smoking,1,0.615,0.929,random
W_JPN_SMK_A2_0_100,JPN,smoking should be prohibited at,the entire restaurant,.,8,0.615,0.929,random
W_ENS_PTJ_XX1_072,ENS,it with that demands of,a busy school,schedule . I think that,1,0.615,0.929,random
