file_id,meta,left,node,right,freq,ttr,entropy,section
W_JPN_PTJ_A2_0_076,JPN,will trouble with other staffs,". So ,",they become to answer for,254,0.066,0.642,top
W_JPN_SMK_B1_1_160,JPN,the restaurant but also smokers,". So ,",smoker 's moral is responsible,254,0.066,0.642,top
W_JPN_PTJ_A2_0_121,JPN,many merit of supplementing it,". So ,",I agree to have a,254,0.066,0.642,top
W_JPN_SMK_A2_0_066,JPN,are at the near table,". So ,",I think smoking should be,254,0.066,0.642,top
W_JPN_PTJ_A2_0_147,JPN,many social manners in college,". So ,",having service jobs teach us,254,0.066,0.642,top
W_JPN_SMK_B1_1_157,JPN,take him into the hospital,". So ,",I perfectly agree that smoking,254,0.066,0.642,top
W_JPN_SMK_A2_0_055,JPN,% of Japanese men smoke,". So ,",no smoking is the trend,254,0.066,0.642,top
W_JPN_PTJ_B1_2_39,JPN,on our parents very much,". So ,",it is good for us,254,0.066,0.642,top
W_JPN_SMK_B2_0_15,JPN,seat from smoker 's seat,". So ,",even if the restaurant 's,254,0.066,0.642,top
W_JPN_PTJ_B2_0_12,JPN,of their time in college,". So ,",in order to prevent this,254,0.066,0.642,top
W_JPN_PTJ_A2_0_069,JPN,experience many things by working,". So ,",if they kept up both,254,0.066,0.642,top
W_JPN_PTJ_A2_0_014,JPN,go to car school now,". So ,",I think I become burden,254,0.066,0.642,top
W_JPN_PTJ_A2_0_145,JPN,are good friend of mine,". So ,",they teach me about the,254,0.066,0.642,top
W_JPN_PTJ_B1_1_111,JPN,make money using the scholarship,". So ,",I think a part time,254,0.066,0.642,top
W_JPN_PTJ_B1_1_070,JPN,us a lot of choice,". So ,",college students should have part,254,0.066,0.642,top
W_JPN_SMK_A2_0_087,JPN,to eat dinner at restaurants,". So ,",smoking should not be completely,254,0.066,0.642,top
W_JPN_PTJ_B1_1_150,JPN,time they can use freely,". So ,",they use such time for,254,0.066,0.642,top
W_JPN_PTJ_A2_0_008,JPN,student will have to work,". So ,",now college student should not,254,0.066,0.642,top
W_JPN_SMK_A2_0_067,JPN,"Now , many people smoke",". So ,",most of them are likely,254,0.066,0.642,top
W_JPN_PTJ_B1_1_176,JPN,friends every day and night,". So ,",I was lost much money,254,0.066,0.642,top
W_JPN_PTJ_B1_1_150,JPN,of view of their age,". So ,",I agree the idea it,254,0.066,0.642,top
W_JPN_PTJ_B2_0_14,JPN,strong as adult than before,". So ,",part time job is important,254,0.066,0.642,top
W_JPN_PTJ_A2_0_050,JPN,be able to work suddenly,". So ,",they have a part time,254,0.066,0.642,top
W_JPN_SMK_B1_2_34,JPN,many people eat in restaurants,". So ,",smoking gives them trouble .,254,0.066,0.642,top
W_JPN_PTJ_A2_0_021,JPN,is faced with this thing,". So ,",I think that we need,254,0.066,0.642,top
W_JPN_SMK_A2_0_087,JPN,harm to the smokers themselves,". So ,",many people may think that,254,0.066,0.642,top
W_JPN_SMK_B1_1_146,JPN,another Person 's health directly,". So ,","when you smoke , just",254,0.066,0.642,top
W_JPN_PTJ_B1_1_148,JPN,But it usually runs short,". So ,",it is important for them,254,0.066,0.642,top
W_ENS_PTJ_XX1_048,ENS,bonds of my religious upbringing,". So ,",now that I have a,254,0.066,0.642,top
W_JPN_SMK_B1_1_092,JPN,to people near the smoker,". So ,",I do n't like cigarettes,254,0.066,0.642,top
W_JPN_SMK_A2_0_083,JPN,wall between the two spaces,". So ,",the people in the restaurant,254,0.066,0.642,top
W_JPN_PTJ_B1_1_086,JPN,students lodge at nearby college,". So ,",they have to get money,254,0.066,0.642,top
W_JPN_PTJ_B1_1_135,JPN,be dependent on my parents,". So ,",doing part time job is,254,0.066,0.642,top
W_ENS_PTJ_XX1_035,ENS,time job after I graduate,". So ,",other students would be benefited,254,0.066,0.642,top
W_JPN_PTJ_A2_0_096,JPN,uniform like high school students,". So ,",they have to put on,254,0.066,0.642,top
W_JPN_PTJ_A2_0_050,JPN,think this must be neglected,". So ,",I want to say it,254,0.066,0.642,top
W_JPN_SMK_B1_2_40,JPN,"your health , you know",". So ,","if you smoke , it",254,0.066,0.642,top
W_JPN_SMK_A2_0_075,JPN,that smoking can be harm,". So ,",smoking should be completely banned,254,0.066,0.642,top
W_JPN_PTJ_A2_0_055,JPN,the job after their graduation,". So ,",I think that to have,254,0.066,0.642,top
W_JPN_SMK_A2_0_045,JPN,worst point in smoking problems,". So ,",I do n't want you,254,0.066,0.642,top
W_JPN_SMK_A2_0_058,JPN,which seats we sit down,". So ,",it is nice to be,254,0.066,0.642,top
W_JPN_SMK_B1_1_144,JPN,as a very attractive policy,". So ,",all the restaurants in the,254,0.066,0.642,top
W_JPN_SMK_A2_0_021,JPN,live shorter than other people,". So ,",smoking influence many people who,254,0.066,0.642,top
W_JPN_PTJ_A2_0_031,JPN,own abilities than they think,". So ,",college students do n't have,254,0.066,0.642,top
W_JPN_PTJ_A2_0_131,JPN,own lives in the future,". So ,",we have to become real,254,0.066,0.642,top
W_JPN_SMK_B2_0_09,JPN,have no trouble of smoking,". So ,",stores like restaurants should be,254,0.066,0.642,top
W_JPN_SMK_B1_1_157,JPN,is very slow and weakened,". So ,",I take him into the,254,0.066,0.642,top
W_JPN_SMK_B2_0_12,JPN,to not smoke while eating,". So ,",I think that it is,254,0.066,0.642,top
W_JPN_SMK_B1_1_045,JPN,cause of death by disease,". So ,",I think it 's better,254,0.066,0.642,top
W_ENS_PTJ_XX1_042,ENS,n't want to get bored,". So ,",I am looking for a,254,0.066,0.642,top
W_JPN_SMK_A2_0_124,JPN,worse than useless for people,". So ,",I think that smoking should,254,0.066,0.642,top
W_JPN_PTJ_B1_1_110,JPN,it means study in English,". So ,",the work of students are,254,0.066,0.642,top
W_JPN_SMK_A2_0_124,JPN,one of causes of fire,". So ,",smoker should be care of,254,0.066,0.642,top
W_JPN_SMK_B1_2_23,JPN,at all the university building,". So ,",the same thing can do,254,0.066,0.642,top
W_JPN_SMK_B1_2_13,JPN,old people and so on,". So ,","if they breathe smoke ,",254,0.066,0.642,top
W_ENS_PTJ_XX1_060,ENS,as their level of happiness,". So ,","buck up , find a",254,0.066,0.642,top
W_JPN_SMK_A2_0_007,JPN,are small children and babies,". So ,",I want to completely separate,254,0.066,0.642,top
W_JPN_PTJ_B2_0_14,JPN,given money by parents before,". So ,",making money is also giving,254,0.066,0.642,top
W_JPN_PTJ_B1_2_04,JPN,people to have a trouble,". So ,",we should experience many things,254,0.066,0.642,top
W_JPN_SMK_B1_1_144,JPN,to eat with little children,". So ,",all people at the restaurant,254,0.066,0.642,top
W_JPN_PTJ_B1_2_13,JPN,"seriously about their future """,". So ,",I think that trying to,254,0.066,0.642,top
W_JPN_SMK_A2_0_056,JPN,", clothes , and bodies",". So ,",I think that smoking should,254,0.066,0.642,top
W_ENS_PTJ_XX1_004,ENS,I am glad I did,". So ,",I think that it is,254,0.066,0.642,top
W_JPN_PTJ_B1_1_130,JPN,to adapt themselves to society,". So ,",having part time job is,254,0.066,0.642,top
W_JPN_SMK_A2_0_153,JPN,meals more without the cigarette,". So ,",I agree with the statement,254,0.066,0.642,top
W_JPN_SMK_A2_0_031,JPN,smoke attached my favorite clothes,". So ,",I never want to go,254,0.066,0.642,top
W_JPN_PTJ_A2_0_050,JPN,money when they do something,". So ,",they need to earn money,254,0.066,0.642,top
W_JPN_SMK_B1_1_157,JPN,more harmful materials than smoking,". So ,",it is very unfair .,254,0.066,0.642,top
W_JPN_PTJ_A2_0_028,JPN,a matter from different perspective,". So ,",it may help you think,254,0.066,0.642,top
W_JPN_SMK_B1_1_047,JPN,area and non smoking area,". So ,",smoking people can smoke without,254,0.066,0.642,top
W_JPN_PTJ_B1_1_134,JPN,you will need more money,". So ,",it is important for us,254,0.066,0.642,top
W_JPN_SMK_B1_1_069,JPN,smell . Cigarettes smell unique,". So ,",there are people who are,254,0.066,0.642,top
W_JPN_PTJ_A2_0_146,JPN,by having part time jobs,". So ,",I think it is important,254,0.066,0.642,top
W_JPN_SMK_A2_0_072,JPN,smokers ) can live comfortably,". So ,",smoking should be allowed at,254,0.066,0.642,top
W_JPN_PTJ_B1_1_004,JPN,to independent from their parents,". So ,",they have to work in,254,0.066,0.642,top
W_ENS_SMK_XX1_011,ENS,it was good for you,". So ,",people from past generations can,254,0.066,0.642,top
W_JPN_PTJ_A2_0_031,JPN,is often late for school,". So ,",he failed an examination and,254,0.066,0.642,top
W_ENS_SMK_XX3_43,ENS,good thing in my book,". So ,",I have difficulty in understanding,254,0.066,0.642,top
W_JPN_PTJ_B1_1_113,JPN,pleasure of contributing toward society,". So ,",what is the most important,254,0.066,0.642,top
W_JPN_PTJ_A2_0_133,JPN,are about 18 years old,". So ,",we are enough old to,254,0.066,0.642,top
W_JPN_SMK_B1_1_031,JPN,that which goes into smoker,". So ,",No matter how careful people,254,0.066,0.642,top
W_JPN_SMK_B1_1_062,JPN,does harm smoker 's health,". So ,",smokers become to dislike exercising,254,0.066,0.642,top
W_JPN_PTJ_B1_1_046,JPN,bother my parents any more,". So ,",I agree with having a,254,0.066,0.642,top
W_JPN_SMK_A2_0_066,JPN,because they can relax there,". So ,",if only not to smoke,254,0.066,0.642,top
W_JPN_PTJ_B1_1_167,JPN,do these things after graduation,". So ,",to make your college life,254,0.066,0.642,top
W_JPN_SMK_B1_1_070,JPN,get along with non smoker,". So ,",smoking should not be completely,254,0.066,0.642,top
W_JPN_SMK_A2_0_124,JPN,", lung cancer and more",". So ,",smoking is harmful for people,254,0.066,0.642,top
W_JPN_SMK_B1_2_29,JPN,may lead them to death,". So ,",we must make systems which,254,0.066,0.642,top
W_JPN_SMK_B1_1_146,JPN,who hate smoke in Japan,". So ,",smokers are feeling kind of,254,0.066,0.642,top
W_JPN_SMK_B1_1_006,JPN,is not fair for smokers,". So ,",I think that at least,254,0.066,0.642,top
W_JPN_SMK_B1_1_028,JPN,people will not stop smoking,". So ,",we must divide people from,254,0.066,0.642,top
W_JPN_PTJ_A2_0_087,JPN,having a part time job,". So ,",I agree with this statement,254,0.066,0.642,top
W_JPN_SMK_B1_2_34,JPN,the restaurants to enjoy eating,". So ,",they are disappointed if cigarette,254,0.066,0.642,top
W_JPN_SMK_B1_1_134,JPN,we probably feel bad smells,". So ,",smoking should be banned at,254,0.066,0.642,top
W_JPN_SMK_A2_0_111,JPN,worldwide tobacco boom has ended,". So ,",the day will soon come,254,0.066,0.642,top
W_JPN_PTJ_B1_1_084,JPN,to earn money by themselves,". So ,",I think they should not,254,0.066,0.642,top
W_ENS_SMK_XX2_42,ENS,early hours of the morning,". So ,",while I understand that governments,254,0.066,0.642,top
W_JPN_PTJ_A2_0_086,JPN,can not get in school,". So ,",it is important for us,254,0.066,0.642,top
W_JPN_PTJ_B1_1_047,JPN,their parents or other people,". So ,",they must have not had,254,0.066,0.642,top
W_JPN_PTJ_A2_0_027,JPN,they do in the collage,". So ,",I think part time job,254,0.066,0.642,top
W_JPN_PTJ_A2_0_097,JPN,tells us many important things,". So ,",I think it is important,254,0.066,0.642,top
W_JPN_PTJ_A2_0_022,JPN,get along with many people,". So ,",I will think to tap,254,0.066,0.642,top
W_JPN_PTJ_B1_1_040,JPN,I gradually buy many things,". So ,",I need much money but,254,0.066,0.642,top
W_JPN_PTJ_B1_1_146,JPN,No one can live alone,". So ,","needless to say , communication",254,0.066,0.642,top
W_JPN_PTJ_B1_2_34,JPN,experience by part time job,". So ,",I think it is important,254,0.066,0.642,top
W_JPN_PTJ_B1_1_062,JPN,To earn money is difficult,". So ,",it makes our spirit strong,254,0.066,0.642,top
W_JPN_PTJ_B2_0_08,JPN,", you should do it",". So ,",if are willing to be,254,0.066,0.642,top
W_JPN_PTJ_B1_1_165,JPN,is a part time job,". So ,",we can conclude that a,254,0.066,0.642,top
W_JPN_PTJ_A2_0_145,JPN,a working member of society,". So ,",when we think about our,254,0.066,0.642,top
W_JPN_SMK_B2_0_14,JPN,is good taste for us,". So ,",we ca n't patient smoke,254,0.066,0.642,top
W_ENS_PTJ_XX1_003,ENS,a lot better within myself,". So ,",I really do think that,254,0.066,0.642,top
W_JPN_SMK_A2_0_041,JPN,I 'm one of them,". So ,",I always want waiters to,254,0.066,0.642,top
W_JPN_PTJ_B2_0_17,JPN,to do in their future,". So ,","to use time effectively ,",254,0.066,0.642,top
W_JPN_PTJ_A2_0_087,JPN,be dependent on our parents,". So ,",we should not bring lunch,254,0.066,0.642,top
W_JPN_SMK_B1_1_110,JPN,", we do n't smoke",". So ,",we sat down non smoking,254,0.066,0.642,top
W_JPN_SMK_A2_0_083,JPN,n't smoke may feel bad,". So ,",I think that the people,254,0.066,0.642,top
W_JPN_SMK_A2_0_031,JPN,smoke is likely to decrease,". So ,","if restaurants ban smoking ,",254,0.066,0.642,top
W_JPN_PTJ_B1_1_104,JPN,unless their parents feed them,". So ,","for some students , there",254,0.066,0.642,top
W_JPN_PTJ_A2_0_014,JPN,understand the importance of money,". So ,",we should they have part,254,0.066,0.642,top
W_JPN_PTJ_B1_1_176,JPN,we would have trouble surely,". So ,",it is important for college,254,0.066,0.642,top
W_JPN_SMK_A2_0_069,JPN,The picture really shocked me,". So ,",I do n't smoke now,254,0.066,0.642,top
W_JPN_SMK_A2_0_120,JPN,separated by wall and door,". So ,",the smell of cigarette do,254,0.066,0.642,top
W_ENS_SMK_XX3_29,ENS,hand smoke can cause cancer,". So ,",being in the vicinity of,254,0.066,0.642,top
W_JPN_SMK_B1_2_11,JPN,to pay attention to smoking,". So ,",smoking in a restaurant is,254,0.066,0.642,top
W_JPN_SMK_B1_1_046,JPN,for what children grow up,". So ,","in front of children ,",254,0.066,0.642,top
W_JPN_SMK_A2_0_034,JPN,in all seat no smoking,". So ,","in restaurant , I think",254,0.066,0.642,top
W_JPN_PTJ_A2_0_109,JPN,of a store or company,". So ,","we have to greet ,",254,0.066,0.642,top
W_JPN_PTJ_A2_0_037,JPN,", and make on living",". So ,",it is learning that we,254,0.066,0.642,top
W_JPN_PTJ_B1_1_034,JPN,", this case will happen",". So ,",less communication ability might be,254,0.066,0.642,top
W_JPN_SMK_A2_0_117,JPN,I feel angry and unpleasant,". So ,",I agree with the idea,254,0.066,0.642,top
W_JPN_SMK_A2_0_121,JPN,", there is no problem",". So ,",I think that smoking should,254,0.066,0.642,top
W_JPN_PTJ_B1_2_47,JPN,n't have time to study,". So ,","in my opinion , we",254,0.066,0.642,top
W_JPN_SMK_B1_1_046,JPN,many people in the restaurants,". So ,","at common place , smoking",254,0.066,0.642,top
W_JPN_PTJ_A2_0_027,JPN,they do in the collage,". So ,",I think part time job,254,0.066,0.642,top
W_JPN_PTJ_A2_0_028,JPN,you to protect pointless conflict,". So ,",various experiences will let us,254,0.066,0.642,top
W_JPN_PTJ_B1_1_093,JPN,is wasteful to do nothing,". So ,",we should use our free,254,0.066,0.642,top
W_JPN_PTJ_B1_1_100,JPN,so much money for me,". So ,",I should have a part,254,0.066,0.642,top
W_JPN_SMK_A2_0_121,JPN,to be by the smoker,". So ,",smoke of tobacco causes heavy,254,0.066,0.642,top
W_JPN_PTJ_B1_1_067,JPN,must live a business life,". So ,",you should experience business life,254,0.066,0.642,top
W_JPN_PTJ_A2_0_041,JPN,to me by having it,". So ,","in the future , we",254,0.066,0.642,top
W_JPN_PTJ_B1_1_099,JPN,and use their allowance freely,". So ,",they must know how hard,254,0.066,0.642,top
W_JPN_PTJ_B1_2_11,JPN,money that their parents send,". So ,",they want to release their,254,0.066,0.642,top
W_JPN_PTJ_B1_1_048,JPN,Of course Ithink so too,". So ,","instead of me , my",254,0.066,0.642,top
W_ENS_SMK_XX3_40,ENS,cab ranks and train stations,". So ,",why not in restaurants ?,254,0.066,0.642,top
W_JPN_PTJ_B1_2_34,JPN,"Then , I live oneself",". So ,","I buy many things ,",254,0.066,0.642,top
W_JPN_SMK_B1_1_011,JPN,", they think other people",". So ,","to enjoy lunch , smoking",254,0.066,0.642,top
W_JPN_PTJ_B1_1_069,JPN,hard for family every day,". So ,",I have saved of my,254,0.066,0.642,top
W_JPN_SMK_B1_1_046,JPN,want to smoke after eating,". So ,",I think that restaurant managers,254,0.066,0.642,top
W_ENS_SMK_XX2_06,ENS,and the list goes on,". So ,",why do people still feel,254,0.066,0.642,top
W_JPN_PTJ_A2_0_021,JPN,a baby of working people,". So ,",they have to learn the,254,0.066,0.642,top
W_JPN_SMK_B1_1_171,JPN,larger than that of smokers,". So ,",more and more nonsmokers must,254,0.066,0.642,top
W_JPN_SMK_B2_0_14,JPN,our body I said again,". So ,",all people should stop smoking,254,0.066,0.642,top
W_JPN_PTJ_A2_0_130,JPN,he or she experiences society,". So ,",he or she will have,254,0.066,0.642,top
W_JPN_PTJ_A2_0_087,JPN,karaoke room with low price,". So ,",you may think we need,254,0.066,0.642,top
W_JPN_SMK_B1_1_134,JPN,are higher than smokers ',". So ,",smoking should be banned at,254,0.066,0.642,top
W_JPN_PTJ_B1_1_108,JPN,be independent from their parents,". So ,",they must know the difficulty,254,0.066,0.642,top
W_JPN_SMK_B1_1_150,JPN,sitting on a smoking seat,". So ,",the beat solution is to,254,0.066,0.642,top
W_JPN_SMK_B1_1_066,JPN,know smoking cause lung cancer,". So ,",smokers do while knowing it,254,0.066,0.642,top
W_JPN_PTJ_A2_0_104,JPN,", money and so on",". So ,",we had better part in,254,0.066,0.642,top
W_JPN_SMK_B1_2_44,JPN,smoking seats more or less,". So ,",especially families with children are,254,0.066,0.642,top
W_JPN_PTJ_B2_0_15,JPN,go to university to study,". So ,",studying at university is most,254,0.066,0.642,top
W_JPN_SMK_A2_0_104,JPN,indoors such as in restaurants,". So ,",it makes people do 'nt,254,0.066,0.642,top
W_JPN_SMK_B1_1_023,JPN,who do not like cigarette,". So ,","basically , I think that",254,0.066,0.642,top
W_JPN_SMK_B1_1_045,JPN,hurts the health of children,". So ,",I am for the opinion,254,0.066,0.642,top
W_JPN_SMK_B1_1_162,JPN,can deliciously eat every day,". So ,",I do n't want to,254,0.066,0.642,top
W_ENS_SMK_XX1_069,ENS,are hurting your whole body,". So ,",if these results come to,254,0.066,0.642,top
W_JPN_SMK_A2_0_086,JPN,not good for the restaurant,". So ,",smoking should be completely banned,254,0.066,0.642,top
W_JPN_PTJ_A2_0_021,JPN,n't have part time job,". So ,",I want to do part,254,0.066,0.642,top
W_JPN_PTJ_B2_0_09,JPN,", presentation and so on",". So ,",they will be able to,254,0.066,0.642,top
W_JPN_SMK_B1_1_171,JPN,smoking though they feel unpleasant,". So ,",smoking must be absolutely banned,254,0.066,0.642,top
W_JPN_SMK_B1_1_004,JPN,of getting cancer is increased,". So ,",Japanese government should make smoking,254,0.066,0.642,top
W_JPN_SMK_B1_1_050,JPN,ask customers not to smoke,". So ,",I think that smoking should,254,0.066,0.642,top
W_JPN_PTJ_B1_1_017,JPN,also in whole the life,". So ,",the part − time job,254,0.066,0.642,top
W_JPN_PTJ_B1_2_29,JPN,than a full time job,". So ,",college students can go to,254,0.066,0.642,top
W_JPN_SMK_A2_0_061,JPN,affect nonsmoker and the restaurant,". So ,",every restaurant should completely ban,254,0.066,0.642,top
W_JPN_SMK_A2_0_147,JPN,", this problem is solved",". So ,",I think it is not,254,0.066,0.642,top
W_JPN_SMK_B1_1_108,JPN,prohibited in the public place,". So ,",if smoking was banned at,254,0.066,0.642,top
W_JPN_PTJ_B2_0_13,JPN,reason to study at college,". So ,",I think it is important,254,0.066,0.642,top
W_JPN_PTJ_A2_0_084,JPN,have a confidence about work,". So ,",you will be able to,254,0.066,0.642,top
W_JPN_PTJ_A2_0_097,JPN,big hospital in this restaurant,". So ,",I must take formal actions,254,0.066,0.642,top
W_JPN_PTJ_B1_1_081,JPN,its manner only in university,". So ,",part time job is available,254,0.066,0.642,top
W_JPN_PTJ_A2_0_022,JPN,want to try new things,". So ,",I agree with the statement,254,0.066,0.642,top
W_JPN_SMK_A2_0_127,JPN,. That idea is wrong,". So ,",all the restaurants in the,254,0.066,0.642,top
W_JPN_PTJ_A2_0_003,JPN,"seminar , and so on",". So ,",college students should challenge actively,254,0.066,0.642,top
W_JPN_SMK_B2_0_09,JPN,as drink makes people refresh,". So ,",they think smoking in restaurants,254,0.066,0.642,top
W_JPN_SMK_B1_1_111,JPN,smoking people increase these days,". So ,","if smoking is banned ,",254,0.066,0.642,top
W_JPN_PTJ_A2_0_117,JPN,real world only at school,". So ,",we should have a part,254,0.066,0.642,top
W_JPN_SMK_B2_0_05,JPN,in which smoking is banned,". So ,",if we shut out those,254,0.066,0.642,top
W_JPN_PTJ_B1_2_47,JPN,their friends is very precious,". So ,",in order to enjoy college,254,0.066,0.642,top
W_JPN_SMK_A2_0_048,JPN,stop smoking despite their will,". So ,",I think society should deprive,254,0.066,0.642,top
W_JPN_SMK_B1_2_34,JPN,a museum and a theater,". So ,",I think that in a,254,0.066,0.642,top
W_JPN_SMK_B1_1_012,JPN,not to smoke at restaurants,". So ,",I think smoking should be,254,0.066,0.642,top
W_JPN_SMK_A2_0_056,JPN,where we take a rest,". So ,",people who do n't smoke,254,0.066,0.642,top
W_JPN_SMK_B1_1_023,JPN,It is unfair for smokers,". So ,",I think that all the,254,0.066,0.642,top
W_JPN_SMK_A2_0_120,JPN,not worry to secondhand smoking,". So ,",whether people smoke or not,254,0.066,0.642,top
W_ENS_PTJ_XX3_55,ENS,to have many different experiences,". So ,",when and if I travel,254,0.066,0.642,top
W_JPN_SMK_A2_0_153,JPN,do not completely be separated,". So ,",sometimes cigarette smoke flows to,254,0.066,0.642,top
W_JPN_SMK_B1_1_033,JPN,cigarettes butt is a lot,". So ,","if no one smoke ,",254,0.066,0.642,top
W_JPN_SMK_B1_1_034,JPN,meel relate taste of meel,". So ,",smoking breaks good taste of,254,0.066,0.642,top
W_JPN_SMK_A2_0_104,JPN,n't like smoke of cigarettes,". So ,","in restaurants , a lot",254,0.066,0.642,top
W_JPN_PTJ_B1_1_139,JPN,This thing is very unhappy,". So ,",I think it is important,254,0.066,0.642,top
W_JPN_SMK_A2_0_153,JPN,like the smell of cigarette,". So ,",when they go to restaurants,254,0.066,0.642,top
W_JPN_SMK_A2_0_152,JPN,cause of death by disease,". So ,",I think it 's better,254,0.066,0.642,top
W_JPN_PTJ_A2_0_083,JPN,should work part time moderately,". So ,",I think that it is,254,0.066,0.642,top
W_JPN_PTJ_B1_1_139,JPN,very useful in the society,". So ,",I think a part time,254,0.066,0.642,top
W_JPN_SMK_A2_0_124,JPN,foods served at the restaurant,". So ,",if you want to smoke,254,0.066,0.642,top
W_JPN_SMK_B1_2_40,JPN,keep everyone 's health good,". So ,",I agree that we should,254,0.066,0.642,top
W_JPN_PTJ_B1_2_40,JPN,it was to earn money,". So ,",since I have started having,254,0.066,0.642,top
W_JPN_SMK_B1_1_092,JPN,restaurant to eat delicious dishes,". So ,",restaurants prohibit smokers from smoking,254,0.066,0.642,top
W_JPN_SMK_B2_0_14,JPN,But it is only dream,". So ,",smoker should have manner in,254,0.066,0.642,top
W_ENS_PTJ_XX3_39,ENS,that they work for though,". So ,",I think that it would,254,0.066,0.642,top
W_JPN_SMK_A2_0_126,JPN,they get any bad influence,". So ,",smoking should be completely banned,254,0.066,0.642,top
W_JPN_SMK_A2_0_096,JPN,. Recently nonsmoker is increasing,". So ,",if the restaurant does n't,254,0.066,0.642,top
W_JPN_SMK_B1_1_048,JPN,cause the person lung cancer,". So ,",to reduce the risk for,254,0.066,0.642,top
W_JPN_PTJ_B1_1_070,JPN,"foreign languages , after graduation",". So ,",doing part time job gives,254,0.066,0.642,top
W_JPN_PTJ_A2_0_003,JPN,very tiring for college students,". So ,",it costs them much time,254,0.066,0.642,top
W_JPN_PTJ_A2_0_145,JPN,and school expenses by myself,". So ,",I need to get a,254,0.066,0.642,top
W_JPN_SMK_B1_1_174,JPN,the smoke hurt my health,". So ,",I think smoking should be,254,0.066,0.642,top
W_JPN_SMK_A2_0_053,JPN,course I do n't smoke,". So ,",I do n't want to,254,0.066,0.642,top
W_JPN_SMK_B1_2_29,JPN,It has long long history,". So ,",it is a pity that,254,0.066,0.642,top
W_JPN_SMK_A2_0_152,JPN,hurts the health of children,". So ,",I am for the opinion,254,0.066,0.642,top
W_JPN_PTJ_A2_0_066,JPN,learn hardness of earning money,". So ,",they can realize worth of,254,0.066,0.642,top
W_JPN_PTJ_A2_0_014,JPN,during passing good college life,". So ,",they need more money which,254,0.066,0.642,top
W_JPN_SMK_B1_1_150,JPN,smoking a bunch of time,". So ,",smoking affects not only people,254,0.066,0.642,top
W_JPN_PTJ_A2_0_086,JPN,clubs or play with friends,". So ,",it is not enough for,254,0.066,0.642,top
W_JPN_SMK_B1_1_090,JPN,are like me enjoy meal,". So ,",smoking should be banned at,254,0.066,0.642,top
W_JPN_PTJ_A2_0_075,JPN,will get only themselves profit,". So ,",they can practice the management,254,0.066,0.642,top
W_ENS_SMK_XX1_071,ENS,restaurants that treat them well,". So ,",if restaurants do not want,254,0.066,0.642,top
W_JPN_PTJ_B1_1_009,JPN,school students and working people,". So ,",college students have to use,254,0.066,0.642,top
W_JPN_SMK_A2_0_076,JPN,make nonsmokers lose their appetite,". So ,",smoke not only make nonsmokers,254,0.066,0.642,top
W_JPN_PTJ_B1_1_090,JPN,lot of things to memorize,". So ,",I am tired from the,254,0.066,0.642,top
W_JPN_PTJ_A2_0_076,JPN,time job realize thier dreams,". So ,",I think it is very,254,0.066,0.642,top
W_JPN_SMK_A2_0_072,JPN,for them to stop smoking,". So ,",restaurants should have two areas,254,0.066,0.642,top
W_JPN_SMK_B1_1_110,JPN,smoking area and non smoking,". So ,",some smokers say it 's,254,0.066,0.642,top
W_JPN_SMK_A2_0_055,JPN,the part of our happiness,". So ,","eating is very important ,",254,0.066,0.642,top
W_JPN_SMK_B2_0_14,JPN,smoke other place except restaurants,". So ,",smoking in restaurant is should,254,0.066,0.642,top
W_JPN_PTJ_A2_0_130,JPN,had gotten allowance until now,". So ,",he or she understood difficulties,254,0.066,0.642,top
W_JPN_SMK_A2_0_028,JPN,not completely remove the smoke,". So ,",nonsmoking people are forced to,254,0.066,0.642,top
W_JPN_PTJ_B1_1_135,JPN,am working is very small,". So ,",I must keep accounts .,254,0.066,0.642,top
W_JPN_SMK_A2_0_014,JPN,more people do walking smoking,". So ,",I think restaurant should n't,254,0.066,0.642,top
W_JPN_SMK_A2_0_076,JPN,think that smoke is free,". So ,",I pity that smoker is,254,0.066,0.642,top
W_JPN_SMK_A2_0_041,JPN,air cleaner must be placed,". So ,",both smokers and nonsmokers get,254,0.066,0.642,top
W_JPN_PTJ_A2_0_004,JPN,find earning money very hard,". So ,",they use their money seriously,254,0.066,0.642,top
W_JPN_PTJ_A2_0_117,JPN,make friend with many people,". So ,",having a part time job,254,0.066,0.642,top
W_JPN_PTJ_A2_0_055,JPN,college life is very important,". So ,",they can worry about their,254,0.066,0.642,top
W_JPN_PTJ_B1_1_021,JPN,from a part time work,". So ,",I think that it is,254,0.066,0.642,top
W_JPN_SMK_B1_1_084,JPN,that is caused by smoking,". So ,",smoking should be completely banned,254,0.066,0.642,top
W_JPN_PTJ_B1_1_001,JPN,learn many things like me,". So ,",I think it is important,254,0.066,0.642,top
W_JPN_SMK_B1_1_052,JPN,all social people 's cooperation,". So ,",smoking should be banned at,254,0.066,0.642,top
W_JPN_PTJ_A2_0_045,JPN,than a part time job,". So ,",I must not have a,254,0.066,0.642,top
W_JPN_SMK_B1_2_34,JPN,smoke contains many toxic substances,". So ,",they damage not only smokers,254,0.066,0.642,top
W_JPN_PTJ_A2_0_013,JPN,And I have no money,". So ,",I do n't afford to,254,0.066,0.642,top
W_JPN_PTJ_A2_0_014,JPN,which they enjoy with someone,". So ,",if someone think it 's,254,0.066,0.642,top
W_JPN_PTJ_A2_0_061,JPN,good for future of Japan,". So ,",I think part time job,254,0.066,0.642,top
W_JPN_PTJ_A2_0_016,JPN,why I agree with it,". First ,",college students have many things,236,0.066,0.642,top
W_JPN_PTJ_B1_1_085,JPN,agree with the following statement,". First ,",the college students will have,236,0.066,0.642,top
W_JPN_PTJ_B1_2_29,JPN,are 3 reasons for that,". First ,",they can earn money to,236,0.066,0.642,top
W_JPN_PTJ_B1_1_066,JPN,job . There are reasons,". First ,",through a part time job,236,0.066,0.642,top
W_JPN_SMK_A2_0_005,JPN,why I agree with that,". First ,",people who smoke every day,236,0.066,0.642,top
W_JPN_PTJ_B1_1_151,JPN,reasons that I think so,". First ,",I think that we can,236,0.066,0.642,top
W_JPN_SMK_A2_0_069,JPN,the smoking problems are discussed,". First ,",passive smoking has bad influence,236,0.066,0.642,top
W_JPN_PTJ_B1_2_42,JPN,have a part time job,". First ,","after graduating school , college",236,0.066,0.642,top
W_JPN_SMK_B1_1_173,JPN,at the restaurant in Japan,". First ,",if we ban to smoke,236,0.066,0.642,top
W_JPN_PTJ_A2_0_064,JPN,cake shop since last September,". First ,",college students need some money,236,0.066,0.642,top
W_JPN_PTJ_B1_1_131,JPN,reasons why I think so,". First ,",college students have to independent,236,0.066,0.642,top
W_JPN_SMK_B1_1_062,JPN,with the ban on smoking,". First ,",smoking does harm smoker 's,236,0.066,0.642,top
W_JPN_PTJ_B1_2_17,JPN,reasons why I agree it,". First ,",simply money is important .,236,0.066,0.642,top
W_JPN_SMK_A2_0_012,JPN,have some reasons for it,". First ,",smoking has smell . Some,236,0.066,0.642,top
W_JPN_PTJ_B1_1_075,JPN,. I have many reasons,". First ,",college students have much more,236,0.066,0.642,top
W_JPN_PTJ_B1_1_152,JPN,. I have two reasons,". First ,",a part time job gives,236,0.066,0.642,top
W_JPN_PTJ_B1_1_129,JPN,three reasons why I agree,". First ,",you can get money .,236,0.066,0.642,top
W_ENS_SMK_XX1_073,ENS,many reasons for this opinion,". First ,",I think that smoking is,236,0.066,0.642,top
W_JPN_SMK_A2_0_002,JPN,reasons to support my answer,". First ,",I think we do n't,236,0.066,0.642,top
W_JPN_SMK_B1_1_106,JPN,I agree with that statement,". First ,",smoking has bad effect on,236,0.066,0.642,top
W_JPN_PTJ_A2_0_056,JPN,"about it recently , too",". First ,",it is because I think,236,0.066,0.642,top
W_JPN_SMK_A2_0_073,JPN,reasons why I think so,". First ,",I think cigarettes can make,236,0.066,0.642,top
W_JPN_SMK_B1_1_134,JPN,reasons why I agree this,". First ,",smoking is very bad for,236,0.066,0.642,top
W_JPN_SMK_A2_0_147,JPN,I think two reasons are,". First ,",people walk on pavement in,236,0.066,0.642,top
W_JPN_PTJ_B1_1_001,JPN,for the reason I agree,". First ,",to have a part time,236,0.066,0.642,top
W_JPN_PTJ_B1_1_150,JPN,have 3 reasons for it,". First ,",college students often need money,236,0.066,0.642,top
W_JPN_PTJ_A2_0_025,JPN,There are three main reasons,". First ,",when they want to do,236,0.066,0.642,top
W_JPN_SMK_B1_1_016,JPN,. There are several reasons,". First ,",smoking is bad for health,236,0.066,0.642,top
W_JPN_PTJ_B1_1_134,JPN,have a part time job,". First ,",we need a lot of,236,0.066,0.642,top
W_JPN_SMK_A2_0_008,JPN,at all restaurants in Japan,". First ,",restaurant is the place which,236,0.066,0.642,top
W_JPN_SMK_B1_1_055,JPN,explain why I think so,". First ,",I do n't like cigarettes,236,0.066,0.642,top
W_JPN_PTJ_A2_0_110,JPN,time job because two reasons,". First ,",we must study except for,236,0.066,0.642,top
W_JPN_SMK_B1_2_23,JPN,reasons why I think so,". First ,",I do n't like smoking,236,0.066,0.642,top
W_JPN_SMK_B1_1_063,JPN,with the ban on smoking,". First ,",I do n't smoke because,236,0.066,0.642,top
W_JPN_PTJ_B1_1_070,JPN,that why I think so,". First ,",college students are already almost,236,0.066,0.642,top
W_JPN_SMK_B1_2_37,JPN,the country for several reasons,". First ,",restaurants are the places where,236,0.066,0.642,top
W_JPN_SMK_A2_0_154,JPN,cigarette smoke makes us unpleasant,". First ,",smoke of a cigarette is,236,0.066,0.642,top
W_JPN_PTJ_B1_2_33,JPN,do a part time job,". First ,",we learn many things in,236,0.066,0.642,top
W_JPN_PTJ_B2_0_09,JPN,because of the following reasons,". First ,",I think that doing a,236,0.066,0.642,top
W_ENS_SMK_XX1_086,ENS,. I have three reasons,". First ,",all non smokers are paying,236,0.066,0.642,top
W_JPN_SMK_A2_0_145,JPN,two reasons to the opinion,". First ,",smoking in the public space,236,0.066,0.642,top
W_JPN_PTJ_A2_0_123,JPN,have three reasons of agreement,". First ,",I think a part time,236,0.066,0.642,top
W_ENS_SMK_XX1_025,ENS,may have some unintended consequences,". First ,",people should be free to,236,0.066,0.642,top
W_JPN_PTJ_B1_1_173,JPN,I agree with this statement,". First ,",if college students have a,236,0.066,0.642,top
W_JPN_PTJ_B1_1_071,JPN,to independence economically and mentally,". First ,",college students who have part,236,0.066,0.642,top
W_JPN_PTJ_A2_0_060,JPN,two reasons to think so,". First ,",I think it is difficult,236,0.066,0.642,top
W_JPN_SMK_A2_0_049,JPN,. I have two reasons,". First ,",smokers can not eat out,236,0.066,0.642,top
W_JPN_SMK_A2_0_048,JPN,smoking should be completely controlled,". First ,",smoking is very harmful for,236,0.066,0.642,top
W_JPN_SMK_B2_0_09,JPN,because of the following reasons,". First ,",when we breathe the smoke,236,0.066,0.642,top
W_JPN_PTJ_A2_0_105,JPN,have a part time job,". First ,",college students need a lot,236,0.066,0.642,top
W_JPN_PTJ_A2_0_029,JPN,fun in out of college,". First ,",all the college students are,236,0.066,0.642,top
W_JPN_PTJ_B1_1_076,JPN,a two reason for this,". First ,",they can know how to,236,0.066,0.642,top
W_JPN_PTJ_B1_1_103,JPN,have a part time job,". First ,",we can understand the mechanism,236,0.066,0.642,top
W_JPN_PTJ_B1_1_168,JPN,ideas to support my opinion,". First ,",they have to realize how,236,0.066,0.642,top
W_JPN_PTJ_A2_0_133,JPN,two reasons about the opinion,". First ,",I think that most of,236,0.066,0.642,top
W_JPN_PTJ_A2_0_013,JPN,three reasons that I thought,". First ,",a part time job is,236,0.066,0.642,top
W_JPN_SMK_A2_0_064,JPN,with the ban on smoking,". First ,",my family and I do,236,0.066,0.642,top
W_JPN_SMK_B1_2_39,JPN,many people at some aspects,". First ,",smoke of cigarettes causes healthy,236,0.066,0.642,top
W_JPN_PTJ_B1_2_09,JPN,have two reasons about that,". First ,",they need money . It,236,0.066,0.642,top
W_JPN_PTJ_B1_1_081,JPN,of society is demanded them,". First ,",we belong to family .,236,0.066,0.642,top
W_JPN_PTJ_A2_0_037,JPN,some reasons I think so,". First ,",they need to earn money,236,0.066,0.642,top
W_JPN_PTJ_B1_1_084,JPN,. There are two reasons,". First ,",I think that college students,236,0.066,0.642,top
W_JPN_SMK_B1_1_154,JPN,Let me introduce the reasons,". First ,",the smell of smoking is,236,0.066,0.642,top
W_JPN_PTJ_A2_0_090,JPN,have a part time job,". First ,",it is true that a,236,0.066,0.642,top
W_JPN_PTJ_B1_1_096,JPN,. There are several reasons,". First ,",college students need some money,236,0.066,0.642,top
W_JPN_PTJ_B1_1_109,JPN,think they are very important,". First ,",part time job gives us,236,0.066,0.642,top
W_JPN_SMK_A2_0_009,JPN,. I have two reasons,". First ,",it is true that smoking,236,0.066,0.642,top
W_JPN_SMK_B1_1_059,JPN,. There are some reasons,". First ,",people who smoke bother other,236,0.066,0.642,top
W_JPN_SMK_B1_1_083,JPN,I disagree with this opinion,". First ,",smoking is a right culture,236,0.066,0.642,top
W_ENS_PTJ_XX1_097,ENS,. I have three opinions,". First ,",most students often seek part,236,0.066,0.642,top
W_JPN_SMK_A2_0_043,JPN,why smoking should be forbided,". First ,",smoking is harmful for our,236,0.066,0.642,top
W_JPN_SMK_A2_0_044,JPN,are three reasons I think,". First ,",tobaccos do harm to people,236,0.066,0.642,top
W_JPN_PTJ_B2_0_05,JPN,that I support this opinion,". First ,",part time jobs are the,236,0.066,0.642,top
W_JPN_PTJ_B1_1_178,JPN,reasons to support the idea,". First ,",we need money to enjoy,236,0.066,0.642,top
W_JPN_SMK_B1_1_095,JPN,have two reasons for this,". First ,",restaurants are where people have,236,0.066,0.642,top
W_JPN_PTJ_A2_0_143,JPN,two reasons for this opinion,". First ,",all college students need money,236,0.066,0.642,top
W_ENS_PTJ_XX1_083,ENS,school when they are busy,". First ,",on the issue of the,236,0.066,0.642,top
W_JPN_PTJ_A2_0_017,JPN,. There are several reasons,". First ,",we can experience how to,236,0.066,0.642,top
W_JPN_PTJ_B1_2_27,JPN,two reasons I think so,". First ,",I think that it must,236,0.066,0.642,top
W_JPN_PTJ_B1_1_140,JPN,three reasons to think that,". First ,",I can ready to go,236,0.066,0.642,top
W_ENS_PTJ_XX3_23,ENS,entering the workforce after graduation,". First ,",students seeking part - time,236,0.066,0.642,top
W_JPN_SMK_A2_0_045,JPN,. Smoking has some problems,". First ,",cigarettes have a nicotine .,236,0.066,0.642,top
W_JPN_PTJ_B1_2_40,JPN,have a part time job,". First ,",it is a good opportunity,236,0.066,0.642,top
W_JPN_SMK_B1_2_02,JPN,", health problem and manner",". First ,",smoking makes health problem .,236,0.066,0.642,top
W_JPN_PTJ_B1_1_060,JPN,reason is to make money,". First ,",the purpose of having part,236,0.066,0.642,top
W_JPN_SMK_A2_0_067,JPN,with the ban on smoking,". First ,","for non smokers , passive",236,0.066,0.642,top
W_JPN_PTJ_B1_1_040,JPN,two reasons about my opinion,". First ,",I think that it is,236,0.066,0.642,top
W_JPN_SMK_B1_1_167,JPN,", I have three reasons",". First ,","at restaurant , everyone should",236,0.066,0.642,top
W_JPN_PTJ_B1_1_054,JPN,have a part time job,". First ,",college students can learn our,236,0.066,0.642,top
W_JPN_SMK_B1_1_087,JPN,have a lot of problems,". First ,",smoking causes man to get,236,0.066,0.642,top
W_JPN_SMK_A2_0_038,JPN,reasons why I think so,". First ,",tobacco does harm to people,236,0.066,0.642,top
W_JPN_PTJ_B1_1_004,JPN,have three reasons for this,". First ,",they can learn a lot,236,0.066,0.642,top
W_JPN_PTJ_A2_0_008,JPN,not need for college students,". First ,",college student must study hard,236,0.066,0.642,top
W_JPN_PTJ_B1_1_099,JPN,three reasons for my opinion,". First ,",having a part time job,236,0.066,0.642,top
W_ENS_SMK_XX3_29,ENS,at all restaurants in Japan,". First ,",it 's now well -,236,0.066,0.642,top
W_JPN_SMK_A2_0_015,JPN,. I have three reasons,". First ,",I do n't like the,236,0.066,0.642,top
W_JPN_SMK_B1_1_071,JPN,about smoking in the restaurants,". First ,","smoke dirty wallpaper , curtain",236,0.066,0.642,top
W_JPN_SMK_B2_0_05,JPN,banned completely in two reasons,". First ,",smoker has a right to,236,0.066,0.642,top
W_JPN_PTJ_B1_1_041,JPN,time job for four reasons,". First ,",you can experience everything we,236,0.066,0.642,top
W_JPN_SMK_A2_0_025,JPN,There are three main reasons,". First ,",when I have some dishes,236,0.066,0.642,top
W_JPN_PTJ_A2_0_116,JPN,reasons why I think so,". First ,",we can lern pactical knowledge,236,0.066,0.642,top
W_JPN_PTJ_B1_1_030,JPN,have three reasons for this,". First ,",we can learn the worth,236,0.066,0.642,top
W_JPN_SMK_B1_2_10,JPN,ideas to solve this problem,". First ,",distinguish smoker 's seat and,236,0.066,0.642,top
W_JPN_PTJ_B2_0_15,JPN,. I have following reasons,". First ,",college students should know the,236,0.066,0.642,top
W_JPN_PTJ_B1_1_139,JPN,. I have three ideas,". First ,",a part time job 's,236,0.066,0.642,top
W_JPN_PTJ_B1_1_154,JPN,with it by three reasons,". First ,",almost all of the college,236,0.066,0.642,top
W_JPN_SMK_B1_2_11,JPN,are three reasons for this,". First ,",smoking is very harmful not,236,0.066,0.642,top
W_JPN_PTJ_B1_1_032,JPN,", there are some reasons",". First ,",some of them must earn,236,0.066,0.642,top
W_JPN_PTJ_B1_2_23,JPN,to do part time job,". First ,",we can study about social,236,0.066,0.642,top
W_JPN_SMK_B1_1_037,JPN,should n't be entirely banned,". First ,",tobacco has strong dependence .,236,0.066,0.642,top
W_JPN_SMK_B1_1_025,JPN,two reasons to do it,". First ,",if all restaurants in Japan,236,0.066,0.642,top
W_JPN_SMK_B1_2_20,JPN,with the ban on smoking,". First ,",smoking is n't good for,236,0.066,0.642,top
W_JPN_PTJ_B1_1_110,JPN,. I have two reasons,". First ,",I think they can learn,236,0.066,0.642,top
W_JPN_SMK_A2_0_019,JPN,give three problems of smoking,". First ,",the physical problem is .,236,0.066,0.642,top
W_JPN_SMK_B1_2_13,JPN,have two reasons for this,". First ,",smoking is really bad for,236,0.066,0.642,top
W_JPN_SMK_A2_0_063,JPN,think smoking should be so,". First ,",I do n't smoking and,236,0.066,0.642,top
W_JPN_SMK_B1_2_21,JPN,why I agree this problem,". First ,",it is the problem of,236,0.066,0.642,top
W_JPN_SMK_A2_0_031,JPN,I disagree,". First ,",I think that smoking has,236,0.066,0.642,top
W_JPN_PTJ_A2_0_146,JPN,each other part time jobs,". First ,",I learned the fun of,236,0.066,0.642,top
W_JPN_PTJ_B1_1_042,JPN,to express why I agree,". First ,",college students need a lot,236,0.066,0.642,top
W_ENS_PTJ_XX2_12,ENS,"job , for several reasons",". First ,",having a part - time,236,0.066,0.642,top
W_JPN_SMK_B1_1_012,JPN,at all restaurants in Japan,". First ,",restaurants are places where we,236,0.066,0.642,top
W_JPN_PTJ_B1_1_031,JPN,four reasons for this opinion,". First ,",it is a great chance,236,0.066,0.642,top
W_ENS_SMK_XX2_25,ENS,statement above for several reasons,". First ,",secondhand smoke harms non-smokers .,236,0.066,0.642,top
W_JPN_PTJ_B1_1_012,JPN,have a part time job,". First ,",we can learn how our,236,0.066,0.642,top
W_JPN_PTJ_B1_2_11,JPN,have a part time job,". First ,","through a job , they",236,0.066,0.642,top
W_JPN_SMK_B1_1_070,JPN,reasons why I think so,". First ,",a lot of people hate,236,0.066,0.642,top
W_JPN_PTJ_B1_1_016,JPN,. There are several reasons,". First ,",having a part time job,236,0.066,0.642,top
W_JPN_PTJ_A2_0_079,JPN,I knew are three subject,". First ,",I could know importance of,236,0.066,0.642,top
W_JPN_SMK_B1_1_041,JPN,the country for three reasons,". First ,","as you know , smoking",236,0.066,0.642,top
W_JPN_PTJ_A2_0_117,JPN,are three reasons for this,". First ,",it allows them to earn,236,0.066,0.642,top
W_JPN_PTJ_B1_1_044,JPN,things in working part time,". First ,",we can see how hard,236,0.066,0.642,top
W_JPN_PTJ_A2_0_011,JPN,reasons that I think so,". First ,",we can know how difficult,236,0.066,0.642,top
W_ENS_PTJ_XX1_006,ENS,students to have a job,". First ,",in many large ways students,236,0.066,0.642,top
W_ENS_PTJ_XX1_094,ENS,in school for several reasons,". First ,",it is difficult to focus,236,0.066,0.642,top
W_JPN_PTJ_B1_1_025,JPN,that I agree with it,". First ,",college school students need money,236,0.066,0.642,top
W_JPN_SMK_B1_1_101,JPN,. I have three reasons,". First ,",Cigarette is a kind of,236,0.066,0.642,top
W_JPN_SMK_B1_1_159,JPN,three opinions about this topic,". First ,","it is widely known ,",236,0.066,0.642,top
W_JPN_SMK_B1_1_060,JPN,with the ban on smoking,". First ,",banning at all the restaurants,236,0.066,0.642,top
W_JPN_SMK_B1_1_009,JPN,both smokers and non smokers,". First ,",restaurants are places that everyone,236,0.066,0.642,top
W_JPN_SMK_B1_2_17,JPN,show you some my thinks,". First ,",I think you get no,236,0.066,0.642,top
W_JPN_PTJ_A2_0_081,JPN,things for part time job,". First ,",it is important for a,236,0.066,0.642,top
W_JPN_PTJ_B1_1_009,JPN,. There are some reasons,". First ,",college students have much time,236,0.066,0.642,top
W_JPN_PTJ_B2_0_14,JPN,. I realize this now,". First ,",I worry that I work,236,0.066,0.642,top
W_JPN_PTJ_A2_0_045,JPN,. It is next things,". First ,","of course , I get",236,0.066,0.642,top
W_JPN_PTJ_B1_1_069,JPN,. There are some reasons,". First ,",earning money for living by,236,0.066,0.642,top
W_JPN_PTJ_A2_0_147,JPN,teaches college students important things,". First ,",we can know worth of,236,0.066,0.642,top
W_JPN_SMK_A2_0_116,JPN,the restaurants in the country,". First ,",smoking occur health damage to,236,0.066,0.642,top
W_JPN_PTJ_B1_1_167,JPN,. I have three ideas,". First ,",college students have to lern,236,0.066,0.642,top
W_JPN_SMK_B1_1_018,JPN,for non smokers around smokers,". First ,",smoking does harm for not,236,0.066,0.642,top
W_JPN_SMK_B1_1_073,JPN,. There are some reasons,". First ,",I think that people who,236,0.066,0.642,top
W_JPN_SMK_B1_2_45,JPN,. This has two merits,". First ,",we can keep a good,236,0.066,0.642,top
W_ENS_PTJ_XX1_086,ENS,. I have three opinions,". First ,",a part time job in,236,0.066,0.642,top
W_JPN_PTJ_B1_1_010,JPN,. There are two reasons,". First ,",college students can learn a,236,0.066,0.642,top
W_JPN_PTJ_A2_0_001,JPN,have two reasons for it,". First ,",They should buy as many,236,0.066,0.642,top
W_JPN_PTJ_B1_1_132,JPN,think there are some reasons,". First ,",it goes without saying that,236,0.066,0.642,top
W_JPN_PTJ_A2_0_073,JPN,two reasons for my opinion,". First ,",they should know difficulty of,236,0.066,0.642,top
W_JPN_PTJ_B1_1_100,JPN,I agree this statement,". First ,",having a part time job,236,0.066,0.642,top
W_JPN_PTJ_B1_2_21,JPN,'ll pick out three things,". First ,",I learned how hard to,236,0.066,0.642,top
W_JPN_PTJ_A2_0_020,JPN,. I have some reasons,". First ,",it is important for college,236,0.066,0.642,top
W_JPN_SMK_B1_2_31,JPN,are some reasons for this,". First ,",restaurants are the place not,236,0.066,0.642,top
W_JPN_SMK_B1_1_064,JPN,two reasons for my opinion,". First ,",smoking is harmful not only,236,0.066,0.642,top
W_JPN_PTJ_B1_1_055,JPN,explain why I think so,". First ,",I think that college students,236,0.066,0.642,top
W_JPN_SMK_A2_0_030,JPN,. I have five reasons,". First ,",I am not smoker .,236,0.066,0.642,top
W_JPN_PTJ_B1_2_31,JPN,some reasons for this opinion,". First ,",college students are around 20,236,0.066,0.642,top
W_JPN_SMK_B1_1_010,JPN,. There are two reasons,". First ,",it is painful for people,236,0.066,0.642,top
W_JPN_SMK_A2_0_143,JPN,people to smoke in restaurant,". First ,",there are many family and,236,0.066,0.642,top
W_ENS_SMK_XX2_33,ENS,above statement for several reasons,". First ,",we ( thankfully ) live,236,0.066,0.642,top
W_JPN_PTJ_A2_0_012,JPN,have some reasons for it,". First ,",they can learn some social,236,0.066,0.642,top
W_JPN_SMK_B2_0_03,JPN,the benefit of the restaurants,". First ,",smoking has a bad effect,236,0.066,0.642,top
W_JPN_PTJ_B1_1_059,JPN,. There are some reasons,". First ,",we need much money during,236,0.066,0.642,top
W_ENS_SMK_XX1_097,ENS,. I have three opinions,". First ,",if smoking is banned in,236,0.066,0.642,top
W_JPN_SMK_B1_2_24,JPN,be forbidden at the restaurant,". First ,",after all smoking does harm,236,0.066,0.642,top
W_JPN_PTJ_B2_0_12,JPN,have two reasons for this,". First ,",most college students do not,236,0.066,0.642,top
W_JPN_PTJ_B1_2_10,JPN,reason to follow this idea,". First ,",part time job is a,236,0.066,0.642,top
W_JPN_SMK_B1_1_168,JPN,reasons why I think so,". First ,",there are the facts that,236,0.066,0.642,top
W_JPN_SMK_A2_0_082,JPN,really agree with the opinion,". First ,",the reason I hate smoking,236,0.066,0.642,top
W_JPN_PTJ_A2_0_015,JPN,show you why it is,". First ,",you can experience many things,236,0.066,0.642,top
W_JPN_PTJ_A2_0_150,JPN,. There are four reasons,". First ,",to have a part time,236,0.066,0.642,top
W_JPN_PTJ_B1_1_018,JPN,. I have three reasons,". First ,",they can have good experiences,236,0.066,0.642,top
W_JPN_PTJ_B1_1_002,JPN,. There are some reasons,". First ,",it is important for college,236,0.066,0.642,top
W_JPN_SMK_A2_0_081,JPN,to opposite smoking in restaurant,". First ,",smell of smoking spoil food,236,0.066,0.642,top
W_JPN_PTJ_B1_2_48,JPN,have a part time job,". First ,",they need much money to,236,0.066,0.642,top
W_JPN_PTJ_B1_2_28,JPN,reasons why I say so,". First ,",It is difficult for most,236,0.066,0.642,top
W_ENS_PTJ_XX3_14,ENS,while they complete their degrees,". First ,",a part - time job,236,0.066,0.642,top
W_JPN_SMK_A2_0_088,JPN,about smoking not to quarrel,". First ,",nobody can smoke at the,236,0.066,0.642,top
W_JPN_PTJ_B2_0_18,JPN,and being obsessed with money,". First ,",students should use their time,236,0.066,0.642,top
W_JPN_PTJ_B1_1_039,JPN,three reasons that I think,". First ,",it is necessary for college,236,0.066,0.642,top
W_JPN_PTJ_B1_1_035,JPN,have three reasons about it,". First ,",college students need much money,236,0.066,0.642,top
W_JPN_SMK_B1_1_031,JPN,reasons why I think so,". First ,",it 's for people who,236,0.066,0.642,top
W_JPN_PTJ_A2_0_014,JPN,why I think like that,". First ,",I think college students use,236,0.066,0.642,top
W_JPN_SMK_B1_1_044,JPN,why smoking should be prohibited,". First ,",smoking is bad for our,236,0.066,0.642,top
W_ENS_SMK_XX2_36,ENS,in all restaurants in Japan,". First ,",the smell of cigarette smoke,236,0.066,0.642,top
W_JPN_PTJ_A2_0_089,JPN,job grows up college students,". First ,",we can know rules of,236,0.066,0.642,top
W_JPN_PTJ_B1_1_063,JPN,learned a lot of things,". First ,",it is difficult to work,236,0.066,0.642,top
W_JPN_PTJ_A2_0_030,JPN,that there are four advantages,". First ,",you can know the importance,236,0.066,0.642,top
W_JPN_PTJ_A2_0_009,JPN,. I have three reasons,". First ,",if students have a part,236,0.066,0.642,top
W_JPN_PTJ_A2_0_067,JPN,there is another important things,". First ,",this is because we can,236,0.066,0.642,top
W_JPN_PTJ_B1_1_086,JPN,. There are four reasons,". First ,",a lot of students lodge,236,0.066,0.642,top
W_JPN_SMK_A2_0_035,JPN,reasons why I think so,". First ,",smoking is bad for our,236,0.066,0.642,top
W_JPN_PTJ_B1_2_37,JPN,college students for several reasons,". First ,",college students have to spend,236,0.066,0.642,top
W_ENS_PTJ_XX2_23,ENS,time for three main reasons,". First ,",part -time work is a,236,0.066,0.642,top
W_JPN_PTJ_A2_0_005,JPN,. There are three reasons,". First ,",college students need a lot,236,0.066,0.642,top
W_JPN_PTJ_B1_1_047,JPN,have three reasons as following,". First ,",they can study to be,236,0.066,0.642,top
W_JPN_PTJ_B1_1_135,JPN,. I have some reasons,". First ,",I do n't have enough,236,0.066,0.642,top
W_JPN_SMK_B1_1_032,JPN,? There are two reasons,". First ,",smoking is free will .,236,0.066,0.642,top
W_JPN_SMK_B1_1_069,JPN,some reasons for my opinion,". First ,",smoking harms not only smoker,236,0.066,0.642,top
W_JPN_SMK_B1_1_099,JPN,. There are three reasons,". First ,","as you know well ,",236,0.066,0.642,top
W_JPN_PTJ_B1_1_161,JPN,a lot of spare time,". First ,","through working , we are",236,0.066,0.642,top
W_JPN_PTJ_B1_1_049,JPN,reasons why I think that,". First ,",it is because students are,236,0.066,0.642,top
W_JPN_PTJ_B1_1_106,JPN,I agree with that statement,". First ,",I think college students including,236,0.066,0.642,top
W_JPN_PTJ_B1_2_20,JPN,reasons to support my answer,". First ,",I do n't have much,236,0.066,0.642,top
W_JPN_PTJ_B1_1_062,JPN,many reasons to think that,". First ,",we university students need money,236,0.066,0.642,top
W_JPN_SMK_A2_0_128,JPN,two reasons I think it,". First ,",smoking give not only mans,236,0.066,0.642,top
W_JPN_SMK_A2_0_124,JPN,four reasons for this idea,". First ,","today , researchers make great",236,0.066,0.642,top
W_JPN_SMK_B1_1_040,JPN,at all restaurants in Japan,". First ,",smoking is harmful for you,236,0.066,0.642,top
W_JPN_PTJ_A2_0_054,JPN,not do at the university,". First ,",they can know happiness of,236,0.066,0.642,top
W_JPN_PTJ_B1_1_097,JPN,for me to agree it,". First ,",college students need much money,236,0.066,0.642,top
W_JPN_PTJ_B1_1_128,JPN,reasons that I think so,". First ,",to do a part time,236,0.066,0.642,top
W_JPN_PTJ_B1_1_148,JPN,. I have two reasons,". First ,",college students need much money,236,0.066,0.642,top
W_JPN_SMK_A2_0_065,JPN,insist on in this way,". First ,",this may not be known,236,0.066,0.642,top
W_JPN_SMK_A2_0_117,JPN,are three reasons for this,". First ,",smoking makes you unhealthy .,236,0.066,0.642,top
W_JPN_PTJ_A2_0_118,JPN,", I take some reasons",". First ,",college students are going to,236,0.066,0.642,top
W_JPN_PTJ_B1_2_13,JPN,have three reasons for this,". First ,",it is a good opportunity,236,0.066,0.642,top
W_JPN_SMK_A2_0_139,JPN,some reasons for my opinion,". First ,",restaurant is a relax space,236,0.066,0.642,top
W_JPN_PTJ_B1_1_064,JPN,reasons why I think that,". First ,",I think it is important,236,0.066,0.642,top
W_JPN_PTJ_B1_1_160,JPN,that it has 3 factors,". First ,",earning money by doing part,236,0.066,0.642,top
W_JPN_SMK_B1_1_042,JPN,will mention why I agree,". First ,",a lot of people who,236,0.066,0.642,top
W_JPN_SMK_B1_1_047,JPN,reasons why I think so,". First ,",people who smoke frequently or,236,0.066,0.642,top
W_JPN_PTJ_A2_0_086,JPN,two reasons to think so,". First ,",we can get money to,236,0.066,0.642,top
W_JPN_SMK_B1_1_137,JPN,completely banned at the restaurant,". First ,",smoking does harm to non,236,0.066,0.642,top
W_JPN_PTJ_B1_2_34,JPN,. There are three reasons,". First ,",we can have good social,236,0.066,0.642,top
W_JPN_SMK_A2_0_078,JPN,the restaurants in the country,". First ,",if people eat or drink,236,0.066,0.642,top
W_JPN_PTJ_A2_0_145,JPN,have a part time job,". First ,",we need to get some,236,0.066,0.642,top
W_JPN_SMK_A2_0_061,JPN,with the ban on smoking,". First ,",smoking in restaurant does harm,236,0.066,0.642,top
W_JPN_PTJ_A2_0_129,JPN,have a part time job,". First ,",when we are college student,236,0.066,0.642,top
W_JPN_PTJ_A2_0_124,JPN,the severity in the society,". Second ,",students can pay their school,220,0.066,0.642,top
W_JPN_PTJ_B1_2_29,JPN,come to Japan for business,". Second ,",they can experience many jobs,220,0.066,0.642,top
W_JPN_PTJ_A2_0_090,JPN,responsible for anything about ourselves,". Second ,",we can have wonderful friends,220,0.066,0.642,top
W_JPN_SMK_A2_0_065,JPN,and the cerebral infarction medically,". Second ,",this is to be connected,220,0.066,0.642,top
W_JPN_SMK_B2_0_09,JPN,a bad thing for us,". Second ,",the smell of smoke is,220,0.066,0.642,top
W_JPN_SMK_A2_0_019,JPN,will touch with their faces,". Second ,",the mental problem is .,220,0.066,0.642,top
W_JPN_SMK_B1_2_02,JPN,someone smokes at a restaurant,". Second ,",it is manner not to,220,0.066,0.642,top
W_JPN_SMK_B1_1_009,JPN,n't want to eat there,". Second ,",smoking during eating is not,220,0.066,0.642,top
W_JPN_PTJ_B2_0_18,JPN,is not good for students,". Second ,",some students work for a,220,0.066,0.642,top
W_JPN_PTJ_B1_1_131,JPN,", clothes and so on",". Second ,",they will get a chance,220,0.066,0.642,top
W_JPN_SMK_B1_2_13,JPN,one want to get cancer,". Second ,",smoking has a bad influence,220,0.066,0.642,top
W_JPN_SMK_B1_1_101,JPN,to send a healthy life,". Second ,",Smoking is not healthy for,220,0.066,0.642,top
W_JPN_PTJ_B1_2_23,JPN,people that are precious experience,". Second ,",part time job is only,220,0.066,0.642,top
W_JPN_PTJ_B1_1_106,JPN,time job to get money,". Second ,",for the college students whose,220,0.066,0.642,top
W_JPN_SMK_A2_0_116,JPN,health damage is not perfect,". Second ,",smoking may lose the quality,220,0.066,0.642,top
W_JPN_PTJ_A2_0_005,JPN,have a part time job,". Second ,",they can make friends when,220,0.066,0.642,top
W_JPN_PTJ_B1_2_26,JPN,is very useful for us,". Second ,",I also think that to,220,0.066,0.642,top
W_JPN_SMK_B1_1_055,JPN,a right to ban it,". Second ,",I think restaurants should promote,220,0.066,0.642,top
W_JPN_PTJ_B1_1_062,JPN,textbooks with spending much money,". Second ,",part time job teach us,220,0.066,0.642,top
W_JPN_SMK_A2_0_045,JPN,I get pity for them,". Second ,",cigarettes have tars . Many,220,0.066,0.642,top
W_JPN_SMK_A2_0_079,JPN,more harmful than active smoking,". Second ,",now most restaurant separate smoking,220,0.066,0.642,top
W_JPN_PTJ_A2_0_013,JPN,important to enjoy college life,". Second ,",I sometimes think a part,220,0.066,0.642,top
W_JPN_PTJ_B1_1_040,JPN,Many students have little money,". Second ,",part time job is good,220,0.066,0.642,top
W_JPN_PTJ_B1_1_022,JPN,solve the problem from it,". Second ,",there are many kinds of,220,0.066,0.642,top
W_JPN_PTJ_B1_1_132,JPN,have a part time job,". Second ,",we can have many good,220,0.066,0.642,top
W_JPN_SMK_A2_0_005,JPN,is the most important thing,". Second ,",people around smoking people feel,220,0.066,0.642,top
W_JPN_PTJ_B1_1_116,JPN,very important in our lives,". Second ,",we experience new environment that,220,0.066,0.642,top
W_JPN_SMK_B1_2_23,JPN,do at all the restaurants,". Second ,",smoker can smoke at the,220,0.066,0.642,top
W_JPN_PTJ_B1_1_081,JPN,", we belong to family",". Second ,",we belong to school .,220,0.066,0.642,top
W_JPN_SMK_B1_1_040,JPN,restaurants but also daily life,". Second ,",smoking bothers those around smoker,220,0.066,0.642,top
W_JPN_PTJ_B1_2_19,JPN,this skill is really important,". Second ,",having part time job made,220,0.066,0.642,top
W_JPN_SMK_B1_1_016,JPN,these diseases in the future,". Second ,",non smokers around smokers might,220,0.066,0.642,top
W_ENS_SMK_XX3_29,ENS,my health sitting near smokers,". Second ,",servers and other restaurant staff,220,0.066,0.642,top
W_JPN_PTJ_B1_1_109,JPN,in office can help us,". Second ,",we can earn money .,220,0.066,0.642,top
W_JPN_PTJ_B1_2_42,JPN,to spend such valuable time,". Second ,",I think that college students,220,0.066,0.642,top
W_JPN_PTJ_B1_1_140,JPN,in a part time job,". Second ,",I can understand the significance,220,0.066,0.642,top
W_JPN_SMK_B1_1_059,JPN,"this , smoking bother people",". Second ,",smoking is no good for,220,0.066,0.642,top
W_JPN_SMK_B1_1_125,JPN,But such case is unusual,". Second ,",smokers have a right to,220,0.066,0.642,top
W_JPN_SMK_A2_0_012,JPN,like me loss an appetite,". Second ,",the smoke causes a cancer,220,0.066,0.642,top
W_JPN_SMK_B1_1_073,JPN,restaurants which smoking are banned,". Second ,",the seat at a restaurant,220,0.066,0.642,top
W_JPN_PTJ_A2_0_017,JPN,we are familiar with working,". Second ,",we can earn money .,220,0.066,0.642,top
W_JPN_SMK_B1_1_032,JPN,is been for that reason,". Second ,",annoying people is not only,220,0.066,0.642,top
W_JPN_PTJ_B1_1_083,JPN,give us some big discovery,". Second ,",in near future we 'll,220,0.066,0.642,top
W_JPN_PTJ_B1_2_48,JPN,they want by using it,". Second ,",we will probably belong to,220,0.066,0.642,top
W_JPN_PTJ_A2_0_081,JPN,strictly society in near future,". Second ,",it is important for a,220,0.066,0.642,top
W_JPN_PTJ_B1_1_004,JPN,have a part time job,". Second ,",having a part time job,220,0.066,0.642,top
W_JPN_PTJ_A2_0_025,JPN,work hard and get incomes,". Second ,",when you work for any,220,0.066,0.642,top
W_JPN_SMK_B1_1_022,JPN,disagree with smoking at restaurants,". Second ,",I feel that the habit,220,0.066,0.642,top
W_JPN_SMK_B1_1_132,JPN,will be worse and worse,". Second ,",though there are some restaurants,220,0.066,0.642,top
W_JPN_PTJ_A2_0_020,JPN,For example manner and skill,". Second ,",part time job can meet,220,0.066,0.642,top
W_JPN_PTJ_B1_1_167,JPN,time when you get job,". Second ,",you can be known with,220,0.066,0.642,top
W_JPN_SMK_B1_1_154,JPN,do n't smoke is them,". Second ,",if there is a restaurant,220,0.066,0.642,top
W_JPN_PTJ_B1_1_025,JPN,in a lot of cases,". Second ,",part time job is one,220,0.066,0.642,top
W_JPN_PTJ_A2_0_009,JPN,prepare for working in society,". Second ,",If they work in various,220,0.066,0.642,top
W_JPN_SMK_A2_0_082,JPN,heavy smokers killed by it,". Second ,",if smokers sit in the,220,0.066,0.642,top
W_JPN_PTJ_B1_1_161,JPN,do a part time job,". Second ,",in Japan it is said,220,0.066,0.642,top
W_JPN_PTJ_A2_0_082,JPN,is required anywhere in society,". Second ,",they should learn how difficult,220,0.066,0.642,top
W_JPN_PTJ_B1_1_001,JPN,I was high school student,". Second ,",it is a chance we,220,0.066,0.642,top
W_JPN_SMK_A2_0_081,JPN,smoke when they are eating,". Second ,",smoke is too bad for,220,0.066,0.642,top
W_JPN_PTJ_B1_2_34,JPN,experience before we join society,". Second ,",we can get money for,220,0.066,0.642,top
W_ENS_SMK_XX2_36,ENS,Others have a similar reaction,". Second ,",cigarettes are a clear fire,220,0.066,0.642,top
W_JPN_PTJ_A2_0_008,JPN,. Study is not limited,". Second ,",I think that college student,220,0.066,0.642,top
W_JPN_PTJ_B1_1_064,JPN,of the ways for independence,". Second ,",part time jobs are useful,220,0.066,0.642,top
W_JPN_PTJ_B1_1_129,JPN,with a friend of mine,". Second ,",you can make new human,220,0.066,0.642,top
W_JPN_SMK_A2_0_016,JPN,not smoke in the restaurant,". Second ,",smoking is bad for health,220,0.066,0.642,top
W_JPN_PTJ_A2_0_100,JPN,ca n't live without works,". Second ,",they are taught importance of,220,0.066,0.642,top
W_JPN_SMK_A2_0_015,JPN,the happy feeling is over,". Second ,",the smoke is very bad,220,0.066,0.642,top
W_JPN_PTJ_B1_1_096,JPN,with their friends every day,". Second ,",a part time job brings,220,0.066,0.642,top
W_JPN_PTJ_B1_1_018,JPN,decide their ways after graduate,". Second ,",they can find that earning,220,0.066,0.642,top
W_JPN_PTJ_B1_2_13,JPN,for students of a university,". Second ,",we can meet a lot,220,0.066,0.642,top
W_JPN_PTJ_A2_0_015,JPN,can discover your new sides,". Second ,",we can enter new community,220,0.066,0.642,top
W_JPN_PTJ_A2_0_110,JPN,it precious only own experience,". Second ,",I think we should do,220,0.066,0.642,top
W_JPN_SMK_A2_0_035,JPN,"be decreasing , I think",". Second ,",some of the nonsmoker spaces,220,0.066,0.642,top
W_JPN_SMK_A2_0_154,JPN,smell of a cigarette smoke,". Second ,",the reason why we go,220,0.066,0.642,top
W_JPN_SMK_B1_1_010,JPN,to enjoy having the dinner,". Second ,",smoking made the restaurants dirty,220,0.066,0.642,top
W_JPN_PTJ_B1_1_154,JPN,they need money every time,". Second ,",college students have a lot,220,0.066,0.642,top
W_JPN_PTJ_B1_1_110,JPN,may make mistakes from it,". Second ,",they can get some skills,220,0.066,0.642,top
W_JPN_PTJ_A2_0_129,JPN,money ourselves to do them,". Second ,",it is very valuable experience,220,0.066,0.642,top
W_JPN_SMK_B1_1_021,JPN,"place , but public place",". Second ,","today , a lot of",220,0.066,0.642,top
W_JPN_PTJ_B1_1_115,JPN,be useful in the future,". Second ,",they clearly learn the importance,220,0.066,0.642,top
W_JPN_PTJ_B1_1_030,JPN,for us in the future,". Second ,",we students often eat lunch,220,0.066,0.642,top
W_JPN_PTJ_B1_1_041,JPN,you go into the society,". Second ,",you can get money .,220,0.066,0.642,top
W_JPN_SMK_A2_0_128,JPN,do n't want to smoke,". Second ,",to make smoking lounge needs,220,0.066,0.642,top
W_ENS_PTJ_XX2_23,ENS,and grades stand to suffer,". Second ,",much part - time work,220,0.066,0.642,top
W_JPN_SMK_B1_2_31,JPN,of their places to rest,". Second ,",I think we do n't,220,0.066,0.642,top
W_JPN_SMK_B1_1_025,JPN,not have to ban smoking,". Second ,",I think Japanese government will,220,0.066,0.642,top
W_JPN_PTJ_B1_1_173,JPN,skills use our whole life,". Second ,",if college students work part,220,0.066,0.642,top
W_JPN_PTJ_A2_0_078,JPN,acquire the sense of money,". Second ,",they will make many friends,220,0.066,0.642,top
W_JPN_PTJ_A2_0_145,JPN,job to wish your hope,". Second ,",part time job is useful,220,0.066,0.642,top
W_JPN_PTJ_A2_0_030,JPN,you can learn various things,". Second ,",more and more you raise,220,0.066,0.642,top
W_JPN_PTJ_B1_1_076,JPN,money to use their selves,". Second ,",they can search their lifework,220,0.066,0.642,top
W_JPN_PTJ_B1_2_28,JPN,and buy what I want,". Second ,",we will get precious experience,220,0.066,0.642,top
W_JPN_SMK_B1_2_20,JPN,major cause of lung cancer,". Second ,",smokers sometimes do non smokers,220,0.066,0.642,top
W_JPN_PTJ_B1_1_150,JPN,have a part time job,". Second ,",college students should experience many,220,0.066,0.642,top
W_JPN_PTJ_B1_1_160,JPN,higher money than the former,". Second ,",I think that main purpose,220,0.066,0.642,top
W_JPN_PTJ_B1_1_075,JPN,having a part time job,". Second ,",they can get to know,220,0.066,0.642,top
W_JPN_PTJ_A2_0_113,JPN,like to waste their money,". Second ,",college students who have a,220,0.066,0.642,top
W_JPN_PTJ_A2_0_037,JPN,have a part time job,". Second ,",to have a part time,220,0.066,0.642,top
W_JPN_PTJ_A2_0_117,JPN,help them whatever you do,". Second ,",a part time job gives,220,0.066,0.642,top
W_JPN_PTJ_A2_0_073,JPN,to live with only study,". Second ,",I think they should relate,220,0.066,0.642,top
W_JPN_PTJ_A2_0_088,JPN,and learn importance of money,". Second ,",we do n't know about,220,0.066,0.642,top
W_JPN_PTJ_A2_0_031,JPN,to be busy for working,". Second ,",college students do n't need,220,0.066,0.642,top
W_ENS_PTJ_XX3_23,ENS,a thoughtful and positive manner,". Second ,",if students are hired they,220,0.066,0.642,top
W_JPN_PTJ_B1_1_085,JPN,should have experiences of working,". Second ,",there are those who start,220,0.066,0.642,top
W_JPN_SMK_A2_0_044,JPN,is not able to forgive,". Second ,",though the restaurants have smoking,220,0.066,0.642,top
W_JPN_PTJ_B1_1_151,JPN,to deal with the problem,". Second ,",so college students are almost,220,0.066,0.642,top
W_JPN_SMK_A2_0_030,JPN,stop smoking above all restaurant,". Second ,","when I have meal ,",220,0.066,0.642,top
W_JPN_PTJ_B1_2_45,JPN,work and get some money,". Second ,",merits of part time jobs,220,0.066,0.642,top
W_JPN_SMK_A2_0_043,JPN,finally overcame his smoking habit,". Second ,","in the first place ,",220,0.066,0.642,top
W_JPN_PTJ_A2_0_001,JPN,buy a lot of books,". Second ,",they need to make many,220,0.066,0.642,top
W_JPN_PTJ_B1_1_031,JPN,communicate with people after graduation,". Second ,","we , students join club",220,0.066,0.642,top
W_JPN_SMK_A2_0_009,JPN,people who do n't smoke,". Second ,",I think the most serious,220,0.066,0.642,top
W_JPN_SMK_A2_0_147,JPN,like smoking get big inpatient,". Second ,",cigarette butts make city very,220,0.066,0.642,top
W_JPN_SMK_B1_1_044,JPN,is not good at all,". Second ,",smoke has very bad smell,220,0.066,0.642,top
W_JPN_SMK_A2_0_025,JPN,how much delicious those are,". Second ,",the top of tobacco with,220,0.066,0.642,top
W_JPN_PTJ_B1_1_071,JPN,to depend on their parents,". Second ,",their workplace is little society,220,0.066,0.642,top
W_JPN_SMK_B1_1_037,JPN,to succeed in no smoking,". Second ,",there are many smokers in,220,0.066,0.642,top
W_JPN_SMK_A2_0_078,JPN,have a meal without smoking,". Second ,",it is very important reason,220,0.066,0.642,top
W_JPN_PTJ_A2_0_142,JPN,the experiences is very important,". Second ,",we can really learn the,220,0.066,0.642,top
W_JPN_SMK_B1_1_087,JPN,get cancer as I said,". Second ,",throwing tobacco away . Nowadays,220,0.066,0.642,top
W_JPN_SMK_B1_2_39,JPN,are also affected by it,". Second ,",many people dislike the smell,220,0.066,0.642,top
W_JPN_PTJ_B1_1_036,JPN,part time job to earn,". Second ,",when we 'll have a,220,0.066,0.642,top
W_JPN_PTJ_B1_1_099,JPN,is a very valuable experience,". Second ,",they know the importance of,220,0.066,0.642,top
W_JPN_SMK_B1_1_042,JPN,public place like the restaurants,". Second ,",a smoke of cigarettes affects,220,0.066,0.642,top
W_JPN_PTJ_A2_0_099,JPN,can learn those important things,". Second ,",I think it is miserable,220,0.066,0.642,top
W_JPN_PTJ_B1_1_012,JPN,own money long and safety,". Second ,",we can meet a lot,220,0.066,0.642,top
W_JPN_SMK_B1_1_062,JPN,sometimes die of lung cancer,". Second ,",smoking does harm not only,220,0.066,0.642,top
W_JPN_PTJ_A2_0_064,JPN,"nice food , and travel",". Second ,",we can have important experience,220,0.066,0.642,top
W_JPN_PTJ_A2_0_060,JPN,I think it is sad,". Second ,",doing part time job is,220,0.066,0.642,top
W_JPN_SMK_B1_1_173,JPN,not deal with this opinion,". Second ,",I think that the proceeds,220,0.066,0.642,top
W_JPN_SMK_A2_0_061,JPN,restaurant non smoker think unpleasant,". Second ,",smoking disturb that we enjoy,220,0.066,0.642,top
W_JPN_SMK_B2_0_03,JPN,both physical and mental way,". Second ,",smoking does harm to the,220,0.066,0.642,top
W_JPN_PTJ_B1_1_016,JPN,is difficult to accustom working,". Second ,",I think it is important,220,0.066,0.642,top
W_JPN_PTJ_A2_0_011,JPN,us to respect our parents,". Second ,",we can get new skills,220,0.066,0.642,top
W_JPN_PTJ_A2_0_116,JPN,very big in the future,". Second ,",we learn to know difficulty,220,0.066,0.642,top
W_JPN_PTJ_A2_0_118,JPN,very important for college students,". Second ,",I think that college students,220,0.066,0.642,top
W_JPN_SMK_A2_0_143,JPN,passive smoke than general smokers,". Second ,",seats decrease . It is,220,0.066,0.642,top
W_JPN_PTJ_B1_1_100,JPN,of reciving money in future,". Second ,",although it is my individual,220,0.066,0.642,top
W_JPN_SMK_B1_1_070,JPN,a meal with good mood,". Second ,",smoking is very bad for,220,0.066,0.642,top
W_JPN_PTJ_B1_1_065,JPN,have a part time job,". Second ,",we can have a lot,220,0.066,0.642,top
W_JPN_PTJ_B1_1_086,JPN,which they can use freely,". Second ,",in cases of students who,220,0.066,0.642,top
W_JPN_PTJ_A2_0_067,JPN,learn the importance of money,". Second ,",we can contact with many,220,0.066,0.642,top
W_JPN_SMK_A2_0_088,JPN,enjoy our dishes very much,". Second ,",my father can smoke only,220,0.066,0.642,top
W_JPN_SMK_B1_1_018,JPN,non smokers suffer such damage,". Second ,",many non smokers do n't,220,0.066,0.642,top
W_JPN_SMK_A2_0_063,JPN,"I think so , too",". Second ,",Smoking is very smoky and,220,0.066,0.642,top
W_JPN_SMK_B1_1_139,JPN,and treatment is very difficult,". Second ,","at the restaurant , many",220,0.066,0.642,top
W_JPN_PTJ_A2_0_123,JPN,started a part time job,". Second ,",I made friends for a,220,0.066,0.642,top
W_JPN_PTJ_B1_1_103,JPN,similar thing after 4 years,". Second ,",we can reduce a financial,220,0.066,0.642,top
W_JPN_PTJ_B1_1_069,JPN,started a part time job,". Second ,",though this may be big,220,0.066,0.642,top
W_JPN_PTJ_A2_0_133,JPN,independent from our parents someday,". Second ,",to have various social experiences,220,0.066,0.642,top
W_JPN_PTJ_B2_0_09,JPN,their children to go there,". Second ,",doing a part time job,220,0.066,0.642,top
W_JPN_SMK_A2_0_069,JPN,breath in the cigarette smoke,". Second ,",habitual smoking needs a lot,220,0.066,0.642,top
W_JPN_PTJ_B1_2_17,JPN,That 's a first reason,". Second ,",it 's good for us,220,0.066,0.642,top
W_JPN_PTJ_B1_1_134,JPN,have a part time job,". Second ,",we can obtain a lot,220,0.066,0.642,top
W_JPN_SMK_B1_2_11,JPN,"pregnant , old and young",". Second ,",people in the restaurant ca,220,0.066,0.642,top
W_JPN_SMK_A2_0_008,JPN,Business at restaurant will decrease,". Second ,",smoking is not always bringing,220,0.066,0.642,top
W_JPN_SMK_A2_0_031,JPN,n't have even one thing,". Second ,",smoke makes people feel bad,220,0.066,0.642,top
W_JPN_PTJ_B1_1_163,JPN,who live longer than them,". Second ,",they learn the importance of,220,0.066,0.642,top
W_JPN_PTJ_A2_0_130,JPN,experience as soon as possible,". Second ,",probably most college students had,220,0.066,0.642,top
W_JPN_PTJ_A2_0_045,JPN,college students to live alone,". Second ,",I can experience the real,220,0.066,0.642,top
W_JPN_PTJ_B1_1_070,JPN,. This is very important,". Second ,",doing part time job has,220,0.066,0.642,top
W_JPN_PTJ_A2_0_105,JPN,"friends , money is necessary",". Second ,",it is true that college,220,0.066,0.642,top
W_JPN_PTJ_B1_1_091,JPN,to experience part time jobs,". Second ,","of course , we want",220,0.066,0.642,top
W_ENS_PTJ_XX1_086,ENS,studies could be very rewarding,". Second ,",many students are unsure and,220,0.066,0.642,top
W_JPN_SMK_B1_2_10,JPN,only a bit will work,". Second ,",take more tax to the,220,0.066,0.642,top
W_JPN_PTJ_B1_1_152,JPN,importance and responsibility of working,". Second ,",college students need a lot,220,0.066,0.642,top
W_JPN_SMK_B1_1_106,JPN,near smoker rather than smoker,". Second ,",restaurant is place we eat,220,0.066,0.642,top
W_JPN_PTJ_B1_1_049,JPN,myself will be very high,". Second ,",we have to reduce my,220,0.066,0.642,top
W_JPN_PTJ_B1_1_084,JPN,through a part time job,". Second ,",experience of a part time,220,0.066,0.642,top
W_JPN_PTJ_A2_0_086,JPN,for us to get money,". Second ,",we need to learn what,220,0.066,0.642,top
W_JPN_SMK_A2_0_049,JPN,n't need to be banned,". Second ,","if smoking is prohibited ,",220,0.066,0.642,top
W_ENS_SMK_XX1_097,ENS,also lose business from tourists,". Second ,",business tax revenue for the,220,0.066,0.642,top
W_JPN_SMK_A2_0_145,JPN,so good to the public,". Second ,",it has bad smell .,220,0.066,0.642,top
W_JPN_PTJ_A2_0_012,JPN,some social manners by it,". Second ,",they can learn the ability,220,0.066,0.642,top
W_JPN_SMK_B2_0_05,JPN,seems to have been succeeded,". Second ,",if smoking were banned completely,220,0.066,0.642,top
W_JPN_PTJ_A2_0_153,JPN,that college students can independent,". Second ,",a part time job makes,220,0.066,0.642,top
W_JPN_SMK_B1_1_041,JPN,to stop smoking during meals,". Second ,",many people have dishes in,220,0.066,0.642,top
W_JPN_SMK_B1_1_063,JPN,"smell , and its state",". Second ,",perhaps this may be a,220,0.066,0.642,top
W_JPN_PTJ_B1_1_037,JPN,people by part time job,". Second ,",we can learn a responsibility,220,0.066,0.642,top
W_JPN_SMK_A2_0_067,JPN,are no way without banning,". Second ,",lung cancer is very terrible,220,0.066,0.642,top
W_JPN_SMK_A2_0_073,JPN,to have a good time,". Second ,",I think cigarettes can make,220,0.066,0.642,top
W_JPN_SMK_B1_2_45,JPN,effects on people around you,". Second ,",we can enjoy eating more,220,0.066,0.642,top
W_JPN_PTJ_B1_1_044,JPN,live without effort and difficult,". Second ,",we can earn . It,220,0.066,0.642,top
W_JPN_PTJ_B2_0_05,JPN,really a lot of thing,". Second ,",most university students do n't,220,0.066,0.642,top
W_JPN_PTJ_B1_1_148,JPN,much more circumstance around them,". Second ,",some college students live alone,220,0.066,0.642,top
W_JPN_PTJ_B1_2_27,JPN,order to experience many things,". Second ,",college students get money by,220,0.066,0.642,top
W_JPN_SMK_B1_1_047,JPN,all the customer 's demands,". Second ,",smoking people have the right,220,0.066,0.642,top
W_JPN_PTJ_B1_1_097,JPN,time job to get money,". Second ,",we can learn a lot,220,0.066,0.642,top
W_JPN_SMK_B1_1_012,JPN,is bad for our health,". Second ,",delicious foods are spilled by,220,0.066,0.642,top
W_JPN_SMK_A2_0_139,JPN,stopped smoking even a little,". Second ,",it is too bad for,220,0.066,0.642,top
W_JPN_PTJ_A2_0_033,JPN,it will be useful thing,". Second ,",the experience get money from,220,0.066,0.642,top
W_JPN_SMK_A2_0_048,JPN,the baby get same risk,". Second ,",smoking also does harm to,220,0.066,0.642,top
W_JPN_PTJ_B1_1_128,JPN,start to work in society,". Second ,",we can make a lot,220,0.066,0.642,top
W_JPN_SMK_A2_0_117,JPN,that cigarette may kill you,". Second ,",smoking makes not only you,220,0.066,0.642,top
W_JPN_SMK_B1_1_099,JPN,both smokers and non smokers,". Second ,",as there are stormy discussions,220,0.066,0.642,top
W_JPN_SMK_B1_1_069,JPN,think smoker trouble non smoker,". Second ,",there are people who do,220,0.066,0.642,top
W_JPN_PTJ_B1_1_002,JPN,the importance of earning money,". Second ,",they can meet a lot,220,0.066,0.642,top
W_JPN_SMK_B1_1_064,JPN,the restaurants in the country,". Second ,",smoking could ruin smokers ',220,0.066,0.642,top
W_JPN_SMK_A2_0_002,JPN,Our purpose is not smoking,". Second ,",I 'd like to say,220,0.066,0.642,top
W_JPN_PTJ_B1_1_055,JPN,should earn money by themselves,". Second ,",it is important for them,220,0.066,0.642,top
W_ENS_SMK_XX1_086,ENS,they are trying to eat,". Second ,",servers could enjoy working without,220,0.066,0.642,top
W_JPN_PTJ_B1_2_32,JPN,but also paying tuition fee,". Second ,",when we become college students,220,0.066,0.642,top
W_JPN_PTJ_B1_1_047,JPN,part time job is necessary,". Second ,",they can know an importance,220,0.066,0.642,top
W_JPN_SMK_B1_1_167,JPN,other rooms for none smokers,". Second ,",if we ban smoking at,220,0.066,0.642,top
W_JPN_PTJ_A2_0_150,JPN,These skills are very important,". Second ,",to have a part time,220,0.066,0.642,top
W_JPN_PTJ_A2_0_014,JPN,become burden of my parents,". Second ,",they should know the importance,220,0.066,0.642,top
W_JPN_PTJ_B1_1_178,JPN,my parents to help me,". Second ,",part time job is good,220,0.066,0.642,top
W_JPN_PTJ_B1_2_10,JPN,can learn using computer skill,". Second ,",part time job also gives,220,0.066,0.642,top
W_JPN_SMK_B1_1_083,JPN,a large part of citizens,". Second ,",we can choose which restaurant,220,0.066,0.642,top
W_JPN_SMK_B1_1_071,JPN,so on in the restaurants,". Second ,",there are possibilities to occur,220,0.066,0.642,top
W_JPN_PTJ_B1_2_31,JPN,a practice of real work,". Second ,",we must be independent from,220,0.066,0.642,top
W_JPN_PTJ_B1_1_054,JPN,are useful after I graduate,". Second ,",they pay a lot of,220,0.066,0.642,top
W_ENS_PTJ_XX1_097,ENS,attending classes or study groups,". Second ,","in extreme cases , when",220,0.066,0.642,top
W_JPN_PTJ_B1_2_37,JPN,must make money by themselves,". Second ,",they must learn how hard,220,0.066,0.642,top
W_JPN_PTJ_A2_0_144,JPN,on with my own money,". Second ,",I will be able to,220,0.066,0.642,top
W_JPN_PTJ_B1_1_032,JPN,like me is being everywhere,". Second ,",if they have enough of,220,0.066,0.642,top
W_JPN_SMK_B1_2_37,JPN,to smoke in the restaurants,". Second ,",these days smorking areas have,220,0.066,0.642,top
W_JPN_PTJ_B1_2_20,JPN,have a part time job,". Second ,",it can be useful to,220,0.066,0.642,top
W_JPN_PTJ_B1_1_039,JPN,parents for bringing up us,". Second ,",college students can establish human,220,0.066,0.642,top
W_JPN_PTJ_B1_1_063,JPN,could take a rest perhaps,". Second ,",it is also difficult to,220,0.066,0.642,top
W_JPN_SMK_B1_2_11,JPN,to enjoy should be protected,". Third ,",smoking itself is not bad,96,0.066,0.642,top
W_JPN_PTJ_B1_1_140,JPN,study the value of money,". Third ,",I can make many friends,96,0.066,0.642,top
W_JPN_SMK_A2_0_048,JPN,of tobacco in the restaurants,". Third ,",smoking during the meal is,96,0.066,0.642,top
W_JPN_PTJ_B1_1_037,JPN,a responsibility when we work,". Third ,",we can get money by,96,0.066,0.642,top
W_JPN_PTJ_A2_0_009,JPN,students should experience various situations,". Third ,",college students need a lot,96,0.066,0.642,top
W_JPN_PTJ_B1_1_002,JPN,at a place you work,". Third ,",if you experience many kind,96,0.066,0.642,top
W_JPN_PTJ_A2_0_150,JPN,how hard to earn money,". Third ,",they can predict the roughly,96,0.066,0.642,top
W_JPN_SMK_A2_0_008,JPN,smoke to avoid others smoking,". Third ,",I think there is no,96,0.066,0.642,top
W_JPN_PTJ_B1_1_049,JPN,if they are little money,". Third ,",I think that it is,96,0.066,0.642,top
W_JPN_PTJ_B1_1_150,JPN,of earning money for themselves,". Third ,",college students will come to,96,0.066,0.642,top
W_JPN_PTJ_A2_0_011,JPN,be useful in the future,". Third ,",we get the opportunity to,96,0.066,0.642,top
W_JPN_SMK_A2_0_117,JPN,all restaurants forbid to smoke,". Third ,",cigarette smoke pollutes the environment,96,0.066,0.642,top
W_JPN_PTJ_A2_0_116,JPN,link with familiy 's happiness,". Third ,",we learn to stand on,96,0.066,0.642,top
W_JPN_PTJ_B1_2_28,JPN,make a living by ourselves,". Third ,",we can make friends with,96,0.066,0.642,top
W_JPN_PTJ_B1_1_054,JPN,and I should do so,". Third ,",college students have a lot,96,0.066,0.642,top
W_JPN_SMK_B1_1_041,JPN,responsibilities by smoking in public,". Third ,",smoking prevents you from tasting,96,0.066,0.642,top
W_JPN_SMK_A2_0_143,JPN,we should remove smoking seats,". Third ,",I do n't like cigarette,96,0.066,0.642,top
W_JPN_SMK_B1_1_071,JPN,get burned by their tobacco,". Third ,",because there are people who,96,0.066,0.642,top
W_JPN_SMK_B1_1_147,JPN,", for example in store",". Third ,",there are a lot of,96,0.066,0.642,top
W_JPN_SMK_A2_0_016,JPN,wish you stop to smoke,". Third ,",in the place where many,96,0.066,0.642,top
W_JPN_PTJ_A2_0_045,JPN,", you 'll not suffer",". Third ,",I can often experience connections,96,0.066,0.642,top
W_JPN_SMK_A2_0_045,JPN,have heard easy cancer treatment,". Third ,",smokers and around people breathe,96,0.066,0.642,top
W_JPN_PTJ_B1_2_20,JPN,of a part time job,". Third ,","as I work , I",96,0.066,0.642,top
W_JPN_PTJ_B1_1_085,JPN,They should work for society,". Third ,","in Japan , oho do",96,0.066,0.642,top
W_JPN_PTJ_B1_2_19,JPN,was when I buy something,". Third ,",I think this is really,96,0.066,0.642,top
W_JPN_SMK_A2_0_082,JPN,are not developed in particular,". Third ,",some people say that smoking,96,0.066,0.642,top
W_JPN_SMK_B1_1_087,JPN,town bad and lead fire,". Third ,",walking with smoking . Smoker,96,0.066,0.642,top
W_JPN_PTJ_B1_1_047,JPN,they have done for us,". Third ,","working is hard , but",96,0.066,0.642,top
W_JPN_PTJ_B1_1_062,JPN,for a full time job,". Third ,",we university students must independent,96,0.066,0.642,top
W_JPN_PTJ_B1_2_37,JPN,and how important money is,". Third ,",if they have part time,96,0.066,0.642,top
W_JPN_SMK_B1_1_012,JPN,and comfortable atmosphere is broken,". Third ,",recently we tend to ban,96,0.066,0.642,top
W_ENS_SMK_XX1_097,ENS,restaurateurs to remain in business,". Third ,",the casualty insurance industry would,96,0.066,0.642,top
W_JPN_PTJ_B1_1_018,JPN,they may thank their parents,". Third ,",they can make new relationships,96,0.066,0.642,top
W_JPN_PTJ_B1_1_009,JPN,they should thank their parents,". Third ,",I think that college students,96,0.066,0.642,top
W_JPN_SMK_B1_1_069,JPN,who are made feeling bad,". Third ,",I think the quantity that,96,0.066,0.642,top
W_JPN_SMK_A2_0_061,JPN,in earnest to please guest,". Third ,",every restaurants have original mood,96,0.066,0.642,top
W_JPN_PTJ_B1_2_39,JPN,in the future very well,". Third ,",we can make friends with,96,0.066,0.642,top
W_JPN_PTJ_A2_0_030,JPN,good at talking to someone,". Third ,",you will be able to,96,0.066,0.642,top
W_JPN_PTJ_B1_1_096,JPN,working as part time worker,". Third ,",a part time job is,96,0.066,0.642,top
W_JPN_PTJ_A2_0_012,JPN,ability of communication through it,". Third ,",they can understand how hard,96,0.066,0.642,top
W_JPN_SMK_B1_1_106,JPN,smoker and make bad feeling,". Third ,",if we make smoking space,96,0.066,0.642,top
W_ENS_SMK_XX1_086,ENS,trying to make a living,". Third ,",restaurateurs could enjoy lower insurance,96,0.066,0.642,top
W_JPN_SMK_A2_0_044,JPN,why the restaurants permit it,". Third ,",smoking at the table is,96,0.066,0.642,top
W_JPN_PTJ_B1_1_004,JPN,happy lives for college students,". Third ,",I think students have to,96,0.066,0.642,top
W_JPN_PTJ_B1_1_075,JPN,And they can deposit money,". Third ,",they can get many opportunities,96,0.066,0.642,top
W_JPN_SMK_B1_1_154,JPN,smoking people in the it,". Third ,",the restaurant in which anybody,96,0.066,0.642,top
W_JPN_PTJ_B2_0_09,JPN,realize the importance of money,". Third ,",the most important reason I,96,0.066,0.642,top
W_JPN_PTJ_A2_0_147,JPN,after I graduate this college,". Third ,",we can get skills .,96,0.066,0.642,top
W_JPN_SMK_A2_0_031,JPN,they should ban smoking completely,". Third ,","if restaurants ban smoking ,",96,0.066,0.642,top
W_JPN_PTJ_B1_1_086,JPN,ask their parents for money,". Third ,",social experience is important for,96,0.066,0.642,top
W_JPN_PTJ_B1_1_036,JPN,have a sense of responsibility,". Third ,",we can have good relationship,96,0.066,0.642,top
W_JPN_PTJ_A2_0_067,JPN,to communicate with other people,". Third ,",we can help our family,96,0.066,0.642,top
W_JPN_PTJ_A2_0_129,JPN,choose it in the future,". Third ,",we can practice how to,96,0.066,0.642,top
W_JPN_SMK_A2_0_025,JPN,it is not diminished properly,". Third ,","anyway , smoking is very",96,0.066,0.642,top
W_JPN_PTJ_B1_1_132,JPN,when we get a job,". Third ,",we can get on good,96,0.066,0.642,top
W_JPN_PTJ_A2_0_118,JPN,themselves as much as possible,". Third ,",they can learn importance of,96,0.066,0.642,top
W_ENS_PTJ_XX2_23,ENS,could imperil their academic standing,". Third ,",students who choose to work,96,0.066,0.642,top
W_JPN_PTJ_A2_0_144,JPN,have a part time job,". Third ,",I will be able to,96,0.066,0.642,top
W_JPN_SMK_B1_1_099,JPN,coming from the aging society,". Third ,",smokers have the right to,96,0.066,0.642,top
W_JPN_SMK_B1_1_167,JPN,is not good for restaurants,". Third ,",why we should ban smoking,96,0.066,0.642,top
W_JPN_SMK_A2_0_002,JPN,a restaurant to enjoy dishes,". Third ,",smoke is not good for,96,0.066,0.642,top
W_JPN_PTJ_A2_0_117,JPN,broaden our view of life,". Third ,",a part time job gives,96,0.066,0.642,top
W_JPN_SMK_B1_1_047,JPN,more should not do so,". Third ,",I think there is a,96,0.066,0.642,top
W_JPN_SMK_A2_0_069,JPN,smoking is to family advantage,". Third ,","heavy smokers , the people",96,0.066,0.642,top
W_JPN_PTJ_B2_0_18,JPN,vicious circle in their lifestyle,". Third ,",there 's a possibility of,96,0.066,0.642,top
W_JPN_PTJ_B1_1_081,JPN,", we belong to school",". Third ,",we belong to society .,96,0.066,0.642,top
W_JPN_PTJ_A2_0_017,JPN,as much money as possible,". Third ,",we can make friends .,96,0.066,0.642,top
W_JPN_PTJ_B1_1_128,JPN,come in contact with people,". Third ,",college students have a lot,96,0.066,0.642,top
W_JPN_PTJ_B1_1_025,JPN,before they get a job,". Third ,",college students are independent from,96,0.066,0.642,top
W_JPN_PTJ_A2_0_142,JPN,begin to thank our parents,". Third ,",college students have many free,96,0.066,0.642,top
W_JPN_PTJ_B1_2_26,JPN,to our independence from parents,". Third ,",in fact I often hear,96,0.066,0.642,top
W_JPN_SMK_B1_2_20,JPN,"smokers , especially pregnant women",". Third ,","once people begin smoking ,",96,0.066,0.642,top
W_JPN_PTJ_A2_0_008,JPN,college student should not work,". Third ,",working is very hard and,96,0.066,0.642,top
W_JPN_PTJ_B1_1_116,JPN,to go into the society,". Third ,",we can earn money on,96,0.066,0.642,top
W_JPN_PTJ_B1_2_48,JPN,", and smoothly receive it",". Third ,",they will have many skills,96,0.066,0.642,top
W_ENS_SMK_XX3_29,ENS,be exposed to harmful fumes,". Third ,",cigarette smoke smells terrible and,96,0.066,0.642,top
W_JPN_SMK_A2_0_124,JPN,higher than people who smoke,". Third ,",there are people who simply,96,0.066,0.642,top
W_JPN_PTJ_A2_0_025,JPN,job in the near future,". Third ,",when they accomplish some jobs,96,0.066,0.642,top
W_JPN_SMK_A2_0_154,JPN,us from enjoying the meal,". Third ,",the smoke and the bad,96,0.066,0.642,top
W_JPN_PTJ_B1_1_041,JPN,come to stop wasting money,". Third ,",you can be conscious of,96,0.066,0.642,top
W_JPN_SMK_A2_0_019,JPN,when they do n't smoke,". Third ,",the financial problem is .,96,0.066,0.642,top
W_JPN_PTJ_B1_1_012,JPN,our knowledge for our lives,". Third ,",we can experience so many,96,0.066,0.642,top
W_JPN_PTJ_B1_2_34,JPN,and enjoying a college life,". Third ,",we ca n't have such,96,0.066,0.642,top
W_JPN_SMK_B1_2_37,JPN,smoke in the smoking area,". Third ,",smoking is a kind of,96,0.066,0.642,top
W_JPN_SMK_A2_0_030,JPN,n't taste good the meal,". Third ,",others may worry in the,96,0.066,0.642,top
W_JPN_PTJ_B1_1_059,JPN,can expand other human relationship,". Third ,",we can learn importance of,96,0.066,0.642,top
W_JPN_PTJ_B1_2_10,JPN,", it works very well",". Third ,",most student do part time,96,0.066,0.642,top
W_ENS_PTJ_XX1_086,ENS,options for a brighter future,". Third ,",an appropriate part time job,96,0.066,0.642,top
W_JPN_PTJ_A2_0_100,JPN,", shopping and their hobby",". Third ,",their experiences will be useful,96,0.066,0.642,top
W_JPN_PTJ_B1_1_069,JPN,can get over small problems,". Third ,",we can make new human,96,0.066,0.642,top
W_JPN_PTJ_B1_1_031,JPN,if we play with friends,". Third ,",I would like to learn,96,0.066,0.642,top
W_JPN_SMK_B1_1_016,JPN,they are eating with children,". Third ,",restaurants are not a place,96,0.066,0.642,top
W_JPN_PTJ_B1_1_154,JPN,not spoil the free time,". Third ,",part time job is studying,96,0.066,0.642,top
W_JPN_PTJ_A2_0_033,JPN,is turned into our confidence,". Third ,",many University student want more,96,0.066,0.642,top
W_JPN_PTJ_B1_1_091,JPN,have a part time job,". Third ,",we college students should have,96,0.066,0.642,top
W_JPN_PTJ_B1_1_083,JPN,be an assistant of cook,". Third ,",working enable us to feel,96,0.066,0.642,top
W_JPN_PTJ_A2_0_104,JPN,"people , and so on",". Secondly ,",we students needs much money,91,0.066,0.642,top
W_JPN_SMK_B1_1_159,JPN,them lungs slowly by knife,". Secondly ,",restaurant is place where many,91,0.066,0.642,top
W_JPN_SMK_A2_0_059,JPN,"taxis , trains and planes",". Secondly ,",we have to be aware,91,0.066,0.642,top
W_JPN_SMK_A2_0_077,JPN,consider the worker 's health,". Secondly ,",smoking makes the taste of,91,0.066,0.642,top
W_JPN_PTJ_B1_1_043,JPN,they would continue their jobs,". Secondly ,",the part time jobs give,91,0.066,0.642,top
W_JPN_SMK_A2_0_083,JPN,are the people who smoke,". Secondly ,",the people in the restaurant,91,0.066,0.642,top
W_JPN_SMK_B1_1_126,JPN,. It is beyond reason,". Secondly ,",children and elderly peop le,91,0.066,0.642,top
W_ENS_SMK_XX2_22,ENS,illogical and self - defeating,". Secondly ,",regarding the health of restaurant,91,0.066,0.642,top
W_JPN_SMK_B2_0_11,JPN,smoking area or their home,". Secondly ,",smoking affects not only smokers,91,0.066,0.642,top
W_JPN_PTJ_B1_1_153,JPN,how to communicate with people,". Secondly ,",we will be able to,91,0.066,0.642,top
W_ENS_SMK_XX1_093,ENS,set up their own business,". Secondly ,",there are thousands of restaurants,91,0.066,0.642,top
W_JPN_SMK_B1_1_079,JPN,smokers bother many non smokers,". Secondly ,",the smell of tobacco is,91,0.066,0.642,top
W_ENS_PTJ_XX1_083,ENS,out early in their career,". Secondly ,",if students work while in,91,0.066,0.642,top
W_JPN_PTJ_B1_1_051,JPN,preparation for going into workforce,". Secondly ,",it is also true that,91,0.066,0.642,top
W_JPN_SMK_B1_2_36,JPN,not ban smoking at restaurant,". Secondly ,",I will explain that smoking,91,0.066,0.642,top
W_JPN_PTJ_A2_0_131,JPN,and we may not study,". Secondly ,",we have to select a,91,0.066,0.642,top
W_JPN_PTJ_B1_1_145,JPN,very useful in the society,". Secondly ,",I think that to earn,91,0.066,0.642,top
W_JPN_SMK_B1_1_053,JPN,of tobacco causes lung cancer,". Secondly ,",this is because most of,91,0.066,0.642,top
W_JPN_PTJ_B1_1_057,JPN,do n't know by seniors,". Secondly ,",students can know the preciousness,91,0.066,0.642,top
W_JPN_PTJ_B1_2_36,JPN,they might quit their jobs,". Secondly ,",I will explain why money,91,0.066,0.642,top
W_JPN_PTJ_B1_1_010,JPN,It is good for me,". Secondly ,",collage students can communicate with,91,0.066,0.642,top
W_JPN_PTJ_A2_0_036,JPN,by myself was very valuable,". Secondly ,",to have a part time,91,0.066,0.642,top
W_ENS_PTJ_XX1_087,ENS,difficulties on their first job,". Secondly ,",working part time may lead,91,0.066,0.642,top
W_ENS_SMK_XX2_28,ENS,concert halls or train stations,". Secondly ,",many restaurants are already catering,91,0.066,0.642,top
W_JPN_PTJ_A2_0_059,JPN,will and responsibility to continue,". Secondly ,",I think the period of,91,0.066,0.642,top
W_ENS_PTJ_XX2_17,ENS,efficacy of his college experience,". Secondly ,",College is an important time,91,0.066,0.642,top
W_JPN_PTJ_B1_1_019,JPN,time job is very important,". Secondly ,",today 's economy has been,91,0.066,0.642,top
W_JPN_SMK_B1_1_051,JPN,are full with the smoke,". Secondly ,",for the people who do,91,0.066,0.642,top
W_JPN_PTJ_B1_1_117,JPN,useful for my single life,". Secondly ,",money is necessary for a,91,0.066,0.642,top
W_JPN_PTJ_A2_0_074,JPN,walking during college stud ent,". Secondly ,",college students need a lot,91,0.066,0.642,top
W_JPN_PTJ_A2_0_057,JPN,that we earned by ourselves,". Secondly ,",we can have a lot,91,0.066,0.642,top
W_JPN_SMK_A2_0_026,JPN,there without feeling any smoke,". Secondly ,",if I see from a,91,0.066,0.642,top
W_JPN_SMK_A2_0_057,JPN,banned smoking at all restaurants,". Secondly ,",we often hear that people,91,0.066,0.642,top
W_JPN_SMK_A2_0_104,JPN,is not good fact morally,". Secondly ,",cooks want us to enjoy,91,0.066,0.642,top
W_ENS_SMK_XX2_28,ENS,restricting people 's recreational activities,". Secondly ,",banning smoking is bad for,91,0.066,0.642,top
W_JPN_PTJ_B1_1_066,JPN,and be useless at all,". Secondly ,",to have a part time,91,0.066,0.642,top
W_JPN_PTJ_A2_0_004,JPN,when they begin to work,". Secondly ,",if they do a part,91,0.066,0.642,top
W_JPN_PTJ_B1_1_003,JPN,control as soon as possible,". Secondly ,",for students to know the,91,0.066,0.642,top
W_JPN_SMK_A2_0_055,JPN,numbers ( Jeremy Bentham ),". Secondly ,",the smoke of tobaccos makes,91,0.066,0.642,top
W_JPN_SMK_A2_0_052,JPN,think about many other people,". Secondly ,",the smoke of the cigarette,91,0.066,0.642,top
W_JPN_SMK_B1_2_35,JPN,their meal become more awful,". Secondly ,",it is because that smoking,91,0.066,0.642,top
W_JPN_SMK_B2_0_07,JPN,not be guarded from smoke,". Secondly ,",banning smoking at restaurants helps,91,0.066,0.642,top
W_JPN_PTJ_B1_2_35,JPN,also a part time job,". Secondly ,",it is because that college,91,0.066,0.642,top
W_JPN_PTJ_A2_0_054,JPN,will to work is increased,". Secondly ,","Work is "" a place",91,0.066,0.642,top
W_ENS_SMK_XX1_098,ENS,patrons due to stinky bathrooms,". Secondly ,",smoking is one of the,91,0.066,0.642,top
W_ENS_PTJ_XX2_15,ENS,obstructs such should be discouraged,". Secondly ,",not only is tertiary education,91,0.066,0.642,top
W_JPN_SMK_B1_2_12,JPN,people should recognize this fact,". Secondly ,",I think that smoking has,91,0.066,0.642,top
W_JPN_PTJ_B1_2_21,JPN,pay to say thank you,". Secondly ,",I learned how important to,91,0.066,0.642,top
W_JPN_PTJ_A2_0_068,JPN,work to acquire social experience,". Secondly ,",I think that it is,91,0.066,0.642,top
W_JPN_PTJ_A2_0_052,JPN,we college students need money,". Secondly ,",to do a part time,91,0.066,0.642,top
W_JPN_SMK_B1_1_168,JPN,they are near smoking people,". Secondly ,",we have to think about,91,0.066,0.642,top
W_JPN_PTJ_A2_0_002,JPN,So we should have it,". Secondly ,",I suppose we should know,91,0.066,0.642,top
W_JPN_SMK_A2_0_064,JPN,ban smoking at all restaurants,". Secondly ,",there are smoking seats and,91,0.066,0.642,top
W_JPN_SMK_B1_1_157,JPN,I maybe lose my appetite,". Secondly ,",smoking cause various disease such,91,0.066,0.642,top
W_JPN_PTJ_B1_2_08,JPN,is beneficial for college students,". Secondly ,",thanks to part time job,91,0.066,0.642,top
W_JPN_SMK_B1_2_07,JPN,you from enjoying nice meal,". Secondly ,",I want to mention that,91,0.066,0.642,top
W_JPN_SMK_B1_2_06,JPN,the restaurants in the country,". Secondly ,",I have ever heard that,91,0.066,0.642,top
W_JPN_PTJ_B1_1_053,JPN,learned importance of earning money,". Secondly ,",it is because that I,91,0.066,0.642,top
W_ENS_PTJ_XX1_080,ENS,"become independent , mature adults",". Secondly ,",a significant reason for all,91,0.066,0.642,top
W_JPN_PTJ_B1_2_12,JPN,help them in the future,". Secondly ,",college students should earn their,91,0.066,0.642,top
W_JPN_SMK_A2_0_036,JPN,breathe the smoke of tobacco,". Secondly ,",seeing someone smoking and smell,91,0.066,0.642,top
W_JPN_PTJ_B1_1_088,JPN,before we start to work,". Secondly ,",I think we should do,91,0.066,0.642,top
W_JPN_SMK_B1_1_117,JPN,unpleasantly because I hate cigarettes,". Secondly ,",the cigarette spoils the cooking,91,0.066,0.642,top
W_ENS_SMK_XX2_30,ENS,the right to police behaviour,". Secondly ,","restaurants are ultimately businesses ,",91,0.066,0.642,top
W_JPN_PTJ_B1_1_168,JPN,"study hard , not work",". Secondly ,",I 've ever seen many,91,0.066,0.642,top
W_JPN_SMK_A2_0_107,JPN,you ca n't do so,". Secondly ,",it is natural that there,91,0.066,0.642,top
W_ENS_PTJ_XX2_12,ENS,study time that I had,". Secondly ,",having a part - time,91,0.066,0.642,top
W_JPN_PTJ_A2_0_028,JPN,us spend more wonderful life,". Secondly ,",I think we need know,91,0.066,0.642,top
W_ENS_PTJ_XX1_089,ENS,"money , and spend wisely",". Secondly ,",having a part time job,91,0.066,0.642,top
W_ENS_SMK_XX2_20,ENS,environment is a basic right,". Secondly ,",children should not be unnecessarily,91,0.066,0.642,top
W_JPN_PTJ_A2_0_076,JPN,to answer for their behaviors,". Secondly ,",college students can learn from,91,0.066,0.642,top
W_JPN_SMK_A2_0_004,JPN,more harmed than smoking people,". Secondly ,",if some people smoke while,91,0.066,0.642,top
W_JPN_SMK_B1_1_049,JPN,the latter than the former,". Secondly ,",smoking does harm with not,91,0.066,0.642,top
W_ENS_SMK_XX2_25,ENS,", harming all its way",". Secondly ,",while customers patronize restaurants or,91,0.066,0.642,top
W_JPN_PTJ_B1_1_052,JPN,earn money for their lives,". Secondly ,",college students must enjoy their,91,0.066,0.642,top
W_JPN_PTJ_B2_0_11,JPN,help us in the future,". Secondly ,",having a part time job,91,0.066,0.642,top
W_JPN_PTJ_B1_1_078,JPN,when we are college students,". Secondly ,",we can find how difficult,91,0.066,0.642,top
W_JPN_PTJ_B1_1_079,JPN,having good ability of job,". Secondly ,",we learn human relations by,91,0.066,0.642,top
W_JPN_SMK_B1_1_034,JPN,breaks good taste of meel,". Secondly ,",smoking causes sub smoking .,91,0.066,0.642,top
W_JPN_PTJ_A2_0_058,JPN,I do n't do it,". Secondly ,",it is because I think,91,0.066,0.642,top
W_JPN_PTJ_B2_0_07,JPN,prevents college students from studying,". Secondly ,",having a part time job,91,0.066,0.642,top
W_JPN_PTJ_B1_1_157,JPN,realized that money is valuable,". Secondly ,",they can know the real,91,0.066,0.642,top
W_JPN_SMK_B1_1_031,JPN,? I ca n't understand,". Secondly ,",it 's for people who,91,0.066,0.642,top
W_ENS_PTJ_XX2_09,ENS,pecuniary insight and financial responsibility,". Secondly ,",a college student needs to,91,0.066,0.642,top
W_JPN_SMK_B1_2_08,JPN,banned at all the restaurants,". Secondly ,",smoke is bad for our,91,0.066,0.642,top
W_ENS_SMK_XX2_26,ENS,in itself should be sufficient,". Secondly ,",and I think more importantly,91,0.066,0.642,top
W_ENS_PTJ_XX2_14,ENS,from not spending while working,". Secondly ,",it is important to consider,91,0.066,0.642,top
W_JPN_PTJ_A2_0_077,JPN,and our sentiment on them,". Secondly ,",we can study the society,91,0.066,0.642,top
W_JPN_PTJ_A2_0_134,JPN,it students gradually become adults,". Secondly ,",a part time job can,91,0.066,0.642,top
W_JPN_PTJ_B1_2_22,JPN,where they can master it,". Secondly ,",college students should independent of,91,0.066,0.642,top
W_JPN_PTJ_A2_0_070,JPN,. It is very important,". Secondly ,",having part time job teaches,91,0.066,0.642,top
W_ENS_SMK_XX1_014,ENS,about that kind of ban,". Presumably ,",the Japanese people value freedom,1,0.066,0.642,random
W_JPN_PTJ_A2_0_138,JPN,what they do or say,". Moreover ,",while most of us have,54,0.066,0.642,random
W_ENS_PTJ_XX1_037,ENS,everything I want to do,". Next ,",there are some kids who,36,0.066,0.642,random
W_JPN_PTJ_B1_2_13,JPN,through a part time job,". Actually ,",I have a part time,27,0.066,0.642,random
W_JPN_SMK_A2_0_045,JPN,like clear and clean air,". Finally ,",smoking is harmful to health,76,0.066,0.642,random
W_JPN_SMK_A2_0_072,JPN,smokers would feel very sad,". Indeed ,",I also hate the smell,16,0.066,0.642,random
W_JPN_PTJ_B1_1_052,JPN,parents to make that money,". Especially ,",economic statement is not so,24,0.066,0.642,random
W_JPN_PTJ_A2_0_056,JPN,that we use money importantly,". Then ,",we can use much money,63,0.066,0.642,random
W_ENS_PTJ_XX1_085,ENS,their wings and become independent,". Ultimately ,","the main reasons are ,",2,0.066,0.642,random
W_JPN_PTJ_B1_1_023,JPN,have a part time job,". Personally ,",I want to do such,6,0.066,0.642,random
W_JPN_SMK_B1_1_175,JPN,the cigarettes are too expensive,". Moreover ,",the cigarette 's price keeps,54,0.066,0.642,random
W_JPN_PTJ_B1_1_075,JPN,reference to decide their occupation,". Fourth ,",as they are near to,3,0.066,0.642,random
W_ENS_PTJ_XX3_25,ENS,"an acceptable , business level",". Finally ,",they would also gain a,76,0.066,0.642,random
W_JPN_SMK_A2_0_055,JPN,destroy the culture of eating,"! So ,","as it were , smoke",3,0.066,0.642,random
W_JPN_PTJ_A2_0_042,JPN,is actually indispensable to work,". Moreover ,",it is easy to ask,54,0.066,0.642,random
W_JPN_PTJ_B1_1_133,JPN,order to build human relations,". Moreover ,",it is coming to consider,54,0.066,0.642,random
W_JPN_PTJ_A2_0_079,JPN,other man is the elderly,". Finally ,",part time job is not,76,0.066,0.642,random
W_JPN_SMK_B2_0_07,JPN,there are still some problems,". Firstly ,",there is still high possibility,64,0.066,0.642,random
W_ENS_SMK_XX1_025,ENS,have a truly gourmet experience,". Finally ,",many restaurants already have nonsmoking,76,0.066,0.642,random
W_JPN_SMK_A2_0_130,JPN,for a smoker so much,". Then ,",it is putting the cart,63,0.066,0.642,random
W_JPN_PTJ_B1_1_153,JPN,are three reasons for this,". Firstly ,",if we have a part,64,0.066,0.642,random
W_JPN_PTJ_B1_2_49,JPN,with all types of people,". Then ,",ability to communicate will be,63,0.066,0.642,random
W_ENS_PTJ_XX1_040,ENS,by finding part time work,". Ironically ,",the people who for whom,1,0.066,0.642,random
W_ENS_PTJ_XX3_22,ENS,spending any money given them,". Indeed ,",more than any real financial,16,0.066,0.642,random
W_JPN_PTJ_A2_0_109,JPN,start to work for company,". Then ,",we can learn how important,63,0.066,0.642,random
W_ENS_PTJ_XX2_31,ENS,they do struggle with it,". Admittedly ,",there are a few students,2,0.066,0.642,random
W_ENS_SMK_XX1_035,ENS,of the mood and atmosphere,". Conversely ,",family restaurants where there will,3,0.066,0.642,random
W_JPN_PTJ_B2_0_11,JPN,to prepare for the future,". Lastly ,",we have to communicate with,21,0.066,0.642,random
W_JPN_PTJ_B1_2_08,JPN,they can help their family,". Moreover ,",even for students in rich,54,0.066,0.642,random
W_JPN_PTJ_A2_0_050,JPN,work for the certain time,". Then ,",they take the certain money,63,0.066,0.642,random
W_JPN_PTJ_A2_0_068,JPN,And I have two reasons,". Firstly ,",part time job is good,64,0.066,0.642,random
W_ENS_SMK_XX3_31,ENS,"removal appliances , is unacceptable",". Conversely ,",seating non-smokers next to smoking,3,0.066,0.642,random
W_JPN_SMK_B1_2_20,JPN,to get over the smoking,". Finally ,",smoking can lead to the,76,0.066,0.642,random
W_ENS_SMK_XX1_047,ENS,harmful effects and other issues,". Nowadays ,",many people think it is,7,0.066,0.642,random
W_JPN_PTJ_A2_0_004,JPN,junior high school students studying,". Lastly ,",they have responsibility for their,21,0.066,0.642,random
W_JPN_PTJ_B1_1_036,JPN,accustomed to wear a suit,". Finally ,",I 'm enjoying working .,76,0.066,0.642,random
W_JPN_SMK_A2_0_076,JPN,Tobacco have two bad reasons,". Firstly ,",smoke is an unpleasant smell,64,0.066,0.642,random
W_JPN_SMK_B1_1_084,JPN,n't eat dinner very much,". Finally ,",we went out the restaurant,76,0.066,0.642,random
W_JPN_SMK_B1_1_015,JPN,right to keep their health,". Moreover ,",some of them hate the,54,0.066,0.642,random
W_JPN_PTJ_B1_2_08,JPN,. I have 2 reasons,". Firstly ,",thanks to part time job,64,0.066,0.642,random
W_JPN_PTJ_A2_0_064,JPN,how to give good service,". Finally ,",I can meet many people,76,0.066,0.642,random
W_ENS_PTJ_XX3_23,ENS,students valuable time management skills,". Lastly ,",students can acquire job skills,21,0.066,0.642,random
W_ENS_SMK_XX1_061,ENS,slapping yourself in the face,". Nonetheless ,",many bars continue to allow,4,0.066,0.642,random
W_JPN_SMK_A2_0_007,JPN,have little place to smoke,". Then ,",smokers ca n't refresh in,63,0.066,0.642,random
W_JPN_SMK_B1_1_003,JPN,for us to enjoy food,". Imagine ,",when you taste delicious food,1,0.066,0.642,random
W_JPN_PTJ_B1_1_141,JPN,hour for only 1000 yen,". Surely ,",time is money especially for,13,0.066,0.642,random
W_JPN_SMK_B1_2_28,JPN,at all restaurants in Japan,". Namely ,",it is important to establish,2,0.066,0.642,random
W_JPN_PTJ_A2_0_071,JPN,as a member of society,". Relatively ,",college students have a lot,1,0.066,0.642,random
W_JPN_PTJ_A2_0_101,JPN,to consider the working time,". Moreover ,",it is one of the,54,0.066,0.642,random
W_JPN_SMK_A2_0_126,JPN,", lung cancer and asthma",". Mostly ,",Tobacco smoke is thought productive,1,0.066,0.642,random
W_ENS_PTJ_XX2_12,ENS,on and off throughout college,". Interestingly ,",I got better grades when,1,0.066,0.642,random
W_JPN_SMK_A2_0_076,JPN,make nonsmokers lose their appetite,". Secoundly ,",smoke is very poisonous .,1,0.066,0.642,random
W_ENS_SMK_XX1_018,ENS,a room foggy with smoke,". Next ,",I think smoking is disrespectful,36,0.066,0.642,random
W_JPN_PTJ_A2_0_041,JPN,time job to the company,". Then ,",we can also study the,63,0.066,0.642,random
W_JPN_PTJ_A2_0_104,JPN,as diligent as we can,". Thirdly ,",we had better make friends,25,0.066,0.642,random
W_JPN_SMK_A2_0_072,JPN,streets or even at restaurants,". Probably ,",smokers want to go to,8,0.066,0.642,random
W_JPN_PTJ_B1_1_111,JPN,"I thought so , too",". Then ,",I think that there are,63,0.066,0.642,random
W_JPN_SMK_A2_0_113,JPN,of various kinds of sickness,". Thirdly ,",it costs smokers much money,25,0.066,0.642,random
W_JPN_PTJ_B1_1_088,JPN,it does n't obstruct study,". Firstly ,",what we learned or what,64,0.066,0.642,random
W_JPN_SMK_A2_0_048,JPN,"her baby smokes , too",". Then ,",the baby get same risk,63,0.066,0.642,random
W_JPN_PTJ_A2_0_098,JPN,is n't needed from society,". Then ,",speaking of salary which most,63,0.066,0.642,random
W_ENS_PTJ_XX1_016,ENS,world than those who do,". Lastly ,",having a part time job,21,0.066,0.642,random
W_JPN_PTJ_B1_2_18,JPN,part time job is important,". Actually ,",I have a part time,27,0.066,0.642,random
W_JPN_SMK_B1_2_04,JPN,the restaurants in the country,". Certainly ,",smoking must be bad for,17,0.066,0.642,random
W_JPN_PTJ_B1_1_043,JPN,write why I think so,". Firstly ,",students can know the system,64,0.066,0.642,random
W_JPN_SMK_A2_0_067,JPN,likely to have lung cancer,". Unfortunately ,",non smokers also come to,6,0.066,0.642,random
W_JPN_PTJ_A2_0_123,JPN,make friends of various university,". Finally ,",I noticed the real independence,76,0.066,0.642,random
W_ENS_SMK_XX3_29,ENS,had to sit near smokers,". Lastly ,","many industrialized nations , including",21,0.066,0.642,random
W_ENS_SMK_XX1_100,ENS,of inhaling used cigarette smoke,". Indeed ,","studies show that nicotine ,",16,0.066,0.642,random
W_ENS_PTJ_XX1_067,ENS,not want to pay for,". Next ,",I have been able to,36,0.066,0.642,random
W_JPN_PTJ_B2_0_15,JPN,that we earn by ourselves,". Then ,",we can learn how precious,63,0.066,0.642,random
W_JPN_PTJ_B1_1_032,JPN,"chance , money is precious",". Finally ,",to work somewhere is good,76,0.066,0.642,random
W_JPN_SMK_B1_2_28,JPN,crime begin to rise rapidly,". Nowadays ,",most of crime such as,7,0.066,0.642,random
W_JPN_PTJ_B1_1_157,JPN,of friends is including colleague,". Nowadays ,",most young people hardly communicate,7,0.066,0.642,random
W_ENS_SMK_XX1_009,ENS,why anyone does it anymore,". Finally ,",smoking is an expensive habit,76,0.066,0.642,random
W_JPN_SMK_A2_0_124,JPN,be smoke outside the restaurant,". Forth ,",lighted cigarettes are dangerous .,1,0.066,0.642,random
W_ENS_SMK_XX2_25,ENS,since been passed into law,". Simply ,",they save lives and reduce,3,0.066,0.642,random
W_JPN_SMK_B1_1_158,JPN,What on earth is pleasure,"? Probably ,",there is no advantage to,1,0.066,0.642,random
W_JPN_SMK_B1_2_18,JPN,smoking in the same building,". Moreover ,",the effects of separating seats,54,0.066,0.642,random
W_JPN_PTJ_B1_1_155,JPN,are paid by their parents,". Then ,",what should college student do,63,0.066,0.642,random
W_ENS_PTJ_XX1_036,ENS,experience may be negatively affected,". Truthfully ,",there are both benefits and,1,0.066,0.642,random
W_JPN_SMK_B1_1_127,JPN,the restaurants in the country,". Nowadays ,",more restaurants in Japan separate,7,0.066,0.642,random
W_ENS_PTJ_XX1_084,ENS,and especially towards unreasonable spending,". Additionally ,",part time jobs assist students,5,0.066,0.642,random
W_JPN_PTJ_B1_1_019,JPN,time job in same reason,". Thirdly ,","we are in university ,",25,0.066,0.642,random
W_JPN_PTJ_A2_0_120,JPN,have a part time job,". Indeed ,",it is not good that,16,0.066,0.642,random
W_JPN_PTJ_B1_1_111,JPN,study when we are students,". Especially ,",communication skills needed by the,24,0.066,0.642,random
W_JPN_PTJ_B1_1_062,JPN,to do part time job,". Certainly ,",studying is the most important,17,0.066,0.642,random
W_JPN_SMK_B2_0_05,JPN,no problem could be happen,". Actually ,",at many restaurants they arrange,27,0.066,0.642,random
W_JPN_SMK_B1_1_101,JPN,to keep blessing the smoke,". Finally ,",because recently people who understand,76,0.066,0.642,random
W_JPN_SMK_B1_1_047,JPN,hesitate to enter a restaurant,". Then ,",the number of people who,63,0.066,0.642,random
W_JPN_SMK_A2_0_109,JPN,enemy of a good dinner,". Then ,",smokes of cigarette do harm,63,0.066,0.642,random
W_JPN_SMK_A2_0_108,JPN,"very bad health , too",". Precisely ,",why are there many people,1,0.066,0.642,random
W_ENS_SMK_XX1_048,ENS,they know it is bad,". Next ,",smoking has simply lost some,36,0.066,0.642,random
W_JPN_SMK_A2_0_101,JPN,smoking person is good feelings,". Moreover ,",there is a no smoking,54,0.066,0.642,random
W_ENS_SMK_XX1_051,ENS,in a completely satisfactory way,". Nonetheless ,",if the majority of Japanese,4,0.066,0.642,random
W_JPN_SMK_A2_0_016,JPN,made bad impact from him,". Especially ,",smoke which other people take,24,0.066,0.642,random
W_JPN_PTJ_B1_2_33,JPN,much I owe my parents,". Moreover ,",college students need money to,54,0.066,0.642,random
W_JPN_SMK_A2_0_067,JPN,", we sometimes smell smoke",". Then ,",we feel delicious meal becomes,63,0.066,0.642,random
W_ENS_PTJ_XX1_089,ENS,have a part time job,". Firstly ,",students need to learn the,64,0.066,0.642,random
W_JPN_SMK_A2_0_055,JPN,only 13 . 8 %,". Simply ,",only 30 % of Japanese,3,0.066,0.642,random
W_JPN_PTJ_B1_1_090,JPN,them for the first time,". Moreover ,",I ca n't learn them,54,0.066,0.642,random
W_ENS_SMK_XX1_020,ENS,a result of these films,". Obviously ,",this must mean that these,3,0.066,0.642,random
W_ENS_PTJ_XX2_22,ENS,because they have no time,"? Generally ,",most students have 2 free,1,0.066,0.642,random
W_ENS_PTJ_XX2_09,ENS,"activities , or simply entertainment",". Finally ,",as he begins to assert,76,0.066,0.642,random
W_JPN_SMK_B1_2_39,JPN,to make the customers comfortable,". Accordingly ,",I think that it is,5,0.066,0.642,random
W_ENS_SMK_XX1_003,ENS,can it be set up,"? Honestly ,",I 'm surprised that it,1,0.066,0.642,random
W_ENS_SMK_XX2_35,ENS,for them to do so,". Ultimately ,",smokers will be left with,2,0.066,0.642,random
W_ENS_SMK_XX1_057,ENS,eating out at the restaurants,". Next ,",no one should have to,36,0.066,0.642,random
W_JPN_SMK_A2_0_066,JPN,breathes the smoke of cigarettes,". Then ,",it is possible that the,63,0.066,0.642,random
W_JPN_SMK_A2_0_052,JPN,reasons why I think so,". Firstly ,",smell of dishes sweet smell,64,0.066,0.642,random
W_JPN_SMK_A2_0_045,JPN,permit to smoke at restaurants,". Then ,","of course , restaurants must",63,0.066,0.642,random
W_JPN_PTJ_A2_0_075,JPN,in the process of production,". Then ,",I consider what I can,63,0.066,0.642,random
W_ENS_SMK_XX2_36,ENS,illness or even lung cancer,". Finally ,",if all restaurants in Japan,76,0.066,0.642,random
W_JPN_PTJ_B1_2_23,JPN,should not miss this chance,"! Third ,",we can develop our ability,2,0.066,0.642,random
W_JPN_SMK_B1_1_157,JPN,the restaurants in the country,". Firstly ,",I dislike the smell of,64,0.066,0.642,random
W_ENS_SMK_XX1_091,ENS,their smoking appetites while dining,". Overall ,",the best way to solve,4,0.066,0.642,random
W_JPN_PTJ_A2_0_035,JPN,find employment in the future,". Moreover ,","through part time job ,",54,0.066,0.642,random
W_JPN_PTJ_B1_1_168,JPN,"them , studying or working",". Thirdly ,",such bad students as I,25,0.066,0.642,random
W_ENS_SMK_XX2_03,ENS,there is plenty of ventilation,". Legally ,",I do n't know if,1,0.066,0.642,random
W_JPN_SMK_A2_0_146,JPN,. It 's too bad,". Then ,",I have a suggestion .,63,0.066,0.642,random
W_ENS_SMK_XX2_30,ENS,unworthy of a civilized democracy,". Finally ,",there is the snowball issue,76,0.066,0.642,random
W_JPN_SMK_B1_1_034,JPN,the restaurants has two problems,". Firstly ,",smoking erase smell and flaver,64,0.066,0.642,random
W_JPN_SMK_A2_0_041,JPN,mind or be much stressed,". Then ,",I think that it is,63,0.066,0.642,random
W_JPN_SMK_B1_1_020,JPN,eating in restaurant with safe,". Moreover ,",it is very good for,54,0.066,0.642,random
W_JPN_SMK_B2_0_08,JPN,be eaten in clean places,"? Actually ,",the opinion is by people,1,0.066,0.642,random
W_JPN_SMK_A2_0_026,JPN,or machines that sucking smoke,". Finally ,","I am a nonsmoker ,",76,0.066,0.642,random
W_ENS_PTJ_XX1_004,ENS,with these long boring lectures,". Finally ,",I just decided to go,76,0.066,0.642,random
W_JPN_SMK_B1_2_48,JPN,idea completely ignores their feelings,". Certainly ,",I can understand the idea,17,0.066,0.642,random
W_JPN_SMK_B1_1_133,JPN,a nonsmoking seat more etc,". Moreover ,",there may be an opinion,54,0.066,0.642,random
W_JPN_SMK_B1_1_159,JPN,enter smokers in them restaurant,". Finally ,",according to some newspaper research,76,0.066,0.642,random
W_JPN_SMK_B1_1_065,JPN,completely protected from the smoke,". Unfortunately ,",sometimes the nonsmoking seats are,6,0.066,0.642,random
W_ENS_PTJ_XX1_084,ENS,the expectations faster and easier,". Finally ,",part time jobs demand involvement,76,0.066,0.642,random
W_JPN_SMK_B1_1_031,JPN,machine is no longer available,". Thirdly ,","the most important reason ,",25,0.066,0.642,random
W_ENS_PTJ_XX2_39,ENS,role in being financial responsible,". Finally ,",even if the job is,76,0.066,0.642,random
W_JPN_PTJ_B1_1_076,JPN,that they want to work,". Especially ,",people who have a dream,24,0.066,0.642,random
W_JPN_SMK_A2_0_055,JPN,n't put up with it,"! So ,",I want to expel smoke,3,0.066,0.642,random
W_ENS_PTJ_XX1_058,ENS,to any student 's curriculum,". Finally ,",we have the chance to,76,0.066,0.642,random
W_ENS_PTJ_XX3_35,ENS,themselves as soon as possible,". Further ,",if they want to get,2,0.066,0.642,random
W_JPN_SMK_B2_0_09,JPN,lead us death with cancer,". Moreover ,",they harm not only smokers,54,0.066,0.642,random
W_ENS_SMK_XX1_062,ENS,the smokers is simply crass,". Conclusively ,",smoking should be banned at,1,0.066,0.642,random
W_ENS_PTJ_XX2_15,ENS,have worked very hard for,". Thirdly ,",a large percentage of Japanese,25,0.066,0.642,random
W_ENS_PTJ_XX2_12,ENS,better financial and mental state,". Finally ,",part -time jobs often expose,76,0.066,0.642,random
W_JPN_PTJ_B1_1_110,JPN,", expert or general knowledge",". Perhaps ,",the knowledge which they get,5,0.066,0.642,random
W_JPN_PTJ_A2_0_002,JPN,reasons to support my answer,". Firstly ,",I think we should have,64,0.066,0.642,random
W_ENS_PTJ_XX1_021,ENS,continuing to work part time,". Lastly ,",there are also times where,21,0.066,0.642,random
W_JPN_PTJ_A2_0_153,JPN,find new use for money,". Finally ,",you can meet many people,76,0.066,0.642,random
W_ENS_SMK_XX2_25,ENS,government to protect its citizens,". Finally ,",society --- both smokers and,76,0.066,0.642,random
W_ENS_SMK_XX2_42,ENS,or based on questionable evidence,". Admittedly ,",it may eventually be proved,2,0.066,0.642,random
W_JPN_SMK_A2_0_079,JPN,call on the cell phone,". Finally ,",the climate in Japan is,76,0.066,0.642,random
W_JPN_PTJ_A2_0_089,JPN,rules are very important things,".. Second ,",we can know how difficult,1,0.066,0.642,random
W_JPN_PTJ_A2_0_063,JPN,a burden of parents decreases,". Actually ,",I use my salary of,27,0.066,0.642,random
W_JPN_PTJ_A2_0_151,JPN,for our experience of life,". Surely ,",it is important to have,13,0.066,0.642,random
W_JPN_PTJ_B1_1_144,JPN,had worked in the society,". Moreover ,",we can consider about the,54,0.066,0.642,random
W_JPN_PTJ_B1_1_124,JPN,began to having part time,". Moreover ,",I was able to make,54,0.066,0.642,random
W_JPN_SMK_B1_1_049,JPN,reasons in the following passage,". Firstly ,",if there are some people,64,0.066,0.642,random
W_JPN_PTJ_B1_1_042,JPN,have a part time job,". Then ,",I want to express why,63,0.066,0.642,random
W_JPN_SMK_B1_1_028,JPN,The lunch becomes not delicious,". Next ,",I show second reason .,36,0.066,0.642,random
W_ENS_SMK_XX1_033,ENS,from cigarettes while they eat,". Obviously ,",the best solution is to,3,0.066,0.642,random
W_JPN_SMK_A2_0_105,JPN,the restaurants in the country,". Then ,",everyone can be happy and,63,0.066,0.642,random
W_ENS_PTJ_XX2_05,ENS,help them progress towards graduation,". Certainly ,",part -time work can be,17,0.066,0.642,random
W_JPN_SMK_B1_1_001,JPN,dislike smoke should use there,". Then ,",they would not be interpreted,63,0.066,0.642,random
W_ENS_PTJ_XX1_034,ENS,a little bit of fun,". Hopefully ,",after I graduate from college,3,0.066,0.642,random
W_ENS_PTJ_XX1_047,ENS,give you a hard time,". Lastly ,",working at a part time,21,0.066,0.642,random
W_ENS_PTJ_XX1_089,ENS,chance to put into practice,". Thirdly ,",students in a part time,25,0.066,0.642,random
W_JPN_SMK_A2_0_015,JPN,is very bad physically too,". Finally ,",the smoke erases the foods,76,0.066,0.642,random
W_ENS_SMK_XX2_22,ENS,reasons to support my position,". Firstly ,",regarding the health of customers,64,0.066,0.642,random
W_JPN_PTJ_B1_1_153,JPN,learn how important money is,". Thirdly ,",we will be able to,25,0.066,0.642,random
W_ENS_PTJ_XX1_087,ENS,just taking classes on campus,". Finally ,",the people skills developed will,76,0.066,0.642,random
W_JPN_PTJ_B1_1_052,JPN,money to enjoy club activities,". Thirdly ,",it gives us a lot,25,0.066,0.642,random
W_JPN_PTJ_A2_0_145,JPN,part time job is useful,". Moreover ,",we can learn some social,54,0.066,0.642,random
W_JPN_SMK_A2_0_011,JPN,all people in the restaurant,". Nowadays ,",the number of non smoking,7,0.066,0.642,random
W_ENS_PTJ_XX1_027,ENS,to be successful community members,". Next ,",a part time job is,36,0.066,0.642,random
W_JPN_SMK_B1_1_089,JPN,to them started to smoke,". Then ,",the baby began to cry,63,0.066,0.642,random
W_JPN_SMK_A2_0_058,JPN,at all and hate smoking,". Then ,",there are some reasons why,63,0.066,0.642,random
W_JPN_PTJ_A2_0_089,JPN,getting money on our own,". Finally ,",we can meet a lot,76,0.066,0.642,random
W_JPN_SMK_B1_1_040,JPN,I agree with this idea,". Simply ,",it is one of grounds,3,0.066,0.642,random
W_JPN_PTJ_A2_0_057,JPN,are two reasons for that,". Firstly ,",college student need more money,64,0.066,0.642,random
W_JPN_SMK_A2_0_113,JPN,the restaurants in the country,". Firstly ,",taking a smoke is bad,64,0.066,0.642,random
W_JPN_SMK_B2_0_11,JPN,the restaurants in the country,". Firstly ,",a restaurant is a place,64,0.066,0.642,random
W_ENS_SMK_XX1_024,ENS,serious affect upon their health,". Next ,",it is very disrespectful to,36,0.066,0.642,random
W_JPN_SMK_A2_0_077,JPN,two reasons about my opinion,". Firstly ,",it is bad for us,64,0.066,0.642,random
W_ENS_SMK_XX1_098,ENS,all restaurants in the country,". Firstly ,",it is not illegal to,64,0.066,0.642,random
W_JPN_PTJ_B1_2_34,JPN,be able to talk it,". Then ,",I live oneself . So,63,0.066,0.642,random
W_ENS_SMK_XX1_086,ENS,effects of second hand smoke,". Apparently ,",if a server worked ten,1,0.066,0.642,random
W_ENS_PTJ_XX1_078,ENS,like sleeping or social interaction,". Unfortunately ,",many parents and many employers,6,0.066,0.642,random
W_ENS_SMK_XX1_044,ENS,them to harm their health,". Finally ,",it is very rude to,76,0.066,0.642,random
W_ENS_PTJ_XX2_09,ENS,my claim with three points,". Firstly ,","on the domestic front ,",64,0.066,0.642,random
W_ENS_PTJ_XX3_50,ENS,and the student wins too,". Usually ,",students with experience on their,2,0.066,0.642,random
W_JPN_SMK_B1_1_080,JPN,banned only at the restaurant,". Exactly ,",people may be able to,1,0.066,0.642,random
W_JPN_SMK_B1_1_126,JPN,king makes human bodies unhealthy,". Especially ,",passive smoking is even more,24,0.066,0.642,random
W_JPN_PTJ_B1_2_03,JPN,money when I buy something,". Lastly ,",I think a part time,21,0.066,0.642,random
W_ENS_PTJ_XX1_032,ENS,rather than making money ourselves,". Actually ,",I had a part time,27,0.066,0.642,random
W_JPN_PTJ_B1_1_173,JPN,to spend our free time,". Moreover ,",one of my friends told,54,0.066,0.642,random
W_JPN_SMK_B1_1_053,JPN,easy to come to work,". Thirdly ,",it takes expense very much,25,0.066,0.642,random
W_JPN_PTJ_A2_0_144,JPN,many college students need money,". Especially ,",I have little money because,24,0.066,0.642,random
W_JPN_SMK_A2_0_005,JPN,the first or second problems,". Finally ,",some smoking people 's manner,76,0.066,0.642,random
W_ENS_PTJ_XX1_054,ENS,do so as to parents,". Hopefully ,",they also take into consideration,3,0.066,0.642,random
W_JPN_SMK_A2_0_127,JPN,restaurant as place and smoking,". Nowadays ,",many restaurants have provided both,7,0.066,0.642,random
W_ENS_SMK_XX1_059,ENS,the taste of the food,". Next ,",a lot of my friends,36,0.066,0.642,random
W_JPN_PTJ_B1_2_49,JPN,various events on my holidays,". Then ,",I meet a lot of,63,0.066,0.642,random
W_JPN_PTJ_B1_2_39,JPN,be independent of our parents,". Next ,",we can learn the importance,36,0.066,0.642,random
W_JPN_PTJ_B1_1_118,JPN,job you have no experience,". Next ,",college students need moneys .,36,0.066,0.642,random
W_ENS_SMK_XX2_23,ENS,nicotine of their non-smoking cliental,". Finally ,",there is the issue of,76,0.066,0.642,random
W_JPN_PTJ_B1_1_131,JPN,experience of student 's life,". Finally ,",college students must learn about,76,0.066,0.642,random
W_JPN_SMK_A2_0_109,JPN,This is a funny story,". Moreover ,",we ca n't quit a,54,0.066,0.642,random
W_JPN_PTJ_B1_1_100,JPN,we have much free time,". Probably ,",it is only college student,8,0.066,0.642,random
W_JPN_SMK_A2_0_087,JPN,banned at all the restaurants,". Then ,",Japanese business also will cut,63,0.066,0.642,random
W_JPN_SMK_A2_0_041,JPN,be able to eat calmly,". While ,",if this situation was realized,2,0.066,0.642,random
W_JPN_SMK_A2_0_131,JPN,know this and hate tobacco,". Especially ,","in the restaurant , many",24,0.066,0.642,random
W_ENS_PTJ_XX1_040,ENS,their major and future career,". Clearly ,",having a part time job,4,0.066,0.642,random
W_ENS_PTJ_XX2_17,ENS,reasons to support my claim,". Firstly ,",college is an essential part,64,0.066,0.642,random
W_JPN_SMK_B1_1_091,JPN,interfere in our enjoying meals,". Moreover ,",there are a plenty of,54,0.066,0.642,random
W_JPN_PTJ_B1_1_031,JPN,learn operating machines and PC,". Finaly ,",part time job makes us,4,0.066,0.642,random
W_ENS_SMK_XX1_028,ENS,be obviously a good one,". Nonetheless ,",there are many individuals who,4,0.066,0.642,random
W_JPN_PTJ_A2_0_004,JPN,people 's way of thinking,". Thirdly ,",the harder they do a,25,0.066,0.642,random
W_JPN_SMK_B1_2_03,JPN,I have 3 reasons mainly,". Firstly ,",because smokes of tobacco smell,64,0.066,0.642,random
W_JPN_PTJ_A2_0_074,JPN,. I have two reasons,". Firstly ,",I think that part time,64,0.066,0.642,random
W_ENS_PTJ_XX3_14,ENS,upon you to be there,". Next ,",it has become apparent to,36,0.066,0.642,random
W_JPN_PTJ_A2_0_121,JPN,them by part time job,". Surely ,",a way of learning society,13,0.066,0.642,random
W_JPN_PTJ_A2_0_095,JPN,students will work in offices,". Then ,",if they do not know,63,0.066,0.642,random
W_JPN_PTJ_B1_1_076,JPN,make money after having graduated,". Then ,",they should know to work,63,0.066,0.642,random
W_JPN_PTJ_B1_2_22,JPN,their selves spend if possible,". Finally ,",college students should get income,76,0.066,0.642,random
W_JPN_SMK_B1_1_166,JPN,are also damaged from cigarette,". Unfortunately ,",harm which people around smoker,6,0.066,0.642,random
W_JPN_SMK_B1_2_03,JPN,no difference in each restaurant,". Lastly ,","even for smokers , smoking",21,0.066,0.642,random
W_JPN_SMK_B1_1_159,JPN,in any other public places,". Especially ,",they should be forbidden to,24,0.066,0.642,random
W_JPN_PTJ_B1_1_100,JPN,that I earned for me,". Finaly ,",we have much free time,4,0.066,0.642,random
W_JPN_PTJ_B1_1_160,JPN,situation and to have girlfriend,". Finally ,",social experience maybe the most,76,0.066,0.642,random
W_JPN_SMK_A2_0_076,JPN,with smoke when they eat,". Before ,",I and my mother ate,2,0.066,0.642,random
W_JPN_SMK_B1_2_08,JPN,. I have 2 reasons,". Firstly ,","because of bad smell ,",64,0.066,0.642,random
W_ENS_PTJ_XX1_021,ENS,their eventual career after college,". Next ,",many students have the image,36,0.066,0.642,random
W_JPN_PTJ_B1_1_059,JPN,", and pay education money",". Especially ,","if we live alone ,",24,0.066,0.642,random
W_JPN_SMK_B1_1_124,JPN,easy to become cancer it,". Next ,",I think about woman 's,36,0.066,0.642,random
W_ENS_SMK_XX3_37,ENS,the normal course of events,". Additionally ,",Japan may want to consider,5,0.066,0.642,random
W_JPN_PTJ_B1_1_018,JPN,serve for their future careers,". Moreover ,",students might be able to,54,0.066,0.642,random
W_JPN_PTJ_B1_1_143,JPN,and we have to study,". Perhaps ,",some students do n't have,5,0.066,0.642,random
W_JPN_SMK_A2_0_072,JPN,with my friends or family,". Then ,",we are often asked by,63,0.066,0.642,random
W_JPN_PTJ_B1_1_071,JPN,think that I get patience,". Surely ,",studying is not ignored .,13,0.066,0.642,random
W_JPN_PTJ_B1_1_063,JPN,she ca n't do it,". Finally ,",I learned to know my,76,0.066,0.642,random
W_JPN_SMK_B1_1_062,JPN,no benefit to all creatures,"! Lastly ,",people recently think that smoking,1,0.066,0.642,random
W_JPN_PTJ_B1_1_078,JPN,. There are two reasons,". Firstly ,",almost college students will become,64,0.066,0.642,random
W_ENS_PTJ_XX2_11,ENS,style and for several reasons,". Firstly ,",these are individuals who are,64,0.066,0.642,random
W_JPN_SMK_B1_1_070,JPN,spent time with good mood,". Moreover ,","when I am nervous ,",54,0.066,0.642,random
W_JPN_SMK_A2_0_130,JPN,smoking at all the restaurants,". Incidentally ,",I am not smoking .,1,0.066,0.642,random
W_ENS_SMK_XX2_22,ENS,smoke from negatively effecting employees,". Finally ,",there is the issue of,76,0.066,0.642,random
W_JPN_SMK_B1_1_144,JPN,to have various bad diseases,". Moreover ,",those diseases have a possibility,54,0.066,0.642,random
W_JPN_PTJ_A2_0_034,JPN,my wanting things for myself,". Certainly ,",there is an opinion that,17,0.066,0.642,random
W_ENS_PTJ_XX1_058,ENS,works than they can handle,". Next ,",having a part time job,36,0.066,0.642,random
W_JPN_PTJ_A2_0_072,JPN,n't been able to solve,". Then ,",I feel that I got,63,0.066,0.642,random
W_JPN_SMK_A2_0_143,JPN,or decrease situations of smoking,". Generally ,","in Japan , people are",5,0.066,0.642,random
W_JPN_PTJ_B1_1_046,JPN,agree with this following statement,". Actually ,",I have two part time,27,0.066,0.642,random
W_ENS_PTJ_XX1_037,ENS,I feel they should be,". Lastly ,",even if there are kids,21,0.066,0.642,random
W_JPN_PTJ_A2_0_123,JPN,? Teaching is high salary,". Indeed ,",my salary of part time,16,0.066,0.642,random
W_JPN_PTJ_A2_0_022,JPN,"job , others do not",". While ,","some want to have ,",2,0.066,0.642,random
W_JPN_SMK_B1_1_010,JPN,I clean up the room,". Then ,",I always find that there,63,0.066,0.642,random
W_JPN_SMK_B1_1_053,JPN,. I have three reasons,". Firstly ,",this is because that smoke,64,0.066,0.642,random
W_JPN_PTJ_B1_1_155,JPN,we con do by ourselves,". Accordingly ,",I think that college students,5,0.066,0.642,random
W_ENS_PTJ_XX1_079,ENS,certain existentially themed questions ),". Regardless ,",one can still profit from,1,0.066,0.642,random
W_JPN_PTJ_A2_0_150,JPN,company and to earn profits,". Moreover ,",he could see old men,54,0.066,0.642,random
W_JPN_PTJ_A2_0_072,JPN,real purposes of college students,". Indeed ,",the part time job which,16,0.066,0.642,random
W_JPN_PTJ_A2_0_146,JPN,how to dish up there,". Lastly ,",I learned it is difficult,21,0.066,0.642,random
W_JPN_PTJ_A2_0_076,JPN,have a part time job,". Surely ,",that will be very important,13,0.066,0.642,random
W_ENS_PTJ_XX2_17,ENS,of society in later years,". Finally ,",part -time work generally pays,76,0.066,0.642,random
W_JPN_SMK_B1_2_35,JPN,who are around a smoker,". Surely ,",smokers have a right which,13,0.066,0.642,random
W_JPN_SMK_A2_0_110,JPN,smoking is not so bad,". Probably ,",most smokers have the preparedness,8,0.066,0.642,random
W_JPN_PTJ_B1_1_133,JPN,I assemble a time efficiently,". Moreover ,",it is even if I,54,0.066,0.642,random
W_JPN_SMK_B1_1_133,JPN,opinion does not have effect,". Probably ,",the blanket ban in our,8,0.066,0.642,random
W_JPN_PTJ_A2_0_037,JPN,person who is different years,". Especially ,",I think I learn many,24,0.066,0.642,random
W_JPN_SMK_B1_1_127,JPN,"course , makes smokers unhealthy",". Moreover ,",smoke of cigarette has a,54,0.066,0.642,random
W_JPN_SMK_B1_2_34,JPN,and visitors breathe these matter,". Then ,",this smoke makes their health,63,0.066,0.642,random
W_JPN_SMK_A2_0_042,JPN,much less at the table,". Moreover ,",you will have divided the,54,0.066,0.642,random
W_JPN_PTJ_B1_1_117,JPN,earned as much as possible,". Finally ,",we meet many people at,76,0.066,0.642,random
W_JPN_PTJ_A2_0_058,JPN,other colleges and exchange information,". Lastly ,",it is because college students,21,0.066,0.642,random
W_ENS_SMK_XX3_25,ENS,harm caused by cigarette smoke,". Overall ,",banning smoking in restaurants and,4,0.066,0.642,random
W_JPN_PTJ_B1_1_013,JPN,between university and high school,". Surely ,",they are not prefect adults,13,0.066,0.642,random
W_ENS_SMK_XX1_014,ENS,or not in their restaurants,". Personally ,",I think smoking is disgusting,6,0.066,0.642,random
W_JPN_SMK_B1_1_137,JPN,smoking does much harm her,". Moreover ,",passive smoking in the public,54,0.066,0.642,random
W_JPN_SMK_B1_1_110,JPN,", I agree with statement",". Probably ,",some smokers say We have,8,0.066,0.642,random
W_ENS_PTJ_XX1_063,ENS,your network of future colleagues,". Next ,",it would be interesting to,36,0.066,0.642,random
W_ENS_PTJ_XX1_010,ENS,something for themselves for once,". Next ,",a part time job is,36,0.066,0.642,random
W_JPN_PTJ_B1_2_35,JPN,. There are three reasons,". Firstly ,",it is because that it,64,0.066,0.642,random
W_JPN_SMK_B1_1_017,JPN,the not smoker are satisfied,". Actually ,","in Japan , this way",27,0.066,0.642,random
W_JPN_PTJ_B1_1_003,JPN,reasons to support this opinion,". Firstly ,",for students to learn how,64,0.066,0.642,random
W_ENS_PTJ_XX1_068,ENS,is to go to school,". Hopefully ,",other students have a better,3,0.066,0.642,random
W_JPN_PTJ_A2_0_029,JPN,working during their college time,". Next ,",the college is a place,36,0.066,0.642,random
W_JPN_PTJ_B1_2_32,JPN,grow up through this job,". Finally ,",if college students do n't,76,0.066,0.642,random
W_JPN_SMK_B1_2_34,JPN,have much more harmful matter,". Moreover ,",many people eat in restaurants,54,0.066,0.642,random
W_JPN_SMK_A2_0_036,JPN,makes the sense of taste,". Thirdly ,",restaurant is the public place,25,0.066,0.642,random
W_JPN_PTJ_B1_1_171,JPN,from a lecture in university,". Then ,",I explain why you have,63,0.066,0.642,random
W_JPN_SMK_B1_1_017,JPN,I do n't think so,". Actually ,",smoking makes the smoker relax,27,0.066,0.642,random
W_JPN_PTJ_A2_0_034,JPN,becomes real at the university,". Additionally ,",the scale of the club,5,0.066,0.642,random
W_ENS_PTJ_XX1_070,ENS,job with really great benefits,". Then ,",I will be able to,63,0.066,0.642,random
W_JPN_SMK_A2_0_064,JPN,sit soon at nonsmoking seats,". Finally ,",I think that if the,76,0.066,0.642,random
W_ENS_PTJ_XX1_100,ENS,about advanced education . Never,"! Again ,",I say never ! To,1,0.066,0.642,random
W_JPN_SMK_B1_1_171,JPN,banned at all the restaurants,". Certainly ,",some smokers may stop going,17,0.066,0.642,random
W_JPN_PTJ_B1_1_091,JPN,pay some money to play,". Moreover ,",college students have a long,54,0.066,0.642,random
W_ENS_SMK_XX2_28,ENS,should be banned in restaurants,". Firstly ,",a restaurant is a public,64,0.066,0.642,random
W_ENS_PTJ_XX2_27,ENS,assist with future job prospects,". Unfortunately ,",due to the current economic,6,0.066,0.642,random
W_ENS_SMK_XX2_36,ENS,to a lone unextinguished cigarette,". Moreover ,",it 's the case that,54,0.066,0.642,random
W_JPN_SMK_B1_2_23,JPN,or in one 's car,". Surely ,",there are smoking seat and,13,0.066,0.642,random
W_JPN_SMK_B1_1_097,JPN,agree or disagree with this,"? Indeed ,",smoking causes many kinds of,1,0.066,0.642,random
W_JPN_SMK_A2_0_037,JPN,the restaurants in the country,". Actually ,",in many public place smoking,27,0.066,0.642,random
W_JPN_SMK_B1_1_060,JPN,separate space in the restaurant,". Then ,",nonsmokers can enjoy eating without,63,0.066,0.642,random
W_ENS_SMK_XX1_073,ENS,other chemicals contained within cigarettes,". Next ,",it is not fair to,36,0.066,0.642,random
W_JPN_SMK_B1_1_084,JPN,", children will burn themselves",". Moreover ,",smoking is bad for not,54,0.066,0.642,random
W_JPN_SMK_B1_1_059,JPN,were some people who smoked,". Then ,",our pleasant dinner was over,63,0.066,0.642,random
W_JPN_SMK_B1_1_129,JPN,adopt such a law immediately,". Then ,",everyone will be able to,63,0.066,0.642,random
W_JPN_SMK_A2_0_028,JPN,all the restaurant in Japan,". Firstly ,",there are many people who,64,0.066,0.642,random
W_JPN_PTJ_A2_0_052,JPN,work in a complex society,". Then ,",the more we have experience,63,0.066,0.642,random
W_JPN_SMK_B1_2_21,JPN,of smoke blows to me,". Finally ,",it is a moral problem,76,0.066,0.642,random
W_JPN_SMK_B1_1_145,JPN,causes cancer and other disease,". Actually ,",I have had a sore,27,0.066,0.642,random
W_ENS_PTJ_XX3_34,ENS,would have to function at,". Surprisingly ,",I find that many students,1,0.066,0.642,random
W_JPN_PTJ_B1_1_094,JPN,to get money for themselves,". Then ,",the age when one goes,63,0.066,0.642,random
W_JPN_PTJ_B1_1_017,JPN,have to work in community,". Then ,",if we do n't know,63,0.066,0.642,random
W_JPN_SMK_B1_1_126,JPN,that restaurants should avoid it,". Thirdly ,","generally speaking , societies as",25,0.066,0.642,random
W_JPN_PTJ_B1_2_10,JPN,after they graduate their college,". Then ,",experience of part time job,63,0.066,0.642,random
W_JPN_PTJ_B1_1_079,JPN,important to do job together,". Finally ,",we get money by having,76,0.066,0.642,random
W_JPN_SMK_A2_0_057,JPN,is harmful for their health,". Actually ,",smoking is said that it,27,0.066,0.642,random
W_ENS_PTJ_XX1_076,ENS,these problems after they graduate,". Lastly ,",a part time job is,21,0.066,0.642,random
W_JPN_PTJ_A2_0_102,JPN,"studying , or club activities",". Surely ,",money is important in our,13,0.066,0.642,random
W_ENS_PTJ_XX1_011,ENS,children at least through college,". Certainly ,",after they graduate student should,17,0.066,0.642,random
W_ENS_PTJ_XX3_33,ENS,be like are totally unrealistic,". Personally ,",I feel that many colleges,6,0.066,0.642,random
W_JPN_SMK_B1_2_37,JPN,smokin areas in the restaurants,". Fourth ,",I think smoking should be,3,0.066,0.642,random
W_ENS_PTJ_XX3_51,ENS,- time jobs or internships,". Firstly ,",they will be gaining real,64,0.066,0.642,random
W_JPN_PTJ_A2_0_077,JPN,two reasons on my opinion,". Firstly ,",we can use money right,64,0.066,0.642,random
W_ENS_PTJ_XX1_083,ENS,college is the perfect test,". Finally ,",students and people in general,76,0.066,0.642,random
W_JPN_PTJ_B1_1_041,JPN,chance to think of them,". Finally ,",you can come to know,76,0.066,0.642,random
W_JPN_PTJ_B1_1_124,JPN,for the above mentioned reasons,". Moreover ,",I think it is necessary,54,0.066,0.642,random
W_ENS_PTJ_XX2_37,ENS,also for their self esteem,". Additionally ,",for those who 's parents,5,0.066,0.642,random
W_JPN_PTJ_B1_2_07,JPN,person to be grown up,". Basically ,",college students depend on their,1,0.066,0.642,random
W_JPN_PTJ_A2_0_097,JPN,delicious foods at sushi restaurant,". Sometimes ,",there are some high ranked,1,0.066,0.642,random
W_ENS_PTJ_XX3_12,ENS,other areas of their lives,". Overall ,",they will either make it,4,0.066,0.642,random
W_JPN_PTJ_B1_2_23,JPN,usually the same as me,". Generally ,",high school students can not,5,0.066,0.642,random
W_JPN_PTJ_B1_2_43,JPN,reasons that I think so,". Naturally ,",the first reason is to,5,0.066,0.642,random
W_JPN_SMK_A2_0_069,JPN,bad influence on our health,". Moreover ,",it 's more dangerous than,54,0.066,0.642,random
W_JPN_PTJ_B1_1_141,JPN,student ca n't experience Internship,". Finally ,","students have to study ,",76,0.066,0.642,random
W_JPN_PTJ_B1_1_030,JPN,at a part time job,". Finally ,",we can freely spend money,76,0.066,0.642,random
W_JPN_SMK_B1_1_040,JPN,"like this smell , too",". Especially ,",I am having dinner .,24,0.066,0.642,random
W_ENS_PTJ_XX1_085,ENS,to take care of yourself,". Naturally ,",we need money to cover,5,0.066,0.642,random
W_JPN_SMK_A2_0_061,JPN,smoking area is only nonsense,". Finally ,",smoking should be banned not,76,0.066,0.642,random
W_JPN_SMK_B1_1_085,JPN,get angry instead of smokers,". Then ,",what do the restaurants should,63,0.066,0.642,random
W_JPN_PTJ_B1_1_051,JPN,making the interpersonal relationship known,". Thirdly ,","to work , we find",25,0.066,0.642,random
W_JPN_PTJ_B1_1_109,JPN,", we can earn money",". Perhaps ,",we have been given money,5,0.066,0.642,random
W_ENS_SMK_XX1_040,ENS,"affects most , the Japanese",". Nonetheless ,",I feel that I can,4,0.066,0.642,random
W_ENS_PTJ_XX2_39,ENS,great opportunities to start with,". Realistically ,",any job experience looks better,1,0.066,0.642,random
W_ENS_SMK_XX1_081,ENS,to go to a restaurant,". Often ,",modern ventilation systems are very,1,0.066,0.642,random
W_JPN_PTJ_B1_1_139,JPN,of course using her income,". Next ,",this experience becomes learning to,36,0.066,0.642,random
W_JPN_SMK_A2_0_076,JPN,was risked their own life,". Commonly ,",people know that smokers get,1,0.066,0.642,random
W_JPN_PTJ_B1_1_051,JPN,have a part time job,". Firstly ,",this is because we can,64,0.066,0.642,random
W_JPN_PTJ_B1_1_053,JPN,I work in cram school,". Finally ,",it is because we can,76,0.066,0.642,random
W_JPN_PTJ_B1_1_059,JPN,want to buy the cloths,". Next ,",a part time job is,36,0.066,0.642,random
W_JPN_SMK_A2_0_059,JPN,flavor of food and drinks,". Finally ,",I would have to say,76,0.066,0.642,random
W_JPN_PTJ_B2_0_01,JPN,there are two big reasons,". Firstly ,",we can get money .,64,0.066,0.642,random
W_JPN_SMK_B1_1_034,JPN,is banned in public place,". Especially ,",it trend to prohibit smoking,24,0.066,0.642,random
W_JPN_SMK_B1_1_054,JPN,have even one good point,". Moreover ,",smoking is harmful for other,54,0.066,0.642,random
W_JPN_SMK_B1_1_051,JPN,noticed after giving up smoking,". Firstly ,",the smoke hurts health of,64,0.066,0.642,random
W_ENS_SMK_XX1_025,ENS,for doing something they love,". Next ,","for many smokers , having",36,0.066,0.642,random
W_JPN_PTJ_B1_2_45,JPN,jobs and last is conclusion,. First ;,"definition , having part time",1,0.066,0.642,random
W_JPN_SMK_B1_2_14,JPN,spaces and non smoking spaces,". Moreover ,",some restaurants ban smoking itself,54,0.066,0.642,random
W_JPN_SMK_B1_2_45,JPN,spares them time and money,". Moreover ,",smoking in a restaurant is,54,0.066,0.642,random
W_JPN_SMK_B1_2_09,JPN,pack of cigarette in Japan,". Then ,",how about extinguishing cigarettes ?,63,0.066,0.642,random
W_ENS_PTJ_XX2_41,ENS,will increase their advantage slightly,". Naturally ,",the extra money can provide,5,0.066,0.642,random
W_JPN_SMK_B1_1_049,JPN,will be broken their health,". Thirdly ,",dishes become not delicious by,25,0.066,0.642,random
W_JPN_PTJ_B1_1_110,JPN,job are influenced their future,". Especially ,",I think skill of communication,24,0.066,0.642,random
W_JPN_SMK_A2_0_043,JPN,cancer is nearly same probability,". Accordingly ,",I agree with the idea,5,0.066,0.642,random
W_JPN_SMK_A2_0_143,JPN,to smoke in public places,". Then ,",we need to consider about,63,0.066,0.642,random
W_JPN_SMK_B1_1_087,JPN,"Second , throwing tobacco away",". Nowadays ,",trash problem have become biger,7,0.066,0.642,random
W_JPN_PTJ_B2_0_07,JPN,damages for students ' health,". Finally ,",students tend to waste of,76,0.066,0.642,random
W_JPN_SMK_B1_2_08,JPN,for the same reason above,". Moreover ,",side stream include more dangerous,54,0.066,0.642,random
W_JPN_SMK_A2_0_055,JPN,the restaurants in the country,". Roughly ,",I have two reasons to,1,0.066,0.642,random
W_JPN_SMK_A2_0_125,JPN,as harmful and annoyance recently,". Certainly ,",smoke of smoking do harm,17,0.066,0.642,random
W_JPN_SMK_B1_1_117,JPN,true taste of the cooking,". Finally ,",a smoking rate may fall,76,0.066,0.642,random
W_JPN_PTJ_B1_1_118,JPN,n't want to study only,". Then ,","we belong to club ,",63,0.066,0.642,random
W_JPN_PTJ_A2_0_030,JPN,the economy become more active,". Conversely ,",I think also a disadvantage,3,0.066,0.642,random
W_JPN_SMK_A2_0_055,JPN,. It is so crazy,"! So ,",we need not think about,3,0.066,0.642,random
W_JPN_SMK_B1_2_11,JPN,higher than not smoking people,". Especially ,",it affection is dangerous for,24,0.066,0.642,random
W_JPN_PTJ_A2_0_139,JPN,. It was a restaurant,". Sadly ,",I quitted this job only,2,0.066,0.642,random
W_JPN_PTJ_B1_1_003,JPN,to practice for the future,". Lastly ,",for companies to save money,21,0.066,0.642,random
W_ENS_PTJ_XX3_38,ENS,numbers in the dollar sense,". Further ,",I would say that there,2,0.066,0.642,random
W_JPN_SMK_B2_0_11,JPN,because of second hand smoke,". Lastly ,",a restaurant is one of,21,0.066,0.642,random
W_JPN_SMK_B1_1_091,JPN,"course , we say no",". Equally ,",it must n't be allowed,1,0.066,0.642,random
W_JPN_SMK_B2_0_06,JPN,dishes without confused by smoke,". Moreover ,",nowadays the number of people,54,0.066,0.642,random
W_JPN_PTJ_B1_1_134,JPN,we can utilize this knowledge,". Certainly ,",we can make money by,17,0.066,0.642,random
W_JPN_PTJ_A2_0_123,JPN,have a part time job,". Certainly ,",some people disagree this idea,17,0.066,0.642,random
W_ENS_PTJ_XX2_29,ENS,into their precious study time,". Personally ,",I do n't think that,6,0.066,0.642,random
W_ENS_SMK_XX1_076,ENS,where they will get caught,". Next ,",I agree that it is,36,0.066,0.642,random
W_JPN_SMK_B1_1_144,JPN,not avoid smoke coming up,". Then ,",passive smoking is a great,63,0.066,0.642,random
W_ENS_PTJ_XX1_059,ENS,detract from your overall health,". Finally ,",many of us college students,76,0.066,0.642,random
W_JPN_SMK_A2_0_116,JPN,from smokers in the restaurant,"? Moreover ,",it is certain that we,1,0.066,0.642,random
W_JPN_PTJ_B1_1_115,JPN,getting along well with people,". Moreover ,",they experience a lot of,54,0.066,0.642,random
W_JPN_PTJ_A2_0_141,JPN,to do the two things,". Probably ,",such students will not be,8,0.066,0.642,random
W_ENS_PTJ_XX3_18,ENS,a part - time job,". Indeed ,","upon graduating from university ,",16,0.066,0.642,random
W_JPN_SMK_B1_1_009,JPN,both smokers and non smokers,". Especially ,",the disease is cancer .,24,0.066,0.642,random
W_JPN_SMK_B1_1_045,JPN,smoking is annoying to me,". Especially ,","the smog of cigarette """,24,0.066,0.642,random
W_JPN_SMK_B1_1_016,JPN,"friends , fellows or family",". Actually ,",smokers probably want to smoke,27,0.066,0.642,random
W_JPN_PTJ_B1_1_053,JPN,. I have four reasons,". Firstly ,",as I have a part,64,0.066,0.642,random
W_ENS_PTJ_XX1_023,ENS,keep up with their peers,". Next ,",college students these days probably,36,0.066,0.642,random
W_JPN_PTJ_B1_2_11,JPN,or buy what they want,". Finally ,",they come to know the,76,0.066,0.642,random
W_JPN_SMK_A2_0_066,JPN,lunch or dinner and talking,". Then ,",if they smoke at a,63,0.066,0.642,random
W_JPN_PTJ_B1_1_145,JPN,reasons that I think so,". Firstly ,",I think that to have,64,0.066,0.642,random
W_JPN_SMK_A2_0_075,JPN,in the space being smoke,". Certainly ,",smoker have feeling to want,17,0.066,0.642,random
W_JPN_PTJ_B1_2_35,JPN,wastes time and her energy,". Finaly ,",college students can meet and,4,0.066,0.642,random
W_ENS_PTJ_XX1_072,ENS,and produce higher quality work,". Finally ,",students to engage in part,76,0.066,0.642,random
W_JPN_PTJ_A2_0_071,JPN,"sense , and so on",". Then ,",human relations spread . Besides,63,0.066,0.642,random
W_JPN_SMK_A2_0_024,JPN,the restaurants in the country,". Actually ,",when I went to a,27,0.066,0.642,random
W_JPN_SMK_B1_1_115,JPN,savoring their dishes to smoke,". Moreover ,",smoking causes the adhesion of,54,0.066,0.642,random
W_JPN_SMK_B1_1_118,JPN,restaurant loses in many ways,". Perhaps ,",there are people who say,5,0.066,0.642,random
W_JPN_SMK_B1_1_014,JPN,I disagree with the statement,". Certainly ,",it is said that the,17,0.066,0.642,random
W_JPN_SMK_A2_0_004,JPN,much because of the smoke,". Thirdly ,","students , such as junior",25,0.066,0.642,random
W_JPN_SMK_B1_2_18,JPN,get low earnings than ever,". Meanwhile ,",the people who do n't,1,0.066,0.642,random
W_JPN_PTJ_B1_1_122,JPN,they can go to college,". Actually ,",I started to live alone,27,0.066,0.642,random
W_JPN_SMK_A2_0_004,JPN,reasons to support my opinion,". Firstly ,",many people go to the,64,0.066,0.642,random
W_JPN_PTJ_B1_2_03,JPN,reasons to support my stance,". Firstly ,",a part time job is,64,0.066,0.642,random
W_JPN_PTJ_B1_1_062,JPN,some university students live alone,". Then ,",they ca n't eat foods,63,0.066,0.642,random
W_JPN_PTJ_B1_1_039,JPN,importance of cooperating with them,". Finally ,",college students can prepare for,76,0.066,0.642,random
W_JPN_SMK_B1_1_139,JPN,"dishes , in various time",". Possibly ,",some people hate smoking .,1,0.066,0.642,random
W_JPN_SMK_B1_1_108,JPN,n't eat dinner at restaurant,". Then ,",non smokers should suggest that,63,0.066,0.642,random
W_JPN_PTJ_B1_2_21,JPN,encouraged by this hearty word,". Finally ,",I learned how pleasing to,76,0.066,0.642,random
W_ENS_PTJ_XX1_008,ENS,have a part time job,". Finally ,",in some cases a part,76,0.066,0.642,random
W_JPN_SMK_B1_1_109,JPN,or throw away a cigarette,". Sadly ,","however , there are few",2,0.066,0.642,random
W_ENS_SMK_XX2_30,ENS,in order to remain solvent,". Currently ,",many people wish to smoke,2,0.066,0.642,random
W_JPN_SMK_B1_1_166,JPN,because there are two reasons,". Firstly ,",a cigarette does harm not,64,0.066,0.642,random
W_JPN_PTJ_A2_0_030,JPN,time life and so on,". Fourth ,",you can contribute to the,3,0.066,0.642,random
W_JPN_SMK_A2_0_130,JPN,of smoking is only pain,". Actually ,",you see the scene smokers,27,0.066,0.642,random
W_JPN_PTJ_A2_0_076,JPN,join a little in society,". Finaly ,",college students can earn through,4,0.066,0.642,random
W_ENS_PTJ_XX1_074,ENS,part time work for students,". Personally ,",my college does a great,6,0.066,0.642,random
W_ENS_SMK_XX1_095,ENS,and fall apart without these,". Clearly ,",restaurants are places where customers,4,0.066,0.642,random
W_JPN_SMK_B1_1_041,JPN,smoke widen throughout the floor,". Moreover ,",you can do harm much,54,0.066,0.642,random
W_JPN_SMK_A2_0_131,JPN,smoke and people feel unpleasant,". Then ,",they can no longer enjoy,63,0.066,0.642,random
W_JPN_PTJ_A2_0_058,JPN,reasons why I think so,". Firstly ,",it is because college students,64,0.066,0.642,random
W_JPN_PTJ_B1_1_099,JPN,to raise them until now,". Finally ,",they can challenge various things,76,0.066,0.642,random
W_JPN_PTJ_B1_1_052,JPN,have a part time job,". Firstly ,",you should think every student,64,0.066,0.642,random
W_JPN_PTJ_B2_0_15,JPN,not continue the job long,". Next ,",college students should learn worth,36,0.066,0.642,random
W_JPN_SMK_A2_0_113,JPN,moment without taking a smoke,". Finally ,",when someone takes a smoke,76,0.066,0.642,random
W_ENS_SMK_XX1_017,ENS,the worst ways to go,". Unfortunately ,",smoking is highly addictive and,6,0.066,0.642,random
W_JPN_PTJ_A2_0_108,JPN,have a part time job,". Finally ,","I think , it is",76,0.066,0.642,random
W_JPN_PTJ_B1_1_179,JPN,are far older than me,". Next ,",the way to spend our,36,0.066,0.642,random
W_JPN_SMK_B1_1_044,JPN,"adults , who dislike smoke",". Lastly ,",at restaurants there are many,21,0.066,0.642,random
W_JPN_SMK_B1_2_14,JPN,of non smokers ' ideas,". Certainly ,",if the situation wo n't,17,0.066,0.642,random
W_JPN_SMK_B1_1_118,JPN,to a lot of people,". Finally ,",I think they should stop,76,0.066,0.642,random
W_JPN_PTJ_A2_0_028,JPN,during you are the student,". Next ,",please imagine you are a,36,0.066,0.642,random
W_JPN_PTJ_B1_1_067,JPN,should have experiences about working,". Certainly ,",studying and doing hobbies are,17,0.066,0.642,random
W_ENS_SMK_XX2_24,ENS,you starts kicking your chair,"? So ,",how can anyone enjoy the,1,0.066,0.642,random
W_JPN_PTJ_B1_1_056,JPN,to talk with people actively,". Fortunately ,",I like talking very much,3,0.066,0.642,random
W_JPN_PTJ_A2_0_034,JPN,is important for college students,". Actually ,",I am working part time,27,0.066,0.642,random
W_ENS_PTJ_XX3_03,ENS,hand than it already is,". Clearly ,",these kids want to study,4,0.066,0.642,random
W_JPN_PTJ_A2_0_150,JPN,the money from their parents,". Generally ,",such life does n't teach,5,0.066,0.642,random
W_JPN_PTJ_B1_1_026,JPN,of the society by working,". Finally ,",I think we must help,76,0.066,0.642,random
W_JPN_PTJ_A2_0_037,JPN,opportunity to know many persons,". Actually ,",I make some friends through,27,0.066,0.642,random
W_JPN_SMK_B1_1_047,JPN,right should not be respected,". Particularly ,",in a restaurant which people,2,0.066,0.642,random
W_ENS_SMK_XX1_030,ENS,of everyone around the smoker,". Finally ,",cigarette smoke smells very bad,76,0.066,0.642,random
W_ENS_SMK_XX2_20,ENS,are four reasons for this,". Firstly ,",smoking is bad for health,64,0.066,0.642,random
W_JPN_PTJ_A2_0_104,JPN,agree on working part time,". Firstly ,","in university , we can",64,0.066,0.642,random
W_JPN_PTJ_A2_0_021,JPN,many people and so on,". Then ,",they experience working in the,63,0.066,0.642,random
W_JPN_SMK_A2_0_125,JPN,friend must not feel comfortable,". Similarly ,",people hate smoke and odor,1,0.066,0.642,random
W_JPN_SMK_A2_0_003,JPN,take it in their body,". Moreover ,",smoke smell very bad and,54,0.066,0.642,random
W_JPN_SMK_B1_1_091,JPN,music dropped from the earphones,". Naturally ,",on the train people have,5,0.066,0.642,random
W_ENS_PTJ_XX1_087,ENS,. I 'll give three,". Firstly ,",the experience gained from working,64,0.066,0.642,random
W_JPN_SMK_B1_1_157,JPN,when people walk with smoke,". Finally ,",Smoking sometimes wound others badly,76,0.066,0.642,random
W_JPN_SMK_A2_0_033,JPN,the restaurants in the country,". Certainly ,",Smoking makes air dirty and,17,0.066,0.642,random
W_JPN_PTJ_B1_1_157,JPN,time job by college students,". Firstly ,",it is important for college,64,0.066,0.642,random
W_JPN_PTJ_B1_1_155,JPN,student have part time job,"? Certainly ,",first of all that college,1,0.066,0.642,random
W_ENS_PTJ_XX1_097,ENS,the tables in Las Vegas,". Currently ,",there is a nationwide boom,2,0.066,0.642,random
W_JPN_SMK_A2_0_041,JPN,people to stay without constraint,". Surely ,",nonsmokers are likely to hate,13,0.066,0.642,random
W_ENS_SMK_XX1_036,ENS,this part of the experience,". Next ,",smoking is a very expensive,36,0.066,0.642,random
W_JPN_PTJ_B1_2_45,JPN,working styles as we like,". Moreover ,",we can communicate with many,54,0.066,0.642,random
W_ENS_SMK_XX2_18,ENS,they do not even know,". Accordingly ,",it would make sense to,5,0.066,0.642,random
W_JPN_SMK_A2_0_063,JPN,they stop smoking with me,". Particularly ,",when we have lunch together,2,0.066,0.642,random
W_JPN_PTJ_A2_0_137,JPN,want to teach or tell,". Next ,",I think that too high,36,0.066,0.642,random
W_JPN_PTJ_A2_0_002,JPN,hard earning and thank parents,". Thirdly ,",we can use payments of,25,0.066,0.642,random
W_JPN_SMK_B1_1_003,JPN,it comes to smell tobacco,". Then ,",how do you feel ?,63,0.066,0.642,random
W_ENS_SMK_XX1_060,ENS,will not harm anyone else,". Next ,",smokers can do themselves a,36,0.066,0.642,random
W_JPN_SMK_B1_1_144,JPN,dangerous than we usually consider,". Actually ,",smokers have troubled non smokers,27,0.066,0.642,random
W_ENS_PTJ_XX1_016,ENS,and there time in college,". Surely ,",it is more appropriate for,13,0.066,0.642,random
W_ENS_SMK_XX3_27,ENS,citizens ( and diners ),". Regrettably ,","however , relying on the",1,0.066,0.642,random
W_JPN_SMK_B1_1_051,JPN,the person smoking feeling bad,". Thirdly ,",the smoke of the cigarette,25,0.066,0.642,random
W_JPN_PTJ_A2_0_137,JPN,friends or to buy clothes,". Especially ,",students who live alone have,24,0.066,0.642,random
W_ENS_PTJ_XX2_15,ENS,are three reasons for this,". Firstly ,",the years spent at university,64,0.066,0.642,random
W_JPN_SMK_A2_0_094,JPN,prevent us from enjoying that,". Perhaps ,",there may be those saying,5,0.066,0.642,random
W_JPN_PTJ_B1_1_057,JPN,advantages of working part time,". Firstly ,",students can come into contact,64,0.066,0.642,random
W_JPN_PTJ_A2_0_052,JPN,reasons why I think so,". Firstly ,",a part time job is,64,0.066,0.642,random
W_JPN_PTJ_B1_1_051,JPN,take various advices from them,". Finally ,",I think we can learn,76,0.066,0.642,random
W_JPN_PTJ_B1_1_167,JPN,or drinking with your friends,". Ofcourse ,",it is very important to,1,0.066,0.642,random
W_ENS_SMK_XX2_30,ENS,for the following three reasons,". Firstly ,",smoking is not illegal in,64,0.066,0.642,random
W_JPN_PTJ_B1_1_179,JPN,what we want to do,". Moreover ,",having a part time job,54,0.066,0.642,random
W_JPN_SMK_A2_0_087,JPN,between smokers and no smokers,". Then ,",both smokers and no smokers,63,0.066,0.642,random
W_JPN_PTJ_B1_1_002,JPN,college are almost same age,". Probably ,",there are another college student,8,0.066,0.642,random
W_ENS_SMK_XX1_063,ENS,government is supposed to do,". Finally ,",we have to remember that,76,0.066,0.642,random
W_JPN_PTJ_A2_0_008,JPN,ten years for old man,". Actually ,",the period which is spend,27,0.066,0.642,random
W_JPN_PTJ_B1_1_145,JPN,""" real "" "" job",". Actually ,",I have had two kinds,27,0.066,0.642,random
W_JPN_SMK_B1_1_090,JPN,and the taste very well,". Moreover ,",they may feel uncomfortable .,54,0.066,0.642,random
W_JPN_PTJ_A2_0_028,JPN,have a part time job,". Firstly ,",I thing we had better,64,0.066,0.642,random
W_JPN_PTJ_B1_1_065,JPN,very happy to meet them,". Then ,",I like to talk with,63,0.066,0.642,random
W_JPN_PTJ_B1_1_044,JPN,ca n't live without money,". Lastly ,",we can make good human,21,0.066,0.642,random
W_ENS_PTJ_XX3_19,ENS,understanding of their future field,". Overall ,",I believe that focusing their,4,0.066,0.642,random
W_JPN_PTJ_B1_1_016,JPN,can store money for them,". Sixth ,",they have a lot of,1,0.066,0.642,random
W_ENS_SMK_XX1_056,ENS,"heart disease , and emphysema",". Accordingly ,",it should not be allowed,5,0.066,0.642,random
W_ENS_SMK_XX2_20,ENS,the wrong signal to children,". Thirdly ,",smoking affects the taste of,25,0.066,0.642,random
W_JPN_PTJ_B1_1_057,JPN,only after working by themselves,". Thirdly ,",students will learn important things,25,0.066,0.642,random
W_JPN_SMK_B1_1_175,JPN,does harm to other people,". Moreover ,",they have a right that,54,0.066,0.642,random
W_JPN_SMK_A2_0_008,JPN,is not always bringing travels,". Actually ,",some people do n't like,27,0.066,0.642,random
W_JPN_PTJ_B1_1_084,JPN,on their parents very much,". Moreover ,",they are able to understand,54,0.066,0.642,random
W_JPN_SMK_B2_0_07,JPN,reasons to support my opinion,". Firstly ,",to ban smoking at all,64,0.066,0.642,random
W_ENS_PTJ_XX3_10,ENS,not be useful work experience,". Usually ,",college students are working part,2,0.066,0.642,random
W_ENS_SMK_XX1_039,ENS,lives of people around them,". Clearly ,",this second case is much,4,0.066,0.642,random
W_JPN_SMK_B1_1_046,JPN,people around the smoking people,". Surely ,",there are the spaces which,13,0.066,0.642,random
W_ENS_SMK_XX1_054,ENS,to offer on this situation,". Personally ,",I find it very offensive,6,0.066,0.642,random
W_JPN_PTJ_A2_0_067,JPN,part time workers and consumers,". Then ,",we can develop the skill,63,0.066,0.642,random
W_JPN_SMK_B1_2_39,JPN,to other people 's clothes,". Moreover ,","it sticks to seats ,",54,0.066,0.642,random
W_JPN_PTJ_A2_0_062,JPN,not for all college students,". Indeed ,",having a job in one,16,0.066,0.642,random
W_JPN_PTJ_A2_0_109,JPN,a member of our society,". Moreover ,",college students have much free,54,0.066,0.642,random
W_JPN_PTJ_A2_0_146,JPN,", Arigatougozaimasita ! to customers",". Next ,","in yamucha restaurant , I",36,0.066,0.642,random
W_ENS_SMK_XX1_100,ENS,the greater scheme of things,". Indeed ,",it is entirely likely the,16,0.066,0.642,random
W_ENS_PTJ_XX1_094,ENS,in his / her field,". Finally ,",if a student is ideal,76,0.066,0.642,random
W_JPN_PTJ_A2_0_076,JPN,and inputed names and adresses,". Then ,",I surely join a little,63,0.066,0.642,random
W_JPN_SMK_B1_1_095,JPN,Nobody can disturb their leisure,". Indeed ,",smoking harms human 's health,16,0.066,0.642,random
W_JPN_PTJ_B1_1_124,JPN,"various people increases , too",". Actually ,",knowing the importance of money,27,0.066,0.642,random
W_JPN_SMK_A2_0_125,JPN,people hate smoke and odor,". Especially ,","in the restaurants , cleanness",24,0.066,0.642,random
W_JPN_PTJ_B1_1_144,JPN,before working in the society,". Actually ,",I felt so by having,27,0.066,0.642,random
W_JPN_SMK_B1_1_124,JPN,"is negatively affected , too",". Next ,",I will describe what adverse,36,0.066,0.642,random
W_JPN_PTJ_B1_1_056,JPN,no idea to teach them,". Then ,",I make a point of,63,0.066,0.642,random
W_JPN_SMK_B1_2_16,JPN,non smoker having uncomfortable feelings,". Indeed ,",if I were a smoker,16,0.066,0.642,random
W_JPN_SMK_A2_0_092,JPN,to people who surrounded him,". Namely ,",smokers who smoke in a,2,0.066,0.642,random
W_JPN_PTJ_A2_0_076,JPN,. There are three reasons,". Firstly ,",college students can answer for,64,0.066,0.642,random
W_JPN_PTJ_B1_1_176,JPN,job is lost much money,". Actually ,",I did n't have a,27,0.066,0.642,random
W_JPN_PTJ_B1_2_36,JPN,college students want to do,". Firstly ,",I will explain why part,64,0.066,0.642,random
W_JPN_PTJ_B1_2_31,JPN,n't live without human relations,". Actually ,",I have few colleagues to,27,0.066,0.642,random
W_ENS_PTJ_XX1_055,ENS,to make decisions for themselves,". Next ,",many students need to make,36,0.066,0.642,random
W_JPN_PTJ_B1_1_163,JPN,at things with new eyes,". Conclusingly ,",college students should work for,1,0.066,0.642,random
W_JPN_PTJ_B1_1_091,JPN,use this much time for,"? First ,",I think that we should,1,0.066,0.642,random
W_JPN_PTJ_B1_1_055,JPN,to glow through these experiences,". Finally ,",they will be able to,76,0.066,0.642,random
W_JPN_PTJ_B1_1_090,JPN,drinks . I respect him,". Certainly ,","for college students , the",17,0.066,0.642,random
W_JPN_PTJ_A2_0_041,JPN,'s main occupation is study,". Surely ,",it is right . If,13,0.066,0.642,random
W_JPN_PTJ_B1_1_088,JPN,we choose in the future,". Thirdly ,",we need to think of,25,0.066,0.642,random
W_JPN_PTJ_B1_1_042,JPN,when they are in trouble,". Finally ,",if now they can learn,76,0.066,0.642,random
W_JPN_PTJ_B1_1_084,JPN,something they want by themselves,". Indeed ,",their parents spend much money,16,0.066,0.642,random
W_JPN_PTJ_B2_0_04,JPN,college students to know themselves,". Next ,",it is important to speak,36,0.066,0.642,random
W_JPN_SMK_B1_1_164,JPN,banned at all the restaurants,". Generally ,",restaurant is where people eat,5,0.066,0.642,random
W_ENS_SMK_XX2_28,ENS,will be difficult to survive,". Additionally ,",some do not have the,5,0.066,0.642,random
W_JPN_PTJ_A2_0_005,JPN,hear many kinds of advice,". Finally ,",it is able to practice,76,0.066,0.642,random
W_JPN_PTJ_A2_0_028,JPN,can not use it well,". Finally ,",money can help us make,76,0.066,0.642,random
W_ENS_SMK_XX1_035,ENS,be off limits to smoking,". Finally ,",restaurants that have no particular,76,0.066,0.642,random
W_ENS_PTJ_XX1_080,ENS,this is a good idea,". Firstly ,",a college education is a,64,0.066,0.642,random
W_JPN_PTJ_B1_2_29,JPN,acquired in their school days,"! Third ,",they can learn the systems,2,0.066,0.642,random
W_JPN_SMK_A2_0_071,JPN,like this at the restaurants,". Moreover ,",passive smoking is harmful for,54,0.066,0.642,random
W_JPN_SMK_B1_2_35,JPN,. There are three reasons,". Firstly ,",it is because that some,64,0.066,0.642,random
W_ENS_PTJ_XX2_40,ENS,the way of their studies,". Obviously ,",there are many students who,3,0.066,0.642,random
W_JPN_SMK_B1_1_101,JPN,not to bless the smoke,". Certainly ,",there is an argument that,17,0.066,0.642,random
W_JPN_PTJ_B1_2_07,JPN,well as their parents have,". Next ,",what I want to tell,36,0.066,0.642,random
W_JPN_SMK_A2_0_096,JPN,. And I turn irritated,". Finally ,",I come to be able,76,0.066,0.642,random
W_JPN_SMK_A2_0_076,JPN,an unpleasant smell to nonsmokers,". Especially ,",nonsmokers are displeased with smoke,24,0.066,0.642,random
W_ENS_SMK_XX1_017,ENS,by smoking in public places,". Finally ,",smoking is very expensive .,76,0.066,0.642,random
W_JPN_SMK_A2_0_104,JPN,. I have three reasons,". Firstly ,",smoking is not healthy .,64,0.066,0.642,random
W_JPN_SMK_B1_2_07,JPN,their dinner due to smoke,". Finally ,",I will tell you for,76,0.066,0.642,random
W_JPN_SMK_B1_1_125,JPN,would not have any trouble,". Fortunately ,","in Japan , most of",3,0.066,0.642,random
W_JPN_PTJ_B1_2_19,JPN,thinking and point of view,". Actually ,",it was really interesting for,27,0.066,0.642,random
W_JPN_SMK_A2_0_152,JPN,smoking is annoying to me,". Especially ,","the smog of cigarette """,24,0.066,0.642,random
W_ENS_SMK_XX2_24,ENS,the effect of the movie,"? Next ,",you are on a long,1,0.066,0.642,random
W_ENS_SMK_XX2_28,ENS,invest in expensive ventilation equipment,". Thirdly ,",there are thousands of restaurants,25,0.066,0.642,random
W_JPN_SMK_B1_1_059,JPN,become disease by passive smoking,". Especially ,",it is not good for,24,0.066,0.642,random
W_JPN_PTJ_B2_0_11,JPN,. There are three reasons,". Firstly ,",we can know what society,64,0.066,0.642,random
W_JPN_SMK_A2_0_064,JPN,also do n't like it,". Moreover ,",because of the smell of,54,0.066,0.642,random
W_JPN_SMK_A2_0_057,JPN,have two reasons for this,". Firstly ,","recently in Japan , most",64,0.066,0.642,random
W_JPN_PTJ_A2_0_065,JPN,language study or specialty study,". Naturally ,","club activity , circle activity",5,0.066,0.642,random
W_JPN_PTJ_B1_1_051,JPN,for having brought us up,". Fourthly ,",we get the opportunities to,1,0.066,0.642,random
W_JPN_PTJ_A2_0_147,JPN,have a part time job,"! Second ,",we can know social manners,1,0.066,0.642,random
W_JPN_SMK_A2_0_052,JPN,are very precious valuable things,". Thirdly ,",the prohibition of smoking is,25,0.066,0.642,random
W_JPN_PTJ_A2_0_076,JPN,which is for short term,". Before ,",I have worked on the,2,0.066,0.642,random
W_JPN_SMK_A2_0_126,JPN,at all the public place,". Especially ,","in restaurants , smoking should",24,0.066,0.642,random
W_JPN_PTJ_B1_1_059,JPN,some money from our parents,". Then ,",we used the money without,63,0.066,0.642,random
W_JPN_PTJ_A2_0_097,JPN,we can be friends easily,". Especially ,",one girl is my classmate,24,0.066,0.642,random
W_JPN_SMK_B1_1_055,JPN,expense to provide their seats,". Finally ,",if you think that smoking,76,0.066,0.642,random
W_ENS_SMK_XX2_36,ENS,are a clear fire hazard,". Indeed ,",many buildings have been set,16,0.066,0.642,random
W_JPN_PTJ_A2_0_052,JPN,", the better we are",". Thirdly ,",to do a part time,25,0.066,0.642,random
W_JPN_SMK_A2_0_106,JPN,health but also nonsmokers ',". Then ,",what can we do for,63,0.066,0.642,random
W_JPN_SMK_B1_1_053,JPN,bans from smoking is convenient,". Optionally ,",employees who hate smoke are,1,0.066,0.642,random
W_JPN_PTJ_B1_1_117,JPN,are three reasons for this,". Firstly ,",we can learn what I,64,0.066,0.642,random
W_JPN_PTJ_B1_1_081,JPN,", existing a seniority system",". Moreover ,","they must notice "" lie",54,0.066,0.642,random
W_JPN_PTJ_B2_0_07,JPN,reasons to support my opinion,". Firstly ,",students can not concentrate on,64,0.066,0.642,random
W_JPN_PTJ_B1_2_20,JPN,so I kept teaching mathematics,". Fortunately ,",his grade became good .,3,0.066,0.642,random
W_JPN_PTJ_B2_0_06,JPN,", ca n't do so",". Especially ,",students of national college are,24,0.066,0.642,random
W_JPN_SMK_B1_1_118,JPN,think they should stop smoking,". Then ,",all the people become healthy,63,0.066,0.642,random
W_JPN_PTJ_A2_0_059,JPN,hard works to earn money,". Lastly ,",while we are in college,21,0.066,0.642,random
W_JPN_SMK_A2_0_004,JPN,they could begin to smoke,". Lastly ,","in these days , there",21,0.066,0.642,random
W_JPN_PTJ_B1_2_31,JPN,have a part time job,". Lastly ,",we can construct strong human,21,0.066,0.642,random
W_JPN_PTJ_A2_0_150,JPN,how hard to earn money,". Probably ,",they lead the comfortable life,8,0.066,0.642,random
W_JPN_SMK_B1_2_35,JPN,who are around them troubles,". Thirdly ,",it is because that increasing,25,0.066,0.642,random
W_JPN_PTJ_A2_0_069,JPN,they graduate from the college,". Generally ,",it 's a difficult task,5,0.066,0.642,random
W_JPN_PTJ_A2_0_075,JPN,money and living by themselves,". Lastly ,","in school life , student",21,0.066,0.642,random
W_ENS_PTJ_XX1_061,ENS,helped me get so far,". Next ,","other students , your professors",36,0.066,0.642,random
W_JPN_PTJ_A2_0_079,JPN,money is very very difficult,"!! Second ,",I can communicate many kind,1,0.066,0.642,random
W_JPN_PTJ_A2_0_131,JPN,", there are some problems",". Firstly ,",we should not have too,64,0.066,0.642,random
W_JPN_PTJ_B1_1_131,JPN,have a part time job,". Indeed ,",the most important thing for,16,0.066,0.642,random
W_JPN_PTJ_B1_2_11,JPN,students around me are working,". Mainly ,",they work for their living,1,0.066,0.642,random
W_JPN_PTJ_B1_1_176,JPN,able to enjoy our life,". Indeed ,",we may be restricted our,16,0.066,0.642,random
W_JPN_PTJ_B1_1_027,JPN,and yourself and think carefully,". Actually ,",we are happy to make,27,0.066,0.642,random
W_JPN_PTJ_B1_1_113,JPN,is not good for students,". Firstly ,",students ' main occupation is,64,0.066,0.642,random
W_JPN_SMK_A2_0_138,JPN,and still they are increasing,". Indeed ,",we can not regard it,16,0.066,0.642,random
